key_id,press_time,release_time
m,1789656787.8745399,1789656787.9731987
a,1789656787.9811983,1789656788.0750456
n,1789656788.0948918,1789656788.1930318
y,1789656788.2411594,1789656788.2913334
t,1789656788.2301674,1789656788.3273787
Key.space,1789656788.3288867,1789656788.4566603
Key.backspace,1789656788.6954138,1789656788.7737045
Key.backspace,1789656788.8459036,1789656788.9545696
Key.backspace,1789656789.0711648,1789656789.1471434
y,1789656789.173877,1789656789.2834198
Key.space,1789656789.5159326,1789656789.6265967
e,1789656789.7814586,1789656789.8985822
v,1789656789.8930874,1789656789.985276
e,1789656790.0467126,1789656790.173869
n,1789656790.1325111,1789656790.2506437
Key.space,1789656790.3179185,1789656790.4367626
h,1789656790.46803,1789656790.545953
e,1789656790.4983838,1789656790.6427107
r,1789656790.7263994,1789656790.7635727
e,1789656790.8443072,1789656790.9973536
Key.space,1789656791.0023475,1789656791.2197874
y,1789656791.1922746,1789656791.3194172
o,1789656791.264975,1789656791.3441033
u,1789656791.4617443,1789656791.5261457
Key.space,1789656791.5398698,1789656791.655957
p,1789656791.7267156,1789656791.8221226
e,1789656791.8046672,1789656791.8659081
r,1789656791.9587383,1789656792.0669427
s,1789656792.0789483,1789656792.168022
o,1789656792.1555855,1789656792.233424
n,1789656792.3488517,1789656792.4162436
Key.space,1789656792.437242,1789656792.5550277
b,1789656792.6508129,1789656792.745191
u,1789656792.765066,1789656792.8370354
t,1789656792.8964975,1789656792.9986362
Key.space,1789656793.0148134,1789656793.12843
m,1789656793.117905,1789656793.1959612
a,1789656793.223009,1789656793.3412447
n,1789656793.3254035,1789656793.4076629
y,1789656793.464311,1789656793.5783894
Key.space,1789656793.6879554,1789656793.7939968
w,1789656793.804436,1789656793.9212089
i,1789656793.885542,1789656793.9788237
l,1789656794.0971947,1789656794.1617708
l,1789656794.22856,1789656794.3055441
Key.space,1789656794.2817192,1789656794.4233375
c,1789656794.3711662,1789656794.503899
o,1789656794.4333363,1789656794.5120256
m,1789656794.6080728,1789656794.6999543
e,1789656794.6596248,1789656794.8179083
Key.space,1789656794.8041532,1789656794.91002
i,1789656794.922181,1789656795.0421095
t,1789656795.0206535,1789656795.1419585
Key.space,1789656795.1886015,1789656795.3107197
f,1789656795.2620075,1789656795.374117
o,1789656795.4112415,1789656795.4919589
r,1789656795.464256,1789656795.5638669
Key.space,1789656795.5683753,1789656795.677961
w,1789656795.6699693,1789656795.8049903
i,1789656795.8384054,1789656795.9258513
t,1789656796.0224624,1789656796.1445315
h,1789656796.1505299,1789656796.236534
Key.space,1789656796.2580862,1789656796.3781931
w,1789656796.351143,1789656796.4807055
h,1789656796.4597068,1789656796.532853
i,1789656796.6411734,1789656796.7285035
c,1789656796.7533994,1789656796.8667204
h,1789656796.8516955,1789656796.913135
Key.space,1789656796.8812299,1789656797.0127172
n,1789656797.1308084,1789656797.1889544
a,1789656797.0658243,1789656797.1976686
o,1789656797.317462,1789656797.4117074
y,1789656797.4066331,1789656797.5108383
h,1789656797.600809,1789656797.6737695
Key.backspace,1789656797.8151548,1789656797.8737624
Key.backspace,1789656797.9790895,1789656798.0272808
t,1789656798.0463626,1789656798.1349144
h,1789656798.1907613,1789656798.275507
e,1789656798.2850153,1789656798.3512077
r,1789656798.4447906,1789656798.5509417
Key.space,1789656798.5370758,1789656798.628955
m,1789656798.6149921,1789656798.703291
e,1789656798.7630818,1789656798.9422936
a,1789656798.9100084,1789656799.0263727
n,1789656799.0745797,1789656799.1615922
Key.space,1789656799.1906588,1789656799.3297603
l,1789656799.3713126,1789656799.4504228
e,1789656799.4639463,1789656799.535735
a,1789656799.5121467,1789656799.66113
d,1789656799.674479,1789656799.794918
Key.space,1789656799.782273,1789656799.9021332
h,1789656799.9880724,1789656800.0754566
i,1789656800.1698713,1789656800.2845192
h,1789656800.334296,1789656800.3796432
g,1789656800.331297,1789656800.3826425
h,1789656800.4735117,1789656800.5166683
Key.space,1789656800.7692626,1789656800.8408508
Key.backspace,1789656800.9781957,1789656801.0367103
Key.backspace,1789656801.107111,1789656801.2060711
Key.space,1789656801.196565,1789656801.3389025
t,1789656801.2984622,1789656801.4290805
h,1789656801.4154284,1789656801.4910855
i,1789656801.6101906,1789656801.706586
s,1789656801.6830885,1789656801.8035018
Key.space,1789656801.808037,1789656801.8992085
p,1789656801.9873264,1789656802.0915465
u,1789656802.2336268,1789656802.2994058
n,1789656802.4146633,1789656802.5276508
l,1789656802.5841217,1789656802.6677072
Key.backspace,1789656802.938465,1789656802.9844954
Key.backspace,1789656803.0837748,1789656803.1437688
l,1789656803.7728055,1789656803.8566177
Key.backspace,1789656804.1739604,1789656804.2432768
b,1789656804.3131742,1789656804.4214013
l,1789656804.5103576,1789656804.5965855
i,1789656804.7155175,1789656804.791554
c,1789656804.7855449,1789656804.8958938
Key.space,1789656805.010504,1789656805.0981145
h,1789656805.105204,1789656805.187363
e,1789656805.2238116,1789656805.3097727
r,1789656805.3939846,1789656805.4840684
e,1789656805.5638757,1789656805.6741488
Key.space,1789656805.633344,1789656805.7532482
n,1789656805.7116315,1789656805.7749655
e,1789656805.7865183,1789656805.8629558
e,1789656805.9479876,1789656806.0429788
d,1789656806.26811,1789656806.391459
Key.space,1789656806.3833175,1789656806.5035305
p,1789656806.5673454,1789656806.6637897
r,1789656806.6332757,1789656806.746557
e,1789656806.835141,1789656806.9499106
s,1789656806.9479175,1789656807.1102355
e,1789656807.0793717,1789656807.2115479
n,1789656807.2147331,1789656807.2896965
t,1789656807.3546395,1789656807.4553256
Key.space,1789656807.458714,1789656807.5951552
p,1789656807.632063,1789656807.7266793
u,1789656807.8821764,1789656807.9684668
b,1789656808.0620573,1789656808.1821666
l,1789656808.2085435,1789656808.2613032
i,1789656808.3819263,1789656808.4655426
c,1789656808.477969,1789656808.5779958
Key.space,1789656808.568524,1789656808.6841693
m,1789656808.7166667,1789656808.790811
a,1789656808.825169,1789656808.9541745
n,1789656809.0104578,1789656809.1001775
Key.backspace,1789656809.2481763,1789656809.30206
Key.backspace,1789656809.4196005,1789656809.4960146
Key.backspace,1789656809.8386285,1789656809.9040413
n,1789656810.0750682,1789656810.1909866
a,1789656810.181649,1789656810.2875204
t,1789656810.3293052,1789656810.4530094
i,1789656810.4781704,1789656810.5509915
o,1789656810.6775684,1789656810.742783
n,1789656810.8967028,1789656811.0226974
Key.space,1789656811.149508,1789656811.2829256
u,1789656811.2870317,1789656811.3751612
s,1789656811.3973742,1789656811.5237362
e,1789656811.481123,1789656811.6074145
Key.space,1789656811.5663037,1789656811.687346
w,1789656811.7008243,1789656811.8538084
o,1789656811.7770147,1789656811.8595161
r,1789656811.9142625,1789656812.042129
k,1789656811.9910717,1789656812.0636582
Key.space,1789656812.1475627,1789656812.290156
m,1789656812.2542424,1789656812.3497963
e,1789656812.3200684,1789656812.4529438
a,1789656812.4020581,1789656812.5127144
n,1789656812.5157087,1789656812.6015022
Key.space,1789656812.6357162,1789656812.7606468
w,1789656812.7391248,1789656812.8562899
r,1789656812.9060233,1789656813.055193
i,1789656813.16181,1789656813.2570043
t,1789656813.2490115,1789656813.3796043
e,1789656813.5775957,1789656813.7070334
Key.space,1789656813.73226,1789656813.8586698
k,1789656813.9207094,1789656813.9974859
e,1789656813.9930873,1789656814.0621958
e,1789656814.1453373,1789656814.2798016
p,1789656814.2867305,1789656814.4069595
Key.space,1789656814.4180245,1789656814.5872927
c,1789656814.5697865,1789656814.716913
a,1789656814.854123,1789656814.972974
Key.backspace,1789656815.2393956,1789656815.334966
h,1789656815.5261226,1789656815.59496
a,1789656815.6149242,1789656815.7159266
n,1789656815.7356553,1789656815.8290446
g,1789656815.8450205,1789656815.939099
e,1789656816.037226,1789656816.1408777
Key.space,1789656816.1225984,1789656816.3346572
c,1789656816.2793286,1789656816.3911037
a,1789656816.3389163,1789656816.4871454
l,1789656816.476149,1789656816.555393
l,1789656816.6299899,1789656816.714417
Key.space,1789656816.6973908,1789656816.8382971
o,1789656816.8763318,1789656816.9564688
r,1789656816.9404671,1789656817.0753343
Key.space,1789656817.0620193,1789656817.2694037
o,1789656817.3282325,1789656817.4525838
f,1789656817.47654,1789656817.5744352
Key.space,1789656817.5334237,1789656817.6874263
w,1789656817.681422,1789656817.7980366
o,1789656817.824379,1789656817.8934999
r,1789656817.9642265,1789656818.0726314
k,1789656818.0699244,1789656818.1513605
Key.space,1789656818.1384676,1789656818.3141158
c,1789656818.2524662,1789656818.3704424
o,1789656818.3097897,1789656818.379467
m,1789656818.5204031,1789656818.6273854
e,1789656818.6333787,1789656818.7336364
Key.space,1789656818.7067792,1789656818.8551166
h,1789656818.8492095,1789656818.9303198
e,1789656818.8614898,1789656818.9751995
a,1789656818.9808674,1789656819.1129115
d,1789656819.0955575,1789656819.216956
Key.space,1789656819.1934848,1789656819.297259
n,1789656819.3548532,1789656819.441463
a,1789656819.4447393,1789656819.570257
t,1789656819.7321408,1789656819.8482149
i,1789656819.860961,1789656819.9323413
o,1789656820.0651302,1789656820.1545227
n,1789656820.140863,1789656820.2291198
Key.space,1789656820.302547,1789656820.410953
i,1789656820.5896726,1789656820.6718342
n,1789656820.7893002,1789656820.8596578
t,1789656820.9051137,1789656821.0099316
o,1789656821.036947,1789656821.1152775
Key.space,1789656821.0869663,1789656821.2219229
e,1789656821.1932738,1789656821.343199
v,1789656821.4135635,1789656821.5055819
e,1789656821.5649984,1789656821.6900303
n,1789656821.7130039,1789656821.7875998
Key.space,1789656821.8293796,1789656821.9362822
h,1789656821.9255075,1789656822.0103667
a,1789656821.9865594,1789656822.0819573
v,1789656822.1949182,1789656822.2897441
e,1789656822.3251462,1789656822.405529
Key.space,1789656822.37989,1789656822.5197136
l,1789656822.6266882,1789656822.7323906
a,1789656822.7860901,1789656822.8823185
t,1789656823.0814407,1789656823.1715574
Key.space,1789656823.256297,1789656823.4237025
e,1789656823.319429,1789656823.4266999
Key.backspace,1789656823.7907712,1789656823.8954883
Key.backspace,1789656823.9928925,1789656824.0909626
e,1789656824.1289287,1789656824.2610347
Key.space,1789656824.2254944,1789656824.3383546
h,1789656824.3834217,1789656824.4552934
o,1789656824.5972009,1789656824.690687
w,1789656824.7034082,1789656824.8048809
e,1789656824.9093945,1789656825.0331318
v,1789656825.0395184,1789656825.1410573
e,1789656825.1529298,1789656825.2643557
r,1789656825.3365147,1789656825.4292376
Key.space,1789656825.3927538,1789656825.5366316
t,1789656825.5884113,1789656825.6912353
h,1789656825.677054,1789656825.7609208
a,1789656825.7760692,1789656825.902331
n,1789656825.8983283,1789656826.010638
Key.space,1789656825.9967034,1789656826.127393
Key.backspace,1789656826.2683086,1789656826.3218014
Key.backspace,1789656826.4080708,1789656826.48546
Key.backspace,1789656826.5835984,1789656826.616253
e,1789656826.650212,1789656826.7478085
n,1789656826.8694477,1789656826.9613357
Key.space,1789656826.9551513,1789656827.1042798
s,1789656827.0482085,1789656827.1403375
h,1789656827.1805382,1789656827.256787
o,1789656827.8933148,1789656827.9979177
w,1789656827.9904191,1789656828.1387668
Key.space,1789656828.099059,1789656828.2289605
b,1789656828.7718666,1789656828.8920634
y,1789656828.9195626,1789656829.0011532
Key.space,1789656829.038281,1789656829.161558
b,1789656829.430106,1789656829.5418472
e,1789656829.7456396,1789656829.8497188
c,1789656829.9654288,1789656830.1113539
a,1789656830.1071665,1789656830.24783
u,1789656830.2551892,1789656830.3434358
s,1789656830.3740234,1789656830.4960494
e,1789656830.4926312,1789656830.587424
Key.space,1789656830.5764713,1789656830.7101033
w,1789656830.677536,1789656830.7841017
i,1789656830.7559283,1789656830.844596
t,1789656830.9153814,1789656831.015467
h,1789656831.0057926,1789656831.081918
Key.space,1789656831.1282961,1789656831.2790456
g,1789656831.2805398,1789656831.3343232
f,1789656831.2712061,1789656831.3479533
Key.backspace,1789656831.568581,1789656831.6555314
o,1789656832.45807,1789656832.5235145
l,1789656832.6239188,1789656832.7110026
o,1789656832.8152256,1789656832.9091046
Key.backspace,1789656833.2690842,1789656833.3329923
l,1789656833.5150478,1789656833.5877926
l,1789656833.6836703,1789656833.724718
o,1789656833.8559651,1789656833.946026
w,1789656833.9826734,1789656834.0911906
Key.backspace,1789656834.2467446,1789656834.3125093
Key.backspace,1789656834.3921394,1789656834.47398
Key.backspace,1789656835.028113,1789656835.1420665
o,1789656835.217496,1789656835.3101673
w,1789656835.3130708,1789656835.435831
Key.space,1789656835.4140358,1789656835.5113347
p,1789656835.5046763,1789656835.588183
u,1789656835.7529252,1789656835.8164084
b,1789656835.8790882,1789656835.976567
l,1789656836.0341413,1789656836.094223
i,1789656836.2267878,1789656836.314065
c,1789656836.3230803,1789656836.4399536
Key.space,1789656836.40879,1789656836.5343204
v,1789656836.65495,1789656836.7588508
e,1789656836.7912147,1789656836.8581727
r,1789656836.9543116,1789656837.061054
y,1789656837.1133585,1789656837.1922271
Key.space,1789656837.2209892,1789656837.318668
t,1789656837.645024,1789656837.7570229
h,1789656837.7435713,1789656837.8150897
o,1789656837.9884782,1789656838.0761292
s,1789656838.0680878,1789656838.1546373
e,1789656838.098122,1789656838.268821
Key.space,1789656838.2483575,1789656838.3609357
p,1789656838.3328364,1789656838.4198117
u,1789656838.6070983,1789656838.6807997
b,1789656838.718966,1789656838.8149936
l,1789656838.8759239,1789656838.943008
i,1789656839.246896,1789656839.3360364
c,1789656839.3392742,1789656839.4376228
Key.space,1789656839.4406211,1789656839.5599234
w,1789656839.549974,1789656839.6657948
o,1789656839.6357994,1789656839.6940224
r,1789656839.7608218,1789656839.8521984
l,1789656840.1583638,1789656840.2545774
d,1789656840.4942758,1789656840.6180775
Key.space,1789656840.5918891,1789656840.7303784
a,1789656840.8881297,1789656841.0069573
b,1789656841.1711702,1789656841.2919717
o,1789656841.2710183,1789656841.350306
u,1789656841.4893281,1789656841.5486844
t,1789656841.5977132,1789656841.7189689
Key.space,1789656841.7526577,1789656841.885619
p,1789656841.8886952,1789656841.9731162
r,1789656841.9980533,1789656842.1191893
i,1789656842.1295779,1789656842.2066495
b,1789656842.263488,1789656842.404593
Key.backspace,1789656842.5846548,1789656842.6554568
Key.backspace,1789656842.7530227,1789656842.8154235
o,1789656842.988939,1789656843.0695724
n,1789656843.298063,1789656843.3607752
Key.backspace,1789656843.529397,1789656843.6232018
b,1789656843.627578,1789656843.7216756
l,1789656843.7383296,1789656843.8353589
e,1789656843.8853998,1789656843.97909
m,1789656844.00294,1789656844.0885606
Key.space,1789656844.0955622,1789656844.2355804
a,1789656844.2064798,1789656844.2986803
o,1789656844.3540936,1789656844.4561043
Key.backspace,1789656844.6216378,1789656844.648483
Key.backspace,1789656844.7429676,1789656844.8158205
i,1789656844.975537,1789656845.006003
o,1789656844.9671931,1789656845.008345
Key.backspace,1789656845.418353,1789656845.4923074
n,1789656845.7763848,1789656845.8599813
Key.space,1789656845.8524725,1789656845.9620893
s,1789656845.9325566,1789656846.066498
e,1789656846.0601199,1789656846.2004938
t,1789656846.3379085,1789656846.4571164
Key.space,1789656846.5436852,1789656846.6610212
s,1789656846.7713828,1789656846.8987648
o,1789656846.8737125,1789656846.9223285
m,1789656847.0410664,1789656847.1392767
e,1789656847.1009595,1789656847.2221699
Key.space,1789656847.2135947,1789656847.3121836
a,1789656847.3029604,1789656847.4325647
o,1789656847.442964,1789656847.5269606
r,1789656847.4049416,1789656847.534961
u,1789656847.653247,1789656847.7270477
n,1789656847.837137,1789656847.9360871
d,1789656847.9128923,1789656848.0362203
Key.space,1789656848.027222,1789656848.1513803
o,1789656848.13329,1789656848.2078102
n,1789656848.334431,1789656848.443961
e,1789656848.3973804,1789656848.4882827
Key.space,1789656848.4923303,1789656848.7208674
f,1789656848.7952752,1789656848.8912475
e,1789656849.0260684,1789656849.183373
w,1789656849.1139498,1789656849.2575722
Key.space,1789656849.2540562,1789656849.3950856
m,1789656849.3124132,1789656849.4034436
o,1789656849.5248609,1789656849.6323493
s,1789656849.592395,1789656849.713056
t,1789656849.7806752,1789656849.9037044
Key.space,1789656849.8798707,1789656850.034984
s,1789656850.1404452,1789656850.255775
e,1789656850.2445147,1789656850.3803284
t,1789656850.5020237,1789656850.606943
Key.space,1789656850.6949737,1789656850.8377428
s,1789656850.8298206,1789656850.934399
Key.backspace,1789656851.1573305,1789656851.2498887
d,1789656851.2541964,1789656851.3710322
u,1789656851.4202716,1789656851.5006244
r,1789656851.5437126,1789656851.682364
i,1789656851.7039068,1789656851.7829394
n,1789656851.9144316,1789656852.0133796
g,1789656851.9894478,1789656852.0993705
Key.space,1789656852.1073675,1789656852.2633193
t,1789656852.2202675,1789656852.3583632
o,1789656852.351022,1789656852.4130936
o,1789656852.4916234,1789656852.5726
Key.space,1789656852.5412235,1789656852.686877
s,1789656852.6109617,1789656852.7027035
v,1789656852.806129,1789656852.888125
c,1789656852.8106384,1789656852.888125
Key.backspace,1789656853.1171067,1789656853.204248
Key.backspace,1789656853.2877467,1789656853.3607965
c,1789656853.3372512,1789656853.450012
h,1789656853.6161504,1789656853.7355976
o,1789656853.734583,1789656853.8023818
o,1789656853.8801825,1789656853.938827
l,1789656854.0577526,1789656854.134101
Key.space,1789656854.1516595,1789656854.288068
u,1789656854.365967,1789656854.4491532
n,1789656854.8285983,1789656854.9445412
d,1789656855.0117476,1789656855.1084838
e,1789656855.2011108,1789656855.271244
r,1789656855.3862321,1789656855.5630856
Key.space,1789656855.9686692,1789656856.100026
b,1789656856.1603265,1789656856.259087
e,1789656856.1868525,1789656856.297285
c,1789656856.4210107,1789656856.5427532
a,1789656856.5610535,1789656856.7189674
y,1789656856.8596377,1789656856.9649656
s,1789656857.0305743,1789656857.1541092
Key.backspace,1789656857.2731447,1789656857.3248162
Key.backspace,1789656857.411525,1789656857.4721217
u,1789656857.6187446,1789656857.6819212
s,1789656857.7140708,1789656857.8321545
e,1789656857.816646,1789656857.935843
Key.space,1789656857.911883,1789656858.0584917
w,1789656858.0351007,1789656858.2165065
a,1789656858.1634376,1789656858.2994184
y,1789656858.3568952,1789656858.4421232
Key.space,1789656858.478047,1789656858.6958294
t,1789656858.5491061,1789656858.7073326
a,1789656858.6998293,1789656858.8284254
k,1789656858.96225,1789656859.0566103
a,1789656859.257215,1789656859.318444
e,1789656859.3638794,1789656859.5284073
Key.backspace,1789656859.5979164,1789656859.6637013
Key.backspace,1789656859.7302058,1789656859.8402107
e,1789656859.8572166,1789656859.9682288
Key.space,1789656859.9291894,1789656860.0470233
0,1789656860.055024,1789656860.100805
o,1789656860.0752044,1789656860.124622
Key.backspace,1789656860.4824545,1789656860.5738356
o,1789656860.6702528,1789656860.7527106
Key.backspace,1789656860.8877254,1789656860.9551995
Key.backspace,1789656861.060844,1789656861.1270235
o,1789656861.2408228,1789656861.303385
l,1789656861.4007907,1789656861.4851077
d,1789656861.763016,1789656861.8215706
Key.space,1789656862.1339967,1789656862.2539144
b,1789656862.5044127,1789656862.5979066
e,1789656862.57201,1789656862.6499932
g,1789656862.7764163,1789656862.8896356
i,1789656862.8459287,1789656862.9427607
n,1789656863.0530968,1789656863.1519191
Key.space,1789656863.1261973,1789656863.2426982
l,1789656863.4031763,1789656863.4845073
i,1789656863.6038945,1789656863.672656
t,1789656863.6646566,1789656863.760532
t,1789656863.8249264,1789656863.9419153
l,1789656863.9634507,1789656864.0525868
e,1789656864.0701044,1789656864.1816688
Key.space,1789656864.1891875,1789656864.3408818
f,1789656864.3508904,1789656864.4794357
i,1789656864.5131135,1789656864.595302
r,1789656864.5992777,1789656864.724041
r,1789656864.846969,1789656865.0486333
Key.backspace,1789656865.192156,1789656865.2767482
s,1789656865.2706954,1789656865.3822834
y,1789656865.467499,1789656865.5450976
t,1789656865.4584808,1789656865.5656242
Key.space,1789656865.6272192,1789656865.7511394
Key.backspace,1789656865.8644044,1789656865.9358244
Key.backspace,1789656866.033601,1789656866.1219325
Key.space,1789656866.2689807,1789656866.4011776
b,1789656866.5022383,1789656866.583542
e,1789656866.5905428,1789656866.6912198
t,1789656867.3617635,1789656867.390399
w,1789656867.5706706,1789656867.6862252
e,1789656867.9112084,1789656867.967975
e,1789656868.0875976,1789656868.2131264
n,1789656868.2569509,1789656868.34986
Key.space,1789656868.434879,1789656868.5660617
a,1789656868.5786743,1789656868.712915
Key.space,1789656868.7209072,1789656868.8652542
w,1789656868.8688607,1789656868.961889
h,1789656869.1029828,1789656869.203229
e,1789656869.2683284,1789656869.3867004
n,1789656869.3738792,1789656869.472416
Key.space,1789656869.440027,1789656869.6129625
c,1789656869.5904348,1789656869.6969686
o,1789656869.7099152,1789656869.8121436
u,1789656869.9414856,1789656870.0483174
r,1789656870.0169618,1789656870.148813
s,1789656870.2672443,1789656870.393248
e,1789656870.3574994,1789656870.501551
Key.space,1789656870.5039122,1789656870.578813
w,1789656870.7582645,1789656870.8670254
o,1789656870.8720567,1789656870.945334
u,1789656871.060961,1789656871.1431656
l,1789656871.2720652,1789656871.4040284
d,1789656871.4163501,1789656871.5035524
Key.space,1789656871.4735906,1789656871.6219614
s,1789656871.5720987,1789656871.694661
t,1789656871.802762,1789656871.9037538
i,1789656871.8937604,1789656871.970715
l,1789656872.112566,1789656872.1583433
l,1789656872.2561884,1789656872.329967
Key.space,1789656872.3339617,1789656872.5104325
t,1789656872.4602597,1789656872.5942228
h,1789656872.569229,1789656872.6500173
a,1789656872.6986232,1789656872.8041246
n,1789656872.8206546,1789656872.916376
Key.space,1789656872.9222174,1789656873.1296647
f,1789656873.0848804,1789656873.1968577
e,1789656873.3046515,1789656873.376772
e,1789656873.4659808,1789656873.5899208
l,1789656873.6234152,1789656873.7035453
Key.space,1789656873.7535813,1789656873.8708262
g,1789656873.9966207,1789656874.0749671
r,1789656874.042591,1789656874.1193616
e,1789656874.233212,1789656874.3631139
a,1789656874.337569,1789656874.4414656
t,1789656874.406479,1789656874.501163
Key.space,1789656874.5995567,1789656874.7570677
o,1789656874.8348732,1789656874.9486465
v,1789656874.933032,1789656875.0287023
e,1789656875.1406052,1789656875.224958
r,1789656875.3252058,1789656875.4190428
Key.space,1789656875.4049585,1789656875.5429642
l,1789656875.4949343,1789656875.5899534
o,1789656875.6888714,1789656875.7916257
n,1789656875.936249,1789656876.0239642
g,1789656876.0293875,1789656876.143453
Key.space,1789656876.2238111,1789656876.3620143
t,1789656876.4242735,1789656876.546527
e,1789656876.6669366,1789656876.7256455
r,1789656876.661305,1789656876.7294838
Key.backspace,1789656876.984793,1789656877.096214
Key.backspace,1789656877.2264764,1789656877.3181973
e,1789656877.3358858,1789656877.4345827
l,1789656877.4480402,1789656877.529631
l,1789656877.605821,1789656877.6940007
Key.space,1789656877.6679761,1789656877.823976
t,1789656877.780274,1789656877.8929536
h,1789656877.8851347,1789656877.9794505
e,1789656878.0210998,1789656878.1522734
n,1789656878.117098,1789656878.2209861
Key.space,1789656878.2189867,1789656878.3665988
a,1789656878.3431296,1789656878.4837537
h,1789656878.591037,1789656878.6550958
g,1789656878.593045,1789656878.6810555
Key.backspace,1789656878.8928947,1789656878.9768224
Key.backspace,1789656879.0431368,1789656879.1398456
h,1789656879.3710532,1789656879.4237056
Key.backspace,1789656879.6569219,1789656879.7548425
g,1789656879.7250948,1789656879.8072064
a,1789656879.8612945,1789656879.9930167
i,1789656879.9568615,1789656880.026943
n,1789656880.142169,1789656880.2135465
Key.space,1789656880.2040896,1789656880.3097298
b,1789656880.3603148,1789656880.4574192
e,1789656880.4333563,1789656880.5040283
t,1789656881.002695,1789656881.102365
w,1789656881.307989,1789656881.4429517
e,1789656881.4308147,1789656881.5168324
e,1789656881.6284947,1789656881.699922
n,1789656882.1385856,1789656882.2346609
Key.space,1789656882.2828305,1789656882.389829
i,1789656882.4822843,1789656882.5856674
f,1789656882.6110475,1789656882.704965
Key.space,1789656882.6670697,1789656882.826408
s,1789656883.0167682,1789656883.084901
e,1789656883.0885084,1789656883.2024975
e,1789656883.2811494,1789656883.4069154
m,1789656883.6196234,1789656883.7195528
Key.space,1789656883.757307,1789656883.8777933
h,1789656883.9180222,1789656884.0129633
e,1789656884.0670643,1789656884.17088
l,1789656884.217603,1789656884.301874
p,1789656884.4284725,1789656884.5249636
Key.space,1789656884.55911,1789656884.6910453
l,1789656884.6840534,1789656884.7625163
o,1789656884.8758206,1789656884.9658968
o,1789656885.0531359,1789656885.1396458
k,1789656885.5449917,1789656885.6350915
Key.space,1789656885.6875896,1789656885.7898185
o,1789656885.782138,1789656885.8623333
n,1789656886.0232842,1789656886.0975692
e,1789656886.1281242,1789656886.2399657
l,1789656886.3543878,1789656886.4123826
Key.space,1789656886.2175,1789656886.4362142
a,1789656886.4372165,1789656886.555716
s,1789656886.507382,1789656886.6511326
t,1789656886.741765,1789656886.8613243
Key.space,1789656886.8700907,1789656887.0211704
s,1789656886.9976456,1789656887.1088557
e,1789656887.1696928,1789656887.2413635
e,1789656887.313976,1789656887.4183784
m,1789656887.4760926,1789656887.586257
Key.space,1789656887.5809557,1789656887.7049768
d,1789656887.6468737,1789656887.8164704
a,1789656887.7799463,1789656887.9060497
t,1789656887.9085212,1789656887.981968
Key.backspace,1789656888.3264291,1789656888.4193099
y,1789656888.6818204,1789656888.7755392
Key.space,1789656888.8256078,1789656888.9628105
p,1789656888.9543908,1789656889.0224216
l,1789656889.127792,1789656889.2286808
a,1789656889.2579887,1789656889.3617566
n,1789656889.4150553,1789656889.495964
Key.space,1789656889.55024,1789656889.6278975
s,1789656889.6394222,1789656889.7557812
t,1789656889.8823028,1789656889.9819765
a,1789656890.0186765,1789656890.1579635
t,1789656890.1352499,1789656890.2720292
e,1789656890.3766685,1789656890.514115
Key.space,1789656890.4796572,1789656890.6337116
s,1789656890.594031,1789656890.7222548
u,1789656890.7102082,1789656890.7876868
c,1789656890.8702614,1789656890.9937115
h,1789656890.9957206,1789656891.0965993
Key.space,1789656891.1365669,1789656891.2684329
o,1789656891.3864887,1789656891.4686527
p,1789656891.6737442,1789656891.7724342
e,1789656891.8454008,1789656891.9452598
n,1789656891.9747922,1789656892.0711093
Key.space,1789656892.0748124,1789656892.2198527
l,1789656892.2558134,1789656892.343253
a,1789656892.405212,1789656892.5728009
s,1789656892.5519876,1789656892.6882837
t,1789656892.8118486,1789656892.9011157
Key.space,1789656892.9829662,1789656893.1013432
m,1789656893.138364,1789656893.2275229
a,1789656893.2645113,1789656893.3961473
n,1789656893.435994,1789656893.5181177
Key.backspace,1789656893.9471757,1789656894.053933
y,1789656894.0638888,1789656894.16968
Key.space,1789656894.2321398,1789656894.343962
a,1789656894.454583,1789656894.5829852
g,1789656894.7092137,1789656894.8296757
a,1789656894.8606586,1789656894.9982018
i,1789656894.9490304,1789656895.013825
n,1789656895.1240866,1789656895.2178838
Key.space,1789656895.1578243,1789656895.31849
t,1789656895.295168,1789656895.400359
e,1789656895.5142982,1789656895.6599884
l,1789656895.6360822,1789656895.688523
l,1789656895.7741532,1789656895.8442643
Key.space,1789656895.8280847,1789656895.9576614
e,1789656895.9908435,1789656896.1034513
n,1789656896.1150312,1789656896.206845
d,1789656896.2493587,1789656896.3516057
Key.space,1789656896.3111644,1789656896.453403
m,1789656896.4271739,1789656896.4775052
o,1789656896.6218534,1789656896.7139738
s,1789656896.7308586,1789656896.7909663
t,1789656896.9071243,1789656897.0069637
Key.space,1789656897.2207115,1789656897.3484695
s,1789656897.3841517,1789656897.4951596
y,1789656897.5283165,1789656897.6173694
s,1789656897.6192281,1789656897.7276835
t,1789656897.8300655,1789656897.9051332
e,1789656898.0175495,1789656898.1347566
m,1789656898.138838,1789656898.2259552
Key.space,1789656898.2626693,1789656898.3964996
a,1789656898.3639708,1789656898.4741375
l,1789656898.496469,1789656898.5796099
s,1789656898.6866124,1789656898.7518082
o,1789656898.7778616,1789656898.8465714
Key.space,1789656898.8479173,1789656898.9697495
r,1789656899.0451794,1789656899.1541576
p,1789656899.2668223,1789656899.3500988
Key.backspace,1789656899.4766994,1789656899.5444243
Key.backspace,1789656899.6265109,1789656899.7133133
p,1789656900.0433974,1789656900.1285756
r,1789656900.2200794,1789656900.3301938
o,1789656900.3498497,1789656900.4396148
g,1789656900.4887245,1789656900.5393336
r,1789656900.6731584,1789656900.8009574
a,1789656900.7869692,1789656900.8790634
m,1789656900.8636656,1789656900.9570267
Key.space,1789656901.05665,1789656901.2078416
d,1789656901.2931218,1789656901.4228306
y,1789656901.4095771,1789656901.501219
r,1789656901.576864,1789656901.6989665
i,1789656901.6838512,1789656901.7530835
Key.backspace,1789656901.9135017,1789656901.9666207
Key.backspace,1789656902.053022,1789656902.1277196
Key.backspace,1789656902.2279565,1789656902.307043
u,1789656902.5655706,1789656902.634034
r,1789656902.6723669,1789656902.7786536
i,1789656902.775655,1789656902.8380828
n,1789656902.9679706,1789656903.0541787
g,1789656903.0551767,1789656903.148735
Key.space,1789656903.265215,1789656903.4442523
t,1789656903.3761394,1789656903.5049055
i,1789656903.4589062,1789656903.5335414
m,1789656903.6650572,1789656903.7868145
e,1789656903.7434132,1789656903.8620121
Key.space,1789656903.8445678,1789656903.9898722
s,1789656903.9813645,1789656904.1140304
i,1789656904.1484833,1789656904.2270033
c,1789656904.3713548,1789656904.4409842
Key.backspace,1789656904.8196254,1789656904.9008622
n,1789656905.1153564,1789656905.2008553
c,1789656905.2231958,1789656905.317928
e,1789656905.4576883,1789656905.5553687
Key.space,1789656905.549288,1789656905.6807337
s,1789656905.675438,1789656905.7554107
h,1789656905.9647293,1789656906.0610714
o,1789656906.0233989,1789656906.100742
u,1789656906.249326,1789656906.3165076
l,1789656906.4956186,1789656906.6109571
d,1789656906.58811,1789656906.6921797
Key.space,1789656906.661082,1789656906.7951035
m,1789656906.7766087,1789656906.863297
u,1789656907.013345,1789656907.1021695
c,1789656907.1551964,1789656907.2801409
h,1789656907.2707255,1789656907.3545334
Key.space,1789656907.3797772,1789656907.5032468
h,1789656907.547713,1789656907.6380434
e,1789656907.608982,1789656907.7263072
r,1789656907.7948594,1789656907.8727674
e,1789656907.9625309,1789656908.0822942
Key.esc,1789656909.3634803,1789656909.4456632
s,1789718914.9098022,1789718915.0181942
u,1789718915.1959717,1789718915.3134484
c,1789718915.424271,1789718915.574775
h,1789718915.574775,1789718915.6476521
Key.space,1789718915.680214,1789718915.7943127
s,1789718915.7552216,1789718915.9056745
h,1789718916.0488803,1789718916.1953387
i,1789718916.2859216,1789718916.3983932
Key.backspace,1789718916.6570883,1789718916.763464
o,1789718916.834409,1789718916.9461377
u,1789718917.0449471,1789718917.1572607
l,1789718917.260419,1789718917.372146
d,1789718917.431037,1789718917.5429158
Key.space,1789718917.4635007,1789718917.5789535
m,1789718917.5925941,1789718917.7034628
u,1789718917.798501,1789718917.9110453
c,1789718917.9152634,1789718918.0641642
h,1789718918.0641642,1789718918.1384046
Key.space,1789718918.155839,1789718918.2634854
c,1789718918.2634854,1789718918.4138184
o,1789718918.3783584,1789718918.4524808
s,1789718918.6277397,1789718918.776514
Key.backspace,1789718918.915783,1789718918.9885876
n,1789718919.1116464,1789718919.21875
s,1789718919.223804,1789718919.3301556
i,1789718919.3859706,1789718919.494568
d,1789718919.4555604,1789718919.567806
e,1789718919.6269267,1789718919.7012932
r,1789718919.7677677,1789718919.8786926
Key.space,1789718919.8972247,1789718920.0095344
n,1789718920.1098037,1789718920.2235386
e,1789718920.342322,1789718920.4549007
v,1789718920.4605687,1789718920.5722268
e,1789718920.5728543,1789718920.6759074
r,1789718920.7431238,1789718920.8529797
Key.space,1789718920.8151698,1789718920.9649262
t,1789718920.9839563,1789718921.1340916
o,1789718921.0963342,1789718921.2108727
Key.space,1789718921.2108727,1789718921.319392
b,1789718921.3679705,1789718921.4782267
e,1789718921.4782267,1789718921.5533626
c,1789718921.6415372,1789718921.8258283
a,1789718921.7910733,1789718921.9341667
y,1789718921.8634987,1789718921.97631
s,1789718921.9968746,1789718922.150792
e,1789718922.1524954,1789718922.2620087
Key.space,1789718922.263249,1789718922.410789
p,1789718922.5928984,1789718922.7007897
l,1789718922.7512667,1789718922.8594882
a,1789718922.8238494,1789718922.9342957
y,1789718923.0714486,1789718923.2181404
Key.space,1789718923.268856,1789718923.3798482
s,1789718923.384012,1789718923.4548132
h,1789718923.5817742,1789718923.7342277
i,1789718923.8275523,1789718923.8650084
Key.backspace,1789718924.181273,1789718924.2914855
o,1789718924.3527043,1789718924.4653387
u,1789718924.5522845,1789718924.6631532
l,1789718924.7878578,1789718924.901407
d,1789718924.9026873,1789718925.0129986
Key.space,1789718925.0129986,1789718925.1964066
c,1789718925.125511,1789718925.2742336
h,1789718925.2358432,1789718925.3089614
a,1789718925.3129225,1789718925.421643
n,1789718925.4267821,1789718925.5382464
g,1789718925.5420918,1789718925.6508136
e,1789718925.7027547,1789718925.855532
Key.space,1789718925.8150427,1789718925.92837
g,1789718926.0053794,1789718926.1538317
o,1789718926.1572356,1789718926.268779
v,1789718926.5297236,1789718926.64207
e,1789718926.600997,1789718926.677638
r,1789718926.7541335,1789718926.9026387
n,1789718926.906295,1789718927.012842
Key.space,1789718927.0255206,1789718927.1388688
w,1789718927.2215676,1789718927.3703372
o,1789718927.3347483,1789718927.482014
r,1789718927.7726998,1789718927.879642
l,1789718927.957321,1789718928.109603
d,1789718928.1107373,1789718928.2212005
Key.space,1789718928.2260725,1789718928.3301032
i,1789718928.333727,1789718928.4443007
f,1789718928.4465897,1789718928.5929306
Key.space,1789718928.554734,1789718928.665948
l,1789718928.6847904,1789718928.7962446
e,1789718928.7962446,1789718928.871594
a,1789718928.871594,1789718928.9845104
d,1789718928.988248,1789718929.133905
Key.space,1789718929.0968208,1789718929.2094917
b,1789718929.3232157,1789718929.4710615
y,1789718929.4747486,1789718929.5835507
Key.space,1789718929.5835507,1789718929.6933827
s,1789718929.6960247,1789718929.8075867
m,1789718929.8102021,1789718929.8798196
a,1789718929.8964932,1789718930.0074723
l,1789718930.0467002,1789718930.1211364
l,1789718930.1807373,1789718930.2550514
Key.space,1789718930.2589645,1789718930.4074886
m,1789718930.4106364,1789718930.4801178
o,1789718930.5800405,1789718930.688003
s,1789718930.6504822,1789718930.7619834
t,1789718930.8133361,1789718930.925643
Key.space,1789718930.888305,1789718931.0378735
w,1789718931.3107028,1789718931.459759
a,1789718931.3840752,1789718931.5349464
n,1789718931.4948955,1789718931.6102026
t,1789718931.6102026,1789718931.7216966
Key.space,1789718931.7270558,1789718931.8349376
h,1789718931.8463438,1789718931.9127374
e,1789718931.9625309,1789718932.115944
l,1789718932.1183047,1789718932.1897385
p,1789718932.2929013,1789718932.3630977
Key.space,1789718932.4295533,1789718932.5048704
o,1789718932.7675703,1789718932.8404424
Key.backspace,1789718933.0317166,1789718933.1796894
p,1789718933.212619,1789718933.362884
o,1789718933.6172683,1789718933.7642817
i,1789718933.8513887,1789718933.9627094
n,1789718934.039656,1789718934.1535714
t,1789718934.1541793,1789718934.2254548
Key.space,1789718934.1903868,1789718934.2985888
l,1789718934.3086307,1789718934.423501
a,1789718934.386389,1789718934.6094089
s,1789718934.5355463,1789718934.6854553
t,1789718934.746502,1789718934.8938358
Key.space,1789718934.8974473,1789718935.006927
p,1789718935.0691392,1789718935.179222
l,1789718935.276894,1789718935.4258208
a,1789718935.3128297,1789718935.4270515
c,1789718935.476797,1789718935.5875967
e,1789718935.6687546,1789718935.8162887
Key.space,1789718935.822157,1789718935.8878827
w,1789718935.8919966,1789718936.000128
i,1789718936.0055218,1789718936.1131005
t,1789718936.1131005,1789718936.26224
h,1789718936.2253315,1789718936.300216
o,1789718936.425564,1789718936.533719
u,1789718936.6155336,1789718936.7250075
t,1789718936.6878998,1789718936.8005729
Key.space,1789718936.8021054,1789718936.9117732
o,1789718936.9169662,1789718937.0247445
n,1789718937.110593,1789718937.2238257
l,1789718937.316981,1789718937.4249413
y,1789718937.3878746,1789718937.4634001
Key.space,1789718937.4664478,1789718937.6147099
f,1789718937.619069,1789718937.7241132
e,1789718937.94301,1789718938.0497212
l,1789718938.1608634,1789718938.2724426
Key.backspace,1789718938.460291,1789718938.6099455
e,1789718938.612207,1789718938.6839175
l,1789718938.8756099,1789718938.9839175
Key.space,1789718939.050539,1789718939.1249094
t,1789718939.171438,1789718939.3208091
h,1789718939.2845001,1789718939.359177
o,1789718939.4813056,1789718939.629366
s,1789718939.5528104,1789718939.6591454
e,1789718939.629366,1789718939.740351
Key.space,1789718939.7020772,1789718939.8516953
r,1789718939.8628118,1789718940.0125248
i,1789718939.9743042,1789718940.0884533
g,1789718940.1206574,1789718940.2287507
h,1789718940.2324414,1789718940.345476
t,1789718940.3071835,1789718940.4564316
Key.space,1789718940.477107,1789718940.5904598
a,1789718940.7021224,1789718940.8129804
l,1789718940.839649,1789718940.9124234
l,1789718940.9795966,1789718941.091248
Key.space,1789718941.1379106,1789718941.2160957
r,1789718941.2160957,1789718941.329209
e,1789718941.3888,1789718941.5383723
a,1789718941.5012538,1789718941.612965
l,1789718941.6195953,1789718941.728892
Key.space,1789718941.7794018,1789718941.8943655
l,1789718941.932836,1789718942.043944
a,1789718942.0452864,1789718942.154741
t,1789718942.183536,1789718942.2965508
e,1789718942.3965955,1789718942.5075347
Key.space,1789718942.5094264,1789718942.6202805
w,1789718942.6266003,1789718942.6571715
l,1789718942.7793875,1789718942.8918893
a,1789718942.854065,1789718942.929818
Key.backspace,1789718943.0036767,1789718943.0801144
Key.backspace,1789718943.1286411,1789718943.2036147
Key.backspace,1789718943.534731,1789718943.6482604
l,1789718943.7385237,1789718943.8513062
a,1789718943.8513062,1789718943.9603052
r,1789718943.9971826,1789718944.1453536
g,1789718944.1463833,1789718944.2577014
e,1789718944.2577014,1789718944.4071417
Key.space,1789718944.4087358,1789718944.5179138
w,1789718944.5203483,1789718944.5913663
o,1789718944.5913663,1789718944.7036843
r,1789718944.7074492,1789718944.815933
k,1789718944.815933,1789718944.929327
Key.space,1789718944.9313083,1789718945.0402167
m,1789718945.0631614,1789718945.1327348
a,1789718945.1381624,1789718945.2473814
n,1789718945.2805734,1789718945.3920898
s,1789718945.483327,1789718945.5989218
t,1789718945.6842146,1789718945.8343756
a,1789718945.7952476,1789718945.9494655
n,1789718945.9573278,1789718946.0661552
d,1789718946.0963817,1789718946.169971
Key.backspace,1789718946.2874136,1789718946.3243032
Key.backspace,1789718946.4085166,1789718946.7041466
Key.backspace,1789718946.8343296,1789718946.9081645
Key.space,1789718947.0269504,1789718947.1039982
s,1789718947.351471,1789718947.462992
t,1789718947.5851197,1789718947.6968198
a,1789718947.9794958,1789718948.1287436
n,1789718948.1366906,1789718948.2122955
Key.space,1789718948.346256,1789718948.4953184
Key.backspace,1789718948.6591055,1789718948.8073988
d,1789718948.7320075,1789718948.8408806
Key.space,1789718948.84981,1789718948.9661648
g,1789718949.0121047,1789718949.12316
r,1789718949.416197,1789718949.565568
o,1789718949.565568,1789718949.674954
u,1789718949.7409112,1789718949.8491735
p,1789718949.961256,1789718950.0748038
Key.space,1789718950.0804687,1789718950.1869671
m,1789718950.2324846,1789718950.3411467
i,1789718950.4912589,1789718950.598885
g,1789718950.6459968,1789718950.7581806
h,1789718950.7772634,1789718950.8923788
t,1789718950.8536112,1789718950.9655502
Key.space,1789718950.9717598,1789718951.115632
p,1789718951.3466024,1789718951.4577143
a,1789718951.4613342,1789718951.56995
r,1789718951.5737705,1789718951.6835375
t,1789718951.7550244,1789718951.9047205
Key.space,1789718951.911353,1789718952.0177603
n,1789718952.4293382,1789718952.5785196
o,1789718952.6877728,1789718952.7998922
t,1789718952.867135,1789718952.9790108
Key.space,1789718952.9820843,1789718953.053904
e,1789718953.0561771,1789718953.20355
a,1789718953.126916,1789718953.2783282
Key.backspace,1789718953.424652,1789718953.4989662
Key.backspace,1789718953.7755141,1789718953.8454711
w,1789718953.8747456,1789718954.0238843
a,1789718953.9487011,1789718954.0647974
n,1789718954.0655065,1789718954.1365244
t,1789718954.1530452,1789718954.2629395
Key.space,1789718954.2769263,1789718954.4240713
d,1789718954.696385,1789718954.8093548
e,1789718954.882233,1789718955.028647
v,1789718955.157532,1789718955.2320282
e,1789718955.265596,1789718955.4144342
l,1789718955.8034627,1789718955.9166994
o,1789718956.050621,1789718956.1236827
p,1789718956.2370908,1789718956.307521
Key.space,1789718956.323784,1789718956.437755
l,1789718956.4536917,1789718956.527918
i,1789718956.632991,1789718956.7451875
f,1789718956.7656486,1789718956.8773446
t,1789718957.154332,1789718957.304451
Key.space,1789718957.3248668,1789718957.4736216
g,1789718957.9584384,1789718958.074256
r,1789718958.0375764,1789718958.148688
e,1789718958.1930182,1789718958.3407085
a,1789718958.2676694,1789718958.4176872
t,1789718958.3783264,1789718958.4913747
Key.space,1789718958.611911,1789718958.6872575
o,1789718958.825056,1789718958.9320097
n,1789718959.0304832,1789718959.1009514
l,1789718959.229837,1789718959.3046005
y,1789718959.2650876,1789718959.3775718
Key.space,1789718959.3408155,1789718959.4918218
o,1789718959.4918218,1789718959.5649903
f,1789718959.5649903,1789718959.6755898
f,1789718959.7610927,1789718959.908223
Key.space,1789718959.87154,1789718960.0205414
w,1789718960.0827148,1789718960.2702396
o,1789718960.2702396,1789718960.307583
r,1789718960.3460705,1789718960.4983904
k,1789718960.458995,1789718960.533963
Key.space,1789718960.5768542,1789718960.6868744
l,1789718960.6904671,1789718960.7613113
a,1789718960.813725,1789718961.0001519
s,1789718960.9249473,1789718961.0366013
t,1789718961.075428,1789718961.1531415
Key.space,1789718961.2267075,1789718961.3372772
b,1789718961.4042163,1789718961.475605
o,1789718961.608695,1789718961.7191787
t,1789718961.733324,1789718961.8824859
h,1789718961.8863597,1789718961.957906
Key.space,1789718961.9585972,1789718962.0679493
m,1789718962.1377134,1789718962.2472463
a,1789718962.248269,1789718962.3984814
n,1789718962.3990195,1789718962.4316542
Key.space,1789718962.5031044,1789718962.6197066
w,1789718962.5822222,1789718962.690696
h,1789718962.7905245,1789718962.9795885
i,1789718962.9033644,1789718963.015146
l,1789718963.0973988,1789718963.1690385
e,1789718963.1712432,1789718963.2815487
Key.space,1789718963.244924,1789718963.3948863
c,1789718963.395433,1789718963.5803995
h,1789718963.5411391,1789718963.6153965
a,1789718963.6215641,1789718963.7342021
n,1789718963.7612994,1789718963.835837
g,1789718963.8383605,1789718963.9498696
e,1789718964.004204,1789718964.1530383
Key.space,1789718964.15385,1789718964.262361
o,1789718964.1878035,1789718964.2654371
t,1789718964.2779176,1789718964.39162
h,1789718964.4118717,1789718964.5238228
e,1789718964.48635,1789718964.5939481
r,1789718964.6486402,1789718964.7612119
Key.space,1789718964.7662456,1789718964.9186811
t,1789718964.88149,1789718965.029673
h,1789718964.990585,1789718965.1041048
a,1789718965.1074789,1789718965.2153563
t,1789718965.218909,1789718965.3657103
Key.space,1789718965.4447567,1789718965.594206
h,1789718965.9602034,1789718966.065381
o,1789718966.0858297,1789718966.1990762
w,1789718966.2829714,1789718966.429934
e,1789718966.557917,1789718966.6701386
v,1789718966.6986961,1789718966.7741494
e,1789718966.7816417,1789718966.8913155
r,1789718966.950461,1789718967.0606022
Key.space,1789718967.0622878,1789718967.1316915
i,1789718967.1914325,1789718967.30436
f,1789718967.3074102,1789718967.4543993
Key.space,1789718967.4578767,1789718967.5277069
b,1789718967.4904604,1789718967.565422
o,1789718967.7026973,1789718967.8145175
t,1789718967.8153255,1789718967.9236076
h,1789718967.961084,1789718968.071748
Key.space,1789718968.0743692,1789718968.182119
s,1789718968.2415948,1789718968.3533432
c,1789718968.8072019,1789718968.9148922
h,1789718969.077999,1789718969.224589
o,1789718969.2277172,1789718969.2990139
o,1789718969.3832135,1789718969.4187014
l,1789718969.7069762,1789718969.7816582
Key.space,1789718969.8288407,1789718969.9027102
l,1789718969.9749603,1789718970.0856166
o,1789718970.1662223,1789718970.2408779
o,1789718970.315014,1789718970.390477
k,1789718970.4816868,1789718970.597518
Key.space,1789718970.5982766,1789718970.669599
Key.backspace,1789718971.0979185,1789718971.1734529
n,1789718971.4952483,1789718971.6077776
e,1789718971.56878,1789718971.719613
w,1789718971.6447382,1789718971.7946172
Key.space,1789718971.8041942,1789718971.9521449
i,1789718971.9144976,1789718971.9883108
f,1789718972.0022917,1789718972.1526272
Key.space,1789718972.1552172,1789718972.2251356
w,1789718972.2276597,1789718972.4495525
e,1789718972.4828396,1789718972.6317976
Key.space,1789718972.6332283,1789718972.78175
a,1789718972.7828484,1789718972.9298143
t,1789718972.936824,1789718973.0443785
Key.space,1789718973.0694726,1789718973.1402357
j,1789718973.4229233,1789718973.534474
u,1789718973.6199427,1789718973.7267034
s,1789718973.653412,1789718973.8049166
t,1789718973.8186455,1789718973.9695802
Key.space,1789718973.9799564,1789718974.0936267
a,1789718974.2193274,1789718974.3309453
Key.backspace,1789718974.5814626,1789718974.6950638
h,1789718974.8192341,1789718974.9315534
a,1789718974.8938487,1789718975.0063763
v,1789718975.0782743,1789718975.2272046
v,1789718975.589563,1789718975.664866
e,1789718975.7577305,1789718975.7974303
e,1789718975.8701663,1789718975.9075274
Key.backspace,1789718976.0452144,1789718976.119041
Key.backspace,1789718976.1979675,1789718976.2733374
Key.backspace,1789718976.5209267,1789718976.593584
e,1789718976.6379502,1789718976.7865245
Key.space,1789718976.7105052,1789718976.8625717
n,1789718976.8646872,1789718976.935657
o,1789718977.0788534,1789718977.152808
w,1789718977.1674652,1789718977.281158
Key.space,1789718977.2893107,1789718977.362592
m,1789718977.3731694,1789718977.5213752
e,1789718977.5225484,1789718977.6310115
a,1789718977.5953887,1789718977.7072809
n,1789718977.708385,1789718977.78133
Key.space,1789718977.8198612,1789718977.9308677
w,1789718977.8942745,1789718978.0059924
o,1789718978.0081766,1789718978.0776582
r,1789718978.3417933,1789718978.3774853
Key.backspace,1789718978.7016065,1789718978.8119555
u,1789718978.9163432,1789718979.0269215
l,1789718979.1409395,1789718979.2146893
d,1789718979.2146893,1789718979.3287237
Key.space,1789718979.3287237,1789718979.4378405
t,1789718979.7340727,1789718979.881037
u,1789718979.881037,1789718979.955764
r,1789718979.9815092,1789718980.131285
n,1789718980.2661712,1789718980.378832
Key.space,1789718980.403306,1789718980.5142124
o,1789718980.585306,1789718980.6934314
l,1789718980.770943,1789718980.8853946
d,1789718980.8853946,1789718980.9932358
Key.space,1789718980.9932358,1789718981.1073382
e,1789718981.1397269,1789718981.285964
a,1789718981.2474189,1789718981.3999538
r,1789718981.407251,1789718981.5578327
l,1789718981.6013627,1789718981.676625
y,1789718981.6951623,1789718981.8457096
Key.space,1789718981.8497715,1789718981.9598477
n,1789718982.2098298,1789718982.2857976
a,1789718982.2861516,1789718982.3965044
Key.backspace,1789718982.5104737,1789718982.5810864
Key.backspace,1789718982.6411414,1789718982.7141154
a,1789718982.7306,1789718982.840827
n,1789718982.907148,1789718982.981303
Key.space,1789718983.0910838,1789718983.2013988
Key.backspace,1789718983.357788,1789718983.5070024
y,1789718983.4684987,1789718983.581354
Key.space,1789718983.8602276,1789718983.9700725
e,1789718984.0904417,1789718984.2408955
Key.backspace,1789718984.4638197,1789718984.6101224
v,1789718984.9119532,1789718985.0243018
e,1789718985.0943882,1789718985.1686072
r,1789718985.2696662,1789718985.4219077
y,1789718985.4232478,1789718985.4932399
Key.space,1789718985.576279,1789718985.68573
f,1789718986.0115395,1789718986.1184437
a,1789718986.0822935,1789718986.2325916
t,1789718986.4053307,1789718986.519363
Key.backspace,1789718986.7395456,1789718986.847349
c,1789718986.8103042,1789718986.923774
t,1789718987.0513582,1789718987.2038877
Key.space,1789718987.2364376,1789718987.385587
p,1789718988.0303164,1789718988.1056747
o,1789718988.4452984,1789718988.5183928
i,1789718988.726848,1789718988.8395236
n,1789718988.9155402,1789718989.030231
t,1789718988.991577,1789718989.1009161
Key.space,1789718989.1072202,1789718989.176443
n,1789718989.1797893,1789718989.21546
e,1789718989.2160268,1789718989.324962
e,1789718989.3869514,1789718989.5016005
d,1789718989.585776,1789718989.7335408
Key.space,1789718989.7357166,1789718989.8450627
p,1789718989.8468018,1789718989.9554803
r,1789718990.0319176,1789718990.1432986
o,1789718990.1897218,1789718990.3012486
g,1789718990.2633789,1789718990.334216
r,1789718990.4305427,1789718990.576605
a,1789718990.5406063,1789718990.6510818
m,1789718990.6605182,1789718990.7677813
Key.space,1789718990.7895505,1789718990.900905
s,1789718990.943508,1789718991.0925064
c,1789718991.1474295,1789718991.2946794
h,1789718991.380087,1789718991.4884722
o,1789718991.4911962,1789718991.563766
o,1789718991.6022449,1789718991.6767752
l,1789718991.769995,1789718991.8767529
Key.space,1789718991.8844924,1789718992.0682678
a,1789718992.1306343,1789718992.2424083
f,1789718992.2884333,1789718992.3633614
Key.backspace,1789718992.5520854,1789718992.6604292
Key.backspace,1789718992.7725148,1789718992.9239962
f,1789718992.9283822,1789718993.0388224
a,1789718993.0019052,1789718993.1516392
c,1789718993.1530092,1789718993.2593207
e,1789718993.3641076,1789718993.4745014
Key.space,1789718993.4765103,1789718993.5858207
f,1789718993.8344417,1789718993.9841697
o,1789718993.9861107,1789718994.0595725
l,1789718994.1365464,1789718994.2136178
l,1789718994.2849984,1789718994.3965333
o,1789718994.4962964,1789718994.6059597
w,1789718994.6065576,1789718994.7131639
Key.space,1789718994.7131639,1789718994.8661823
s,1789718994.9137828,1789718995.0241995
Key.backspace,1789718995.3824737,1789718995.4968445
o,1789718995.6248424,1789718995.7352855
t,1789718995.7477517,1789718995.8977194
h,1789718995.9051325,1789718996.017805
e,1789718995.9802856,1789718996.0916028
r,1789718996.1352856,1789718996.2842586
Key.space,1789718996.2463913,1789718996.3581002
s,1789718996.494149,1789718996.6075187
t,1789718996.6891525,1789718996.8388252
i,1789718996.763835,1789718996.8388252
l,1789718996.9537516,1789718997.0239143
l,1789718997.0854838,1789718997.1635659
Key.space,1789718997.1844816,1789718997.292993
h,1789718997.771159,1789718997.8797278
a,1789718997.8464034,1789718997.9548352
v,1789718998.010997,1789718998.122966
e,1789718998.127976,1789718998.2405965
Key.space,1789718998.2635796,1789718998.3745737
s,1789718998.547995,1789718998.6573627
e,1789718998.6972344,1789718998.8090026
e,1789718998.865461,1789718999.0509405
Key.space,1789718999.013692,1789718999.1260223
g,1789718999.2928796,1789718999.4405031
o,1789718999.402137,1789718999.5130765
v,1789718999.5298755,1789718999.6053984
e,1789718999.6888885,1789718999.800517
r,1789718999.8759634,1789718999.983898
n,1789719000.060377,1789719000.1713774
Key.space,1789719000.3046575,1789719000.4171193
w,1789719000.5690482,1789719000.7137833
h,1789719000.6760838,1789719000.7503788
i,1789719001.1769376,1789719001.2883801
c,1789719001.3222022,1789719001.4695828
h,1789719001.5054445,1789719001.6142492
Key.space,1789719001.6376033,1789719001.7090776
i,1789719001.9295762,1789719002.004542
n,1789719002.1063516,1789719002.2172046
r,1789719002.384102,1789719002.4594355
Key.backspace,1789719002.7762077,1789719002.8852062
c,1789719003.3073857,1789719003.4190118
r,1789719003.5481398,1789719003.6571288
e,1789719003.7643685,1789719003.9096549
a,1789719003.875632,1789719004.0641224
s,1789719004.026025,1789719004.1381953
e,1789719004.0641224,1789719004.213158
Key.space,1789719004.2144485,1789719004.284061
f,1789719004.3906615,1789719004.4654138
i,1789719004.427483,1789719004.5393074
n,1789719004.6505432,1789719004.762276
d,1789719004.762276,1789719004.913332
Key.space,1789719004.9573643,1789719005.1072462
s,1789719005.070226,1789719005.217665
a,1789719005.1809444,1789719005.2936974
y,1789719005.3302164,1789719005.4417334
Key.space,1789719005.4581513,1789719005.566877
w,1789719005.5688848,1789719005.6792612
h,1789719005.68343,1789719005.7546577
o,1789719005.8649986,1789719005.971154
Key.space,1789719006.0045052,1789719006.112711
w,1789719006.2158668,1789719006.2925043
Key.backspace,1789719006.4281147,1789719006.5413227
s,1789719006.541872,1789719006.6517491
u,1789719006.6625187,1789719006.7765052
c,1789719006.804069,1789719006.9559584
h,1789719006.959687,1789719007.0298824
Key.space,1789719007.058901,1789719007.2073803
o,1789719007.2942023,1789719007.4055328
t,1789719007.4470003,1789719007.5974698
h,1789719007.6000395,1789719007.670845
e,1789719007.6874332,1789719007.8007834
r,1789719007.8457916,1789719007.9965665
Key.space,1789719008.063425,1789719008.1708696
f,1789719008.1808,1789719008.3311727
i,1789719008.3465216,1789719008.4542239
r,1789719008.4674437,1789719008.654643
s,1789719008.617257,1789719008.766972
t,1789719008.8047411,1789719008.9512174
Key.space,1789719008.955094,1789719009.0280197
w,1789719009.1946645,1789719009.304037
h,1789719009.304037,1789719009.4123077
i,1789719009.5009978,1789719009.608729
h,1789719009.724185,1789719009.7959604
Key.backspace,1789719010.058128,1789719010.1670246
c,1789719010.1670246,1789719010.2419083
h,1789719010.2711902,1789719010.3816984
Key.space,1789719010.4462824,1789719010.5576682
h,1789719010.558363,1789719010.6304712
o,1789719010.724706,1789719010.8403378
w,1789719010.841795,1789719010.9873495
Key.space,1789719010.9122555,1789719011.0239584
i,1789719011.0295682,1789719011.141532
n,1789719011.2228081,1789719011.370497
t,1789719011.3333852,1789719011.4468124
e,1789719011.5080814,1789719011.6205661
r,1789719011.6754644,1789719011.7867873
e,1789719011.853811,1789719012.0420566
s,1789719011.9626236,1789719012.0766892
t,1789719012.364178,1789719012.474863
Key.space,1789719012.528516,1789719012.6402483
p,1789719012.7031884,1789719012.775365
l,1789719012.863738,1789719012.9746497
a,1789719012.9746497,1789719013.0882435
n,1789719013.1263547,1789719013.2372744
Key.space,1789719013.2407877,1789719013.357535
w,1789719013.5754786,1789719013.6889362
h,1789719013.6906857,1789719013.7639606
i,1789719013.8667755,1789719013.9796855
c,1789719013.9882376,1789719014.1010616
h,1789719014.1079018,1789719014.2207274
Key.space,1789719014.239703,1789719014.3498175
g,1789719014.546237,1789719014.657984
o,1789719014.657984,1789719014.7330651
Key.space,1789719014.7570977,1789719014.8709614
e,1789719014.874753,1789719014.9792135
y,1789719015.041676,1789719015.1495664
e,1789719015.1844778,1789719015.3358672
Key.space,1789719015.397602,1789719015.5464947
s,1789719015.6640704,1789719015.9253116
a,1789719015.8518887,1789719016.0001178
m,1789719016.0030284,1789719016.1132238
e,1789719016.075125,1789719016.2251034
Key.space,1789719016.186923,1789719016.3378024
h,1789719016.3410268,1789719016.4125829
o,1789719016.5153387,1789719016.591603
w,1789719016.5542233,1789719016.7014167
Key.space,1789719016.70453,1789719016.8125014
r,1789719016.7371528,1789719016.8888485
e,1789719016.9349675,1789719017.1225028
a,1789719017.043958,1789719017.1579168
l,1789719017.1579168,1789719017.2287111
y,1789719017.3043554,1789719017.3790994
Key.backspace,1789719017.6223137,1789719017.734107
Key.space,1789719017.7846057,1789719017.932906
a,1789719017.9348834,1789719018.1168475
Key.space,1789719018.2710752,1789719018.378934
b,1789719018.7457063,1789719018.8190787
o,1789719018.9663606,1789719019.0383978
t,1789719019.0785036,1789719019.192687
g,1789719019.2049477,1789719019.2414165
Key.space,1789719019.2903926,1789719019.4029582
Key.backspace,1789719019.6512969,1789719019.7268074
h,1789719019.7746148,1789719019.8833425
Key.space,1789719019.8933122,1789719020.0430386
Key.backspace,1789719020.1593323,1789719020.2329454
Key.backspace,1789719020.2923458,1789719020.3659697
Key.backspace,1789719020.4408216,1789719020.5125632
h,1789719020.5125632,1789719020.587075
Key.space,1789719020.6186762,1789719020.6912453
g,1789719020.9283998,1789719021.0408943
e,1789719021.0035083,1789719021.1157382
e,1789719021.1457038,1789719021.2923272
n,1789719021.2161796,1789719021.2955134
r,1789719021.3607342,1789719021.5081997
a,1789719021.4325686,1789719021.5840251
l,1789719021.6900895,1789719021.8369482
Key.space,1789719021.868965,1789719021.9825265
u,1789719022.1553757,1789719022.228637
n,1789719022.3422508,1789719022.4163446
Key.backspace,1789719022.6426303,1789719022.7200692
Key.backspace,1789719022.768638,1789719022.877321
i,1789719022.9498122,1789719023.0255673
Key.backspace,1789719023.2958345,1789719023.4056554
i,1789719023.725736,1789719023.838136
n,1789719023.9306135,1789719024.0447128
t,1789719024.0447128,1789719024.1570942
o,1789719024.242762,1789719024.351759
Key.space,1789719024.4246206,1789719024.650224
w,1789719024.650224,1789719024.7617743
i,1789719024.7747707,1789719024.9248626
r,1789719024.8824868,1789719025.0718358
Key.backspace,1789719025.199083,1789719025.3088465
Key.backspace,1789719025.3661146,1789719025.4411466
r,1789719025.457786,1789719025.5701153
i,1789719025.5701153,1789719025.6833184
t,1789719025.6416683,1789719025.7566526
e,1789719025.8296444,1789719025.942898
Key.space,1789719025.942898,1789719026.0547614
d,1789719026.0565472,1789719026.2037582
o,1789719026.2063475,1789719026.2785063
Key.space,1789719026.2408,1789719026.3914013
t,1789719026.3924375,1789719026.5030148
h,1789719026.4621906,1789719026.574522
o,1789719026.6577501,1789719026.8056428
s,1789719026.7283893,1789719026.840864
e,1789719026.8074934,1789719026.9553385
Key.space,1789719026.9156718,1789719027.028367
a,1789719027.1042204,1789719027.2542646
g,1789719027.4974005,1789719027.6076531
a,1789719027.782585,1789719027.928588
i,1789719027.8912828,1789719028.0034363
n,1789719028.0791364,1789719028.1876323
s,1789719028.207845,1789719028.3160942
t,1789719028.3789823,1789719028.5296094
Key.space,1789719028.5334227,1789719028.6443162
p,1789719028.6520724,1789719028.7203386
o,1789719028.7992024,1789719028.872455
s,1789719029.116527,1789719029.2256682
s,1789719029.2800362,1789719029.427983
i,1789719029.3905392,1789719029.5036588
b,1789719029.549249,1789719029.6981544
l,1789719029.7058377,1789719029.8154657
e,1789719029.8154657,1789719029.9301665
Key.space,1789719029.9320729,1789719030.041628
n,1789719030.0788672,1789719030.190957
o,1789719030.292511,1789719030.3646965
Key.space,1789719030.369971,1789719030.4808593
j,1789719030.5084903,1789719030.6210668
u,1789719030.6906297,1789719030.7617311
s,1789719030.7652907,1789719030.8769503
t,1789719030.889561,1789719031.0369089
Key.space,1789719031.1014113,1789719031.2117882
a,1789719031.2253747,1789719031.3759701
f,1789719031.4868472,1789719031.598472
t,1789719031.682017,1789719031.7575943
e,1789719031.7590837,1789719031.8329191
r,1789719031.9009671,1789719032.0121615
Key.space,1789719032.0177495,1789719032.157931
r,1789719032.120269,1789719032.2337198
u,1789719032.2337198,1789719032.3080816
n,1789719032.3999748,1789719032.5116959
Key.space,1789719032.4370604,1789719032.5486512
l,1789719032.6851103,1789719032.7580361
a,1789719032.7617705,1789719032.9077518
s,1789719032.9117992,1789719033.0175722
t,1789719033.1007795,1789719033.2493072
Key.space,1789719033.2594345,1789719033.4060426
g,1789719033.4129715,1789719033.5633564
i,1789719033.5708063,1789719033.6829271
v,1789719034.0072021,1789719034.1185772
e,1789719034.1921222,1789719034.3047335
Key.space,1789719034.3076808,1789719034.4543893
w,1789719034.46612,1789719034.6167371
r,1789719034.670983,1789719034.8574288
i,1789719034.7821183,1789719034.8929706
t,1789719034.915225,1789719035.0276852
e,1789719035.075711,1789719035.2252426
Key.esc,1789719037.5945437,1789719037.7082858
Key.esc,1789719113.1290045,1789719113.2417996
s,1789719134.0314054,1789719134.144906
o,1789719134.0713084,1789719134.1473398
m,1789719134.2482686,1789719134.3573828
e,1789719134.318578,1789719134.431218
Key.space,1789719134.4525025,1789719134.5650167
b,1789719134.909607,1789719135.0158584
u,1789719135.0572407,1789719135.165
t,1789719135.165,1789719135.2810163
Key.space,1789719135.2810163,1789719135.4308257
t,1789719135.3931327,1789719135.5431216
u,1789719135.4683537,1789719135.5798695
e,1789719135.6140869,1789719135.7616806
n,1789719135.68761,1789719135.7995996
Key.backspace,1789719136.0358477,1789719136.110082
Key.backspace,1789719136.1683147,1789719136.2432973
r,1789719136.3147674,1789719136.464464
n,1789719136.4710999,1789719136.5366578
Key.space,1789719136.5597806,1789719136.672067
u,1789719136.8152082,1789719136.9636223
d,1789719136.990499,1789719137.142237
Key.backspace,1789719137.3297033,1789719137.4014275
Key.backspace,1789719137.4892416,1789719137.564113
d,1789719137.707184,1789719137.8550549
u,1789719137.856033,1789719137.9288135
r,1789719138.0100036,1789719138.157637
i,1789719138.0828018,1789719138.1599283
n,1789719138.268399,1789719138.3764188
g,1789719138.339352,1789719138.4513993
Key.space,1789719138.4778442,1789719138.5928338
n,1789719138.555411,1789719138.630488
a,1789719138.6408067,1789719138.7861984
t,1789719138.7991314,1789719138.9476757
i,1789719138.9099317,1789719138.9868472
o,1789719139.0749698,1789719139.1855652
n,1789719139.2235456,1789719139.2967815
Key.space,1789719139.3723443,1789719139.4803195
m,1789719139.5103564,1789719139.619097
u,1789719139.7015672,1789719139.8153098
g,1789719139.818664,1789719139.9259233
h,1789719139.9395752,1789719140.0510857
t,1789719140.0137076,1789719140.1241746
Key.space,1789719140.1440415,1789719140.2177348
f,1789719140.5944877,1789719140.7059047
i,1789719140.7102766,1789719140.7812645
r,1789719140.7931662,1789719140.9807758
s,1789719140.9087563,1789719141.0549166
t,1789719141.0711477,1789719141.1826763
Key.space,1789719141.1826763,1789719141.2931716
n,1789719141.393963,1789719141.4684896
o,1789719141.5865738,1789719141.6637707
w,1789719141.6679342,1789719141.8139477
Key.space,1789719141.7740235,1789719141.888536
n,1789719141.8915868,1789719141.9592357
e,1789719141.9619389,1789719142.1110904
w,1789719142.0348887,1789719142.184991
Key.space,1789719142.1890073,1789719142.2596052
w,1789719142.341197,1789719142.4509652
h,1789719142.584475,1789719142.7321403
i,1789719142.6970248,1789719142.7718453
l,1789719142.8490381,1789719142.997152
e,1789719142.9221702,1789719143.0728862
Key.space,1789719143.034028,1789719143.1476867
i,1789719143.1517944,1789719143.2197733
f,1789719143.2220874,1789719143.3724391
Key.space,1789719143.3754299,1789719143.4450169
w,1789719143.455948,1789719143.5693119
a,1789719143.7890158,1789719143.9384818
Key.space,1789719144.0801136,1789719144.2271254
Key.backspace,1789719144.355943,1789719144.467953
y,1789719144.5630057,1789719144.673913
Key.space,1789719144.6799939,1789719144.7923117
e,1789719144.754607,1789719144.8632174
a,1789719144.8632174,1789719144.9758546
c,1789719144.9821656,1789719145.1304712
g,1789719145.0924575,1789719145.1681418
Key.space,1789719145.2328672,1789719145.347146
Key.backspace,1789719145.5215964,1789719145.592713
Key.backspace,1789719145.6636643,1789719145.8134077
h,1789719145.8352087,1789719145.909483
Key.space,1789719145.943278,1789719146.130256
h,1789719146.0544055,1789719146.2013245
o,1789719146.1660597,1789719146.276579
u,1789719146.3677573,1789719146.480195
s,1789719146.444531,1789719146.551301
e,1789719146.557301,1789719146.7058165
Key.space,1789719146.6299996,1789719146.7417383
e,1789719146.8577878,1789719147.0074866
y,1789719147.0492,1789719147.159478
e,1789719147.230195,1789719147.4175348
Key.space,1789719147.3815086,1789719147.4552436
l,1789719147.7283819,1789719147.8380635
a,1789719147.8595326,1789719148.0053725
r,1789719148.078482,1789719148.191102
g,1789719148.2104862,1789719148.2855737
e,1789719148.293047,1789719148.4451907
Key.space,1789719148.4463453,1789719148.5176435
p,1789719148.5585787,1789719148.671853
a,1789719148.7223434,1789719148.8709412
l,1789719148.7593782,1789719148.8709412
y,1789719148.9570842,1789719149.0713713
Key.space,1789719149.0321028,1789719149.1463501
l,1789719149.1509662,1789719149.2183673
i,1789719149.3110814,1789719149.4224036
k,1789719149.4818604,1789719149.5962934
e,1789719149.5585077,1789719149.7075167
Key.space,1789719149.7088015,1789719149.7812548
g,1789719149.9026792,1789719150.04806
o,1789719150.0542903,1789719150.1259143
e,1789719150.1504211,1789719150.262676
Key.backspace,1789719150.5373778,1789719150.6466227
v,1789719150.610702,1789719150.6843786
e,1789719150.783704,1789719150.8921957
r,1789719150.9509535,1789719151.06293
n,1789719151.0644844,1789719151.175479
Key.space,1789719151.1849825,1789719151.2981915
t,1789719151.313401,1789719151.4639645
a,1789719151.569188,1789719151.6419325
k,1789719151.8754203,1789719151.9844983
e,1789719151.9844983,1789719152.0978963
Key.space,1789719152.098602,1789719152.1718812
v,1789719152.2175086,1789719152.328902
e,1789719152.3309062,1789719152.4008443
r,1789719152.4698675,1789719152.6196363
y,1789719152.5443063,1789719152.6576767
Key.space,1789719152.7771485,1789719152.8886194
h,1789719152.892053,1789719152.9257264
o,1789719153.050326,1789719153.1632383
w,1789719153.1632383,1789719153.273789
e,1789719153.3307328,1789719153.4757037
v,1789719153.4914973,1789719153.6044307
e,1789719153.6106212,1789719153.713765
r,1789719153.7783227,1789719153.9294548
Key.space,1789719153.891459,1789719153.9633389
m,1789719154.1086092,1789719154.2190306
a,1789719154.219535,1789719154.3301358
n,1789719154.401953,1789719154.4757068
y,1789719154.4887671,1789719154.5980294
Key.space,1789719154.6175358,1789719154.7284825
s,1789719154.7390914,1789719154.884301
m,1789719154.8884916,1789719154.9589915
a,1789719154.9630148,1789719155.0732334
l,1789719155.099823,1789719155.1756852
l,1789719155.2224498,1789719155.330813
Key.space,1789719155.330813,1789719155.4446092
t,1789719155.6032283,1789719155.7503257
a,1789719155.7097092,1789719155.9008694
k,1789719155.8634346,1789719155.9768758
e,1789719155.9768758,1789719156.126939
Key.space,1789719156.1281362,1789719156.3104444
d,1789719156.3520074,1789719156.464627
e,1789719156.5422385,1789719156.654155
v,1789719156.6173196,1789719156.7299478
e,1789719156.7905192,1789719156.9359767
l,1789719156.9945078,1789719157.1006541
o,1789719157.210598,1789719157.2839696
p,1789719157.3673868,1789719157.4423213
Key.space,1789719157.4926834,1789719157.6039863
h,1789719157.9641244,1789719158.113142
o,1789719158.0390542,1789719158.145916
k,1789719158.1905158,1789719158.3422406
e,1789719158.2669387,1789719158.4174144
Key.backspace,1789719158.5798805,1789719158.6571383
Key.backspace,1789719158.7074018,1789719158.8183498
m,1789719158.9204595,1789719158.996531
e,1789719158.996531,1789719159.1080089
Key.space,1789719159.1604762,1789719159.273738
f,1789719159.342488,1789719159.4582732
a,1789719159.4632401,1789719159.6065114
c,1789719159.6100194,1789719159.7541258
t,1789719159.716938,1789719159.829204
Key.space,1789719159.9849,1789719160.130691
o,1789719160.0950851,1789719160.2016807
e,1789719160.4011414,1789719160.5513034
Key.backspace,1789719160.7921505,1789719160.8961065
n,1789719160.9954944,1789719161.104685
e,1789719161.1079574,1789719161.2166877
Key.space,1789719161.2166877,1789719161.2930844
o,1789719161.2930844,1789719161.3676496
t,1789719161.3956196,1789719161.541777
h,1789719161.5435328,1789719161.612758
e,1789719161.6172612,1789719161.7269926
r,1789719161.7709765,1789719161.8795638
Key.space,1789719161.8832228,1789719161.9915326
w,1789719161.9543874,1789719162.1048052
i,1789719162.0665073,1789719162.1415608
t,1789719162.183157,1789719162.300279
h,1789719162.262365,1789719162.3373494
o,1789719162.4681618,1789719162.5385692
u,1789719162.6502914,1789719162.6834862
t,1789719162.776751,1789719162.931203
Key.space,1789719162.969763,1789719163.1212792
g,1789719163.558107,1789719163.7046814
o,1789719163.7318308,1789719163.8083012
o,1789719163.871931,1789719163.985392
d,1789719163.9462206,1789719164.095911
Key.space,1789719164.060443,1789719164.2099028
i,1789719164.2170377,1789719164.3309271
p,1789719164.4634976,1789719164.5375595
Key.backspace,1789719164.6670272,1789719164.7375448
Key.backspace,1789719164.7971828,1789719164.9074717
u,1789719165.0596068,1789719165.1710708
p,1789719165.2582073,1789719165.3705049
Key.space,1789719165.3705049,1789719165.479438
w,1789719165.4432259,1789719165.5924032
h,1789719165.5537572,1789719165.6664267
a,1789719165.630536,1789719165.7796683
t,1789719165.79771,1789719165.9465392
Key.space,1789719165.9490032,1789719166.0962217
t,1789719166.1508324,1789719166.3009756
h,1789719166.2248678,1789719166.341106
a,1789719166.342894,1789719166.487676
t,1789719166.4903812,1789719166.637917
Key.space,1789719166.599972,1789719166.7099714
a,1789719166.7168543,1789719166.862736
f,1789719166.9060092,1789719167.0585418
t,1789719167.0681934,1789719167.1792893
e,1789719167.1428242,1789719167.2573555
r,1789719167.309816,1789719167.4227493
Key.space,1789719167.42438,1789719167.5329683
l,1789719167.5409648,1789719167.6459484
a,1789719167.6481292,1789719167.8310494
s,1789719167.7562468,1789719167.9059334
t,1789719167.9333627,1789719168.085283
Key.space,1789719168.088712,1789719168.1954458
d,1789719168.3168914,1789719168.466833
u,1789719168.5802948,1789719168.6895862
r,1789719168.7214587,1789719168.8730385
i,1789719168.9684424,1789719169.0414908
n,1789719169.1724355,1789719169.2842155
g,1789719169.2868617,1789719169.3952146
Key.space,1789719169.3952146,1789719169.50765
b,1789719169.694094,1789719169.7677324
e,1789719169.8038313,1789719169.9160073
f,1789719170.0132296,1789719170.1239967
o,1789719170.1887674,1789719170.2613401
r,1789719170.2620127,1789719170.3728151
e,1789719170.4227562,1789719170.5339658
Key.space,1789719170.5376186,1789719170.6874986
f,1789719170.6949675,1789719170.7704272
o,1789719170.733866,1789719170.8454816
l,1789719170.929517,1789719171.0747375
Key.backspace,1789719171.3217769,1789719171.396385
o,1789719171.7929797,1789719171.9074574
l,1789719172.0045066,1789719172.1139276
l,1789719172.1634755,1789719172.2375917
o,1789719172.328399,1789719172.404421
w,1789719172.420228,1789719172.532725
Key.space,1789719172.532725,1789719172.6420014
r,1789719172.7374475,1789719172.8874688
i,1789719172.848948,1789719172.9643009
g,1789719172.996541,1789719173.1074903
h,1789719173.110288,1789719173.2200906
t,1789719173.730981,1789719173.8409257
Key.space,1789719173.845047,1789719173.9583204
b,1789719174.1168635,1789719174.2256808
e,1789719174.228135,1789719174.3017683
g,1789719174.413906,1789719174.527909
i,1789719174.48857,1789719174.5619054
n,1789719174.6819725,1789719174.7954273
Key.space,1789719174.7954273,1789719174.906325
s,1789719175.120352,1789719175.266261
u,1789719175.2300966,1789719175.3422897
v,1789719175.3854227,1789719175.5327582
h,1789719175.4958518,1789719175.5711179
Key.backspace,1789719175.7752156,1789719175.847532
Key.backspace,1789719175.901403,1789719175.9747539
c,1789719176.042679,1789719176.191237
h,1789719176.152873,1789719176.2290275
Key.space,1789719176.2329192,1789719176.3404732
w,1789719176.343563,1789719176.5282278
h,1789719176.492544,1789719176.565495
e,1789719176.5322223,1789719176.67958
r,1789719176.7197034,1789719176.8284142
e,1789719176.8701913,1789719176.9771357
Key.space,1789719176.9849892,1789719177.1332502
g,1789719177.1382768,1789719177.2077696
r,1789719177.2676427,1789719177.413097
o,1789719177.303435,1789719177.4178503
u,1789719177.4889972,1789719177.595203
p,1789719177.7046437,1789719177.815777
Key.space,1789719177.7790546,1789719177.892949
f,1789719177.9527476,1789719178.0994534
i,1789719178.0578508,1789719178.132288
r,1789719178.194567,1789719178.3414016
s,1789719178.2669883,1789719178.417455
t,1789719178.443364,1789719178.5932248
Key.space,1789719178.5967655,1789719178.7039874
n,1789719178.7382832,1789719178.8121278
u,1789719178.937145,1789719179.013442
m,1789719179.128026,1789719179.2363992
b,1789719179.3157077,1789719179.4245462
e,1789719179.3874962,1789719179.4614928
r,1789719179.5209658,1789719179.632519
Key.space,1789719179.594769,1789719179.7075639
w,1789719179.7075639,1789719179.8182013
i,1789719179.7405596,1789719179.8205106
o,1789719179.9157104,1789719179.9521348
l,1789719180.0668027,1789719180.1785743
l,1789719180.2575407,1789719180.3326874
Key.backspace,1789719180.4247234,1789719180.4953566
Key.backspace,1789719180.587855,1789719180.6979868
Key.backspace,1789719180.7460194,1789719180.8530746
l,1789719180.9534018,1789719181.0241175
l,1789719181.103432,1789719181.1785913
Key.space,1789719181.2005532,1789719181.3097115
g,1789719181.3249757,1789719181.4717057
i,1789719181.475342,1789719181.544832
v,1789719181.553337,1789719181.6629257
e,1789719181.7474382,1789719181.8577049
Key.space,1789719181.8577049,1789719181.9696476
i,1789719182.0249233,1789719182.094979
n,1789719182.2000537,1789719182.2741342
t,1789719182.236678,1789719182.3488462
e,1789719182.4125788,1789719182.523903
r,1789719182.603139,1789719182.8599694
s,1789719182.7860131,1789719182.9350612
t,1789719182.978354,1789719183.1256106
Key.space,1789719183.1507268,1789719183.3001587
c,1789719183.3422968,1789719183.49063
o,1789719183.4533384,1789719183.527703
u,1789719183.618648,1789719183.691548
l,1789719183.8484464,1789719183.9573622
d,1789719184.012605,1789719184.123882
Key.space,1789719184.136001,1789719184.2111964
s,1789719184.3706694,1789719184.480598
h,1789719184.613516,1789719184.7245944
o,1789719184.685979,1789719184.7988286
u,1789719184.873937,1789719184.949055
l,1789719185.0821886,1789719185.1946948
d,1789719185.1951895,1789719185.3027148
Key.space,1789719185.26507,1789719185.3769896
w,1789719185.4660773,1789719185.5768933
h,1789719185.5786483,1789719185.6490858
e,1789719185.6525626,1789719185.7629356
r,1789719185.8110561,1789719185.9240496
e,1789719185.9682293,1789719186.1193664
Key.space,1789719186.121439,1789719186.2303107
a,1789719186.191314,1789719186.3449543
t,1789719186.3495674,1789719186.4251916
Key.space,1789719186.4436042,1789719186.5526803
h,1789719186.7170997,1789719186.8284302
o,1789719186.9287562,1789719187.0375726
w,1789719187.0419343,1789719187.1108556
e,1789719187.1585085,1789719187.3075342
v,1789719187.2696445,1789719187.377582
e,1789719187.406258,1789719187.5195434
r,1789719187.5817757,1789719187.729536
Key.space,1789719187.6908057,1789719187.8406644
t,1789719188.0980613,1789719188.212312
a,1789719188.224621,1789719188.375757
k,1789719188.3907304,1789719188.503725
e,1789719188.5067532,1789719188.6116297
Key.space,1789719188.6151414,1789719188.6859975
o,1789719188.6902685,1789719188.7653828
f,1789719188.7653828,1789719188.8746645
f,1789719188.9337716,1789719189.0820847
Key.space,1789719189.0870423,1789719189.194319
b,1789719189.2017007,1789719189.3117683
e,1789719189.2731924,1789719189.379992
c,1789719189.468784,1789719189.6143856
o,1789719189.5793107,1789719189.6530929
m,1789719189.7630284,1789719189.829529
e,1789719189.8414593,1789719189.9527931
Key.space,1789719189.9541984,1789719190.064865
p,1789719190.1796458,1789719190.2940388
r,1789719190.3987346,1789719190.5467973
o,1789719190.5503273,1789719190.6571825
g,1789719190.6571825,1789719190.7316682
r,1789719190.802962,1789719190.948359
a,1789719190.8774176,1789719191.0249887
m,1789719190.987554,1789719191.1003635
Key.space,1789719191.1003635,1789719191.216633
o,1789719191.402889,1789719191.4778292
Key.backspace,1789719191.6277447,1789719191.698063
h,1789719191.9744556,1789719192.1190329
o,1789719192.0815005,1789719192.1576133
l,1789719192.2247562,1789719192.2979097
d,1789719192.2979097,1789719192.4480546
Key.space,1789719192.4104648,1789719192.5218747
c,1789719192.6472943,1789719192.7950084
h,1789719192.8861983,1789719193.036589
i,1789719192.9996142,1789719193.0372746
l,1789719193.1509247,1789719193.223504
Key.space,1789719193.3420267,1789719193.4522846
b,1789719193.556992,1789719193.6659663
e,1789719193.6280107,1789719193.702077
c,1789719193.814955,1789719193.9662747
a,1789719193.9738846,1789719194.153628
u,1789719194.1607516,1789719194.2319562
s,1789719194.2730072,1789719194.4199347
e,1789719194.4236581,1789719194.531915
Key.space,1789719194.4950643,1789719194.5693557
b,1789719194.6474195,1789719194.7244866
a,1789719194.727032,1789719194.8750591
c,1789719194.8813455,1789719194.9861095
k,1789719194.9861095,1789719195.0578775
Key.space,1789719195.1212647,1789719195.2324667
h,1789719195.4957237,1789719195.6441839
o,1789719195.606223,1789719195.6811965
u,1789719195.761487,1789719195.8745077
s,1789719195.8358395,1789719195.9489827
e,1789719195.9121914,1789719196.0241902
Key.space,1789719196.0241902,1789719196.1351097
l,1789719196.1532168,1789719196.2269871
o,1789719196.3400068,1789719196.4146583
n,1789719196.525146,1789719196.6359363
g,1789719196.8944216,1789719197.045089
Key.space,1789719197.0478582,1789719197.1561027
h,1789719197.2089827,1789719197.2856941
e,1789719197.2856941,1789719197.3976521
r,1789719197.4507258,1789719197.558975
e,1789719197.617284,1789719197.7269392
Key.space,1789719197.7309337,1789719197.8395293
b,1789719197.8985245,1789719198.014705
w,1789719198.0498643,1789719198.1979196
t,1789719198.220491,1789719198.2945633
e,1789719198.2976983,1789719198.407629
e,1789719198.4609716,1789719198.5738153
e,1789719198.647924,1789719198.7228143
n,1789719198.6850493,1789719198.7607596
Key.space,1789719198.8352623,1789719198.9436858
h,1789719199.2183762,1789719199.3277664
e,1789719199.3277664,1789719199.4406722
a,1789719199.401844,1789719199.5522606
d,1789719199.5540802,1789719199.7017467
Key.space,1789719199.7021794,1789719199.8106098
s,1789719200.224325,1789719200.334687
a,1789719200.334687,1789719200.4435027
y,1789719200.5111969,1789719200.623993
Key.space,1789719200.6872785,1789719200.7985663
s,1789719200.7608647,1789719200.9107566
u,1789719200.957282,1789719201.068436
c,1789719201.086461,1789719201.2368798
h,1789719201.2403438,1789719201.2747288
Key.space,1789719201.3106606,1789719201.4243858
g,1789719201.547805,1789719201.6224096
h,1789719201.6250675,1789719201.6932251
r,1789719201.7694967,1789719201.9163427
Key.backspace,1789719202.2321594,1789719202.3057911
Key.backspace,1789719202.3799784,1789719202.457408
Key.backspace,1789719202.547817,1789719202.6209123
t,1789719202.6764708,1789719202.7849078
h,1789719202.8006346,1789719202.8736913
r,1789719202.8771026,1789719202.9856877
o,1789719203.040691,1789719203.1517353
i,1789719203.236712,1789719203.273747
g,1789719203.3684514,1789719203.5164666
Key.backspace,1789719203.7903569,1789719203.900971
Key.backspace,1789719203.9607248,1789719204.0721843
u,1789719204.2461479,1789719204.3578453
g,1789719204.3913488,1789719204.5395455
h,1789719204.5015733,1789719204.577124
Key.space,1789719204.6022472,1789719204.7521017
n,1789719205.095698,1789719205.207673
e,1789719205.207673,1789719205.3563805
v,1789719205.3634396,1789719205.4410224
e,1789719205.4519942,1789719205.5641756
r,1789719205.6332662,1789719205.7482417
Key.space,1789719205.7493145,1789719205.8955717
s,1789719205.8988452,1789719206.0073917
t,1789719206.0186653,1789719206.1311045
a,1789719206.1347072,1789719206.285149
t,1789719206.3605957,1789719206.4350512
e,1789719206.5282764,1789719206.6788838
Key.space,1789719206.6409552,1789719206.752713
o,1789719206.7652137,1789719206.8415983
p,1789719206.9274364,1789719207.0390038
e,1789719207.064658,1789719207.2166402
n,1789719207.1747935,1789719207.2514832
Key.space,1789719207.2746258,1789719207.3862638
w,1789719207.3889222,1789719207.4983504
h,1789719207.5670264,1789719207.713865
i,1789719207.6769774,1789719207.751725
l,1789719207.820721,1789719207.9305758
e,1789719207.9305758,1789719208.0810707
Key.space,1789719208.0075424,1789719208.1180685
b,1789719208.0850248,1789719208.1944656
a,1789719208.1570053,1789719208.307623
c,1789719208.311805,1789719208.4559767
k,1789719208.4180923,1789719208.5310507
Key.space,1789719208.533171,1789719208.678136
s,1789719208.6409717,1789719208.7560675
m,1789719208.7572558,1789719208.7904434
a,1789719208.7934082,1789719208.9043822
l,1789719208.9428368,1789719209.018582
l,1789719209.0727155,1789719209.1474023
Key.space,1789719209.1594906,1789719209.2721236
p,1789719209.2779663,1789719209.3514812
l,1789719209.4322927,1789719209.5435774
a,1789719209.507956,1789719209.6180346
c,1789719209.6389608,1789719209.7860773
e,1789719209.8676982,1789719209.9772818
Key.space,1789719209.9772818,1789719210.1249385
c,1789719210.130481,1789719210.2763498
h,1789719210.2405558,1789719210.3141866
a,1789719210.325176,1789719210.4742146
n,1789719210.4760559,1789719210.5841198
g,1789719210.8739896,1789719210.985949
e,1789719211.1367166,1789719211.3226156
Key.space,1789719211.284943,1789719211.396971
o,1789719211.3981316,1789719211.4730349
f,1789719211.4740474,1789719211.5846424
Key.space,1789719211.5846424,1789719211.6949568
p,1789719211.6986222,1789719211.7702172
o,1789719211.833007,1789719211.9430034
s,1789719211.9466434,1789719212.0181756
s,1789719212.0743299,1789719212.1846046
i,1789719212.1874077,1789719212.2574282
b,1789719212.352872,1789719212.4996524
l,1789719212.5077426,1789719212.5808828
e,1789719212.665807,1789719212.7761796
Key.space,1789719212.8469403,1789719212.9968276
w,1789719213.0321794,1789719213.1769073
i,1789719213.1406202,1789719213.2139366
t,1789719213.3360844,1789719213.4848359
h,1789719213.446962,1789719213.5223749
o,1789719213.6711876,1789719213.7478063
u,1789719213.86544,1789719213.9406524
t,1789719213.9406524,1789719214.0531154
Key.space,1789719214.0549493,1789719214.126234
e,1789719214.1806462,1789719214.2936053
Key.backspace,1789719214.7263825,1789719214.801535
h,1789719214.9308872,1789719215.0426502
a,1789719215.0461683,1789719215.1553242
v,1789719215.1693766,1789719215.2847638
e,1789719215.2847638,1789719215.3927655
Key.space,1789719215.3965597,1789719215.507249
e,1789719215.507249,1789719215.6551657
a,1789719215.6178315,1789719215.7315571
r,1789719215.7481866,1789719215.899277
l,1789719215.971498,1789719216.043426
y,1789719216.1009266,1789719216.2100835
Key.space,1789719216.234817,1789719216.3864403
b,1789719216.4643877,1789719216.5381923
e,1789719216.5453274,1789719216.6592195
f,1789719216.7475507,1789719216.857824
o,1789719216.9010646,1789719216.9738827
r,1789719216.9763007,1789719217.0843115
e,1789719217.1304765,1789719217.2446368
Key.space,1789719217.24695,1789719217.3935542
f,1789719217.397381,1789719217.505312
i,1789719217.4677489,1789719217.542748
r,1789719217.5923522,1789719217.776574
s,1789719217.7010713,1789719217.815934
t,1789719217.869895,1789719217.9823883
Key.space,1789719217.9842038,1789719218.092622
a,1789719218.1080582,1789719218.2928624
l,1789719218.258523,1789719218.3704398
s,1789719218.386131,1789719218.4947348
o,1789719218.5429065,1789719218.613474
Key.space,1789719218.619655,1789719218.730166
c,1789719218.768171,1789719218.918115
o,1789719218.8802543,1789719218.9549654
u,1789719219.0507684,1789719219.124464
r,1789719219.1259918,1789719219.1992047
s,1789719219.255678,1789719219.404873
e,1789719219.3674235,1789719219.4788923
Key.space,1789719219.4788923,1789719219.5925994
m,1789719219.6514235,1789719219.7646182
e,1789719219.7693903,1789719219.9141269
a,1789719219.8406324,1789719219.9914212
n,1789719219.994161,1789719220.0636418
Key.space,1789719220.1078556,1789719220.2183478
b,1789719220.5064905,1789719220.5806644
e,1789719220.5887375,1789719220.735627
g,1789719220.8326907,1789719220.9817972
i,1789719220.983928,1789719221.0178492
n,1789719221.1567256,1789719221.2302735
Key.space,1789719221.2658045,1789719221.3808153
w,1789719221.4188414,1789719221.569761
e,1789719221.5309887,1789719221.680107
Key.space,1789719221.6432395,1789719221.7942643
i,1789719221.797101,1789719221.8673882
f,1789719221.881005,1789719222.0306392
Key.space,1789719222.0321715,1789719222.1408603
w,1789719222.2720518,1789719222.423954
e,1789719222.4268358,1789719222.5726335
l,1789719222.574726,1789719222.6475694
l,1789719222.7099373,1789719222.821404
Key.space,1789719222.835497,1789719222.9502325
a,1789719222.9522386,1789719223.0579185
f,1789719223.160953,1789719223.2714062
t,1789719223.3379853,1789719223.413731
e,1789719223.414238,1789719223.4842842
r,1789719223.5690815,1789719223.6443205
Key.space,1789719223.6593359,1789719223.7724788
p,1789719223.8088934,1789719223.9230583
e,1789719223.885026,1789719223.9972935
r,1789719224.0402958,1789719224.18924
s,1789719224.190642,1789719224.2969577
o,1789719224.5943308,1789719224.7029822
n,1789719224.7974277,1789719224.9074793
Key.space,1789719224.9088066,1789719225.019456
l,1789719225.0464156,1789719225.1215959
i,1789719225.2445529,1789719225.3546479
k,1789719225.4262443,1789719225.500413
e,1789719225.5595005,1789719225.7071786
Key.space,1789719225.7503254,1789719225.899247
h,1789719225.9152758,1789719226.0263252
o,1789719226.1354015,1789719226.20944
w,1789719226.20944,1789719226.3571346
Key.space,1789719226.3189867,1789719226.4300303
m,1789719226.3924692,1789719226.46735
u,1789719226.581866,1789719226.694005
c,1789719226.696113,1789719226.8466673
h,1789719226.847403,1789719226.9214008
Key.space,1789719226.9214008,1789719227.028444
l,1789719227.0677826,1789719227.1444008
i,1789719227.2356699,1789719227.3466434
f,1789719227.309642,1789719227.3841455
e,1789719227.4360392,1789719227.5426445
Key.space,1789719227.552555,1789719227.659118
o,1789719227.6175196,1789719227.693018
w,1789719227.735119,1789719227.8482773
n,1789719227.856601,1789719227.9307902
Key.space,1789719227.9516177,1789719228.1002486
s,1789719228.0609837,1789719228.1754196
e,1789719228.1839383,1789719228.297222
e,1789719228.3564842,1789719228.5032344
Key.backspace,1789719228.6148577,1789719228.6881204
Key.backspace,1789719228.74277,1789719228.8507946
g,1789719229.029518,1789719229.0979102
Key.backspace,1789719229.3804543,1789719229.4543226
h,1789719229.5925903,1789719229.6673036
e,1789719229.6673036,1789719229.775101
Key.space,1789719229.782944,1789719229.9271617
m,1789719229.9305642,1789719230.0405276
e,1789719230.042417,1789719230.18804
a,1789719230.1128676,1789719230.2258396
n,1789719230.2351809,1789719230.3476288
Key.space,1789719230.3711257,1789719230.4801939
g,1789719230.6251235,1789719230.6985798
r,1789719230.7839801,1789719230.8179617
e,1789719230.9145339,1789719231.1002576
a,1789719231.0252295,1789719231.1369326
t,1789719231.15525,1789719231.2299116
Key.space,1789719231.321727,1789719231.471026
f,1789719231.4334493,1789719231.5842752
i,1789719231.6139693,1789719231.7254846
r,1789719231.6873922,1789719231.8383815
s,1789719231.758576,1789719231.9147959
t,1789719231.9159114,1789719232.0584917
Key.space,1789719232.0233467,1789719232.1334932
p,1789719232.1391952,1789719232.2106884
r,1789719232.2113507,1789719232.3207316
o,1789719232.3378625,1789719232.413357
b,1789719232.6684093,1789719232.7422764
k,1789719233.4129748,1789719233.4898138
Key.backspace,1789719233.7686033,1789719233.8461885
l,1789719233.9133127,1789719234.023693
e,1789719234.0297441,1789719234.140298
m,1789719234.1669679,1789719234.2766898
Key.space,1789719234.2790103,1789719234.3915546
n,1789719234.4084516,1789719234.4852393
u,1789719234.568492,1789719234.6810722
m,1789719234.7674706,1789719234.8741832
b,1789719234.9486597,1789719235.0233471
e,1789719235.0254993,1789719235.1725886
r,1789719235.2181008,1789719235.3668923
Key.space,1789719235.328993,1789719235.4796607
n,1789719235.4807286,1789719235.5538926
o,1789719235.6581607,1789719235.7669435
w,1789719235.7298913,1789719235.8441443
Key.space,1789719235.8544898,1789719236.0420728
w,1789719235.931077,1789719236.07986
o,1789719236.0805554,1789719236.1544619
r,1789719236.1989474,1789719236.34587
k,1789719236.310876,1789719236.3855367
Key.space,1789719236.3918583,1789719236.5008154
s,1789719236.517494,1789719236.6291158
e,1789719236.6678076,1789719236.780669
e,1789719236.839917,1789719236.9876611
m,1789719237.0443888,1789719237.1955132
Key.space,1789719237.1964447,1789719237.3414295
w,1789719237.3052142,1789719237.417536
a,1789719237.6263995,1789719237.6622036
Key.backspace,1789719238.0170453,1789719238.087671
h,1789719238.2267206,1789719238.338297
a,1789719238.3008604,1789719238.4126034
t,1789719238.4350288,1789719238.583552
Key.space,1789719238.5859158,1789719238.73051
i,1789719239.3333561,1789719239.407072
n,1789719239.5038745,1789719239.6145554
r,1789719239.747535,1789719239.8221693
Key.backspace,1789719240.048167,1789719240.123896
c,1789719240.3477895,1789719240.4584677
r,1789719240.555714,1789719240.7061832
a,1789719240.714168,1789719240.9371438
s,1789719240.8238807,1789719240.9735649
e,1789719240.9371438,1789719241.047533
Key.space,1789719241.4385746,1789719241.5536125
b,1789719241.5871444,1789719241.6991186
e,1789719241.7217395,1789719241.908885
c,1789719242.1429937,1789719242.2159173
o,1789719242.2159173,1789719242.2923543
m,1789719242.4254682,1789719242.4997876
e,1789719242.562887,1789719242.675395
Key.space,1789719242.5993636,1789719242.675395
b,1789719242.8957362,1789719243.0036309
e,1789719243.006481,1789719243.1534116
Key.space,1789719243.1132815,1789719243.1907911
m,1789719243.1915064,1789719243.264673
u,1789719243.4578943,1789719243.5700717
s,1789719243.6083167,1789719243.720571
t,1789719243.8008401,1789719243.9161348
Key.space,1789719243.9184911,1789719244.0254488
s,1789719244.0297642,1789719244.099749
c,1789719244.1621778,1789719244.3522122
h,1789719244.5082698,1789719244.6202784
o,1789719244.6209402,1789719244.6923723
o,1789719244.7616603,1789719244.870359
l,1789719244.9654348,1789719245.1138234
Key.space,1789719245.1176305,1789719245.2247708
g,1789719245.299253,1789719245.4510198
Key.backspace,1789719245.695177,1789719245.841378
f,1789719245.8039103,1789719245.9158432
a,1789719245.8791301,1789719245.991587
c,1789719245.992544,1789719246.1416051
e,1789719246.2220094,1789719246.373206
Key.space,1789719246.388078,1789719246.4951196
k,1789719247.1096,1789719247.2178924
n,1789719247.3132951,1789719247.3495455
o,1789719247.5244925,1789719247.6331556
w,1789719247.6331556,1789719247.7489748
Key.space,1789719247.7489748,1789719247.9345822
t,1789719248.0718946,1789719248.222332
h,1789719248.224996,1789719248.2953591
a,1789719248.2953591,1789719248.4455228
t,1789719248.4496624,1789719248.5537906
Key.space,1789719248.5182798,1789719248.62857
p,1789719248.5927372,1789719248.7050102
o,1789719248.7929811,1789719248.8992767
i,1789719249.050405,1789719249.1621284
n,1789719249.23096,1789719249.3420942
t,1789719249.3059108,1789719249.417991
Key.space,1789719249.4198723,1789719249.567663
t,1789719249.5920715,1789719249.7412455
h,1789719249.665948,1789719249.7786012
a,1789719249.809035,1789719249.953674
n,1789719249.9197092,1789719250.0319924
Key.space,1789719250.0319924,1789719250.1799088
n,1789719250.183308,1789719250.2917936
o,1789719250.371842,1789719250.4823732
Key.space,1789719250.449309,1789719250.524894
s,1789719250.6875184,1789719250.8008406
o,1789719250.837417,1789719250.9450994
Key.space,1789719250.908306,1789719251.0588126
c,1789719251.1050339,1789719251.2550242
h,1789719251.2157936,1789719251.2914443
a,1789719251.2914443,1789719251.4407237
n,1789719251.4500132,1789719251.5237606
g,1789719251.5258973,1789719251.6323128
e,1789719251.699578,1789719251.8491685
Key.space,1789719251.8112807,1789719251.9619434
v,1789719251.9870427,1789719252.0620265
e,1789719252.0649915,1789719252.1739361
r,1789719252.211504,1789719252.3603492
y,1789719252.3196821,1789719252.3971798
Key.space,1789719252.402923,1789719252.508444
o,1789719252.6463792,1789719252.7574537
y,1789719252.7626102,1789719252.9087703
Key.backspace,1789719253.0319035,1789719253.0688055
Key.backspace,1789719253.1385014,1789719253.2503276
y,1789719253.2529194,1789719253.3242366
o,1789719253.6919587,1789719253.8025384
u,1789719253.894506,1789719253.9659643
Key.space,1789719253.9996686,1789719254.112129
Key.esc,1789719257.7355425,1789719257.8456137
w,1789744669.6782162,1789744669.786224
h,1789744669.7584376,1789744669.8577926
a,1789744669.8457441,1789744669.9680037
t,1789744669.9979262,1789744670.1359115
Key.space,1789744670.109478,1789744670.2594075
m,1789744670.2779596,1789744670.3819063
a,1789744670.3982983,1789744670.5056717
n,1789744670.528693,1789744670.5986133
Key.space,1789744670.6234183,1789744670.7468927
p,1789744670.7680016,1789744670.8463502
l,1789744670.9417694,1789744671.040191
a,1789744670.9807932,1789744671.10624
c,1789744671.1077526,1789744671.2196393
e,1789744671.3038309,1789744671.422438
b,1789744671.4591675,1789744671.547143
Key.space,1789744671.4049292,1789744671.5649312
e,1789744671.5347674,1789744671.6261835
c,1789744671.7300572,1789744671.88459
a,1789744671.8770232,1789744671.9117665
y,1789744671.9092262,1789744671.9873314
a,1789744672.0075345,1789744672.14485
s,1789744672.0709589,1789744672.2076359
e,1789744672.1973062,1789744672.3189423
Key.space,1789744672.3025293,1789744672.45645
g,1789744672.5673273,1789744672.6268768
f,1789744672.543026,1789744672.6384764
Key.backspace,1789744672.8685184,1789744673.334563
a,1789744674.0985477,1789744674.202269
u,1789744674.2538643,1789744674.3254766
s,1789744674.3439114,1789744674.432298
e,1789744674.4005847,1789744674.5100873
Key.space,1789744674.4916253,1789744674.6349502
i,1789744674.7642903,1789744674.8003025
u,1789744674.7576823,1789744674.8043175
f,1789744674.6838517,1789744674.8088236
Key.backspace,1789744675.1600773,1789744675.2238817
Key.backspace,1789744675.2993493,1789744675.3799307
i,1789744675.6444554,1789744675.7155461
n,1789744675.7957628,1789744675.8739278
d,1789744675.9199197,1789744676.0335765
Key.space,1789744675.9954438,1789744676.215957
d,1789744676.1687868,1789744676.2858002
u,1789744676.3377151,1789744676.4146857
r,1789744676.441565,1789744676.5559278
i,1789744676.5499012,1789744676.6171505
n,1789744676.7126572,1789744676.7885802
g,1789744676.767335,1789744676.8901565
Key.space,1789744676.8786006,1789744677.0187116
i,1789744677.0402386,1789744677.1126037
n,1789744677.1993647,1789744677.2794998
t,1789744677.22584,1789744677.3272457
e,1789744677.4185214,1789744677.5076928
r,1789744677.6037538,1789744677.6734533
e,1789744677.75912,1789744677.8872185
s,1789744677.849002,1789744678.0001695
t,1789744678.0272386,1789744678.134889
Key.space,1789744678.114938,1789744678.2584772
w,1789744678.304696,1789744678.429607
i,1789744678.421934,1789744678.497684
t,1789744678.542892,1789744678.6467073
h,1789744678.639696,1789744678.6902163
t,1789744678.8196042,1789744678.860345
Key.space,1789744678.7275414,1789744678.8763227
Key.backspace,1789744679.1538582,1789744679.2248428
w,1789744679.2159762,1789744679.327963
h,1789744679.3620188,1789744679.4419458
t,1789744679.40936,1789744679.5095322
a,1789744679.6017265,1789744679.6777227
Key.space,1789744679.69934,1789744679.8296003
Key.backspace,1789744679.8894901,1789744679.9556952
Key.backspace,1789744680.0354378,1789744680.0973713
Key.backspace,1789744680.181532,1789744680.2598734
a,1789744680.2339835,1789744680.3416471
y,1789744680.4188638,1789744680.442558
t,1789744680.403695,1789744680.4703565
i,1789744680.4974036,1789744680.5662222
Key.space,1789744680.4581184,1789744680.5720553
Key.backspace,1789744680.7859998,1789744680.841633
Key.backspace,1789744680.9178345,1789744681.0081155
Key.backspace,1789744681.1827366,1789744681.2694614
Key.space,1789744681.3388615,1789744681.4146693
i,1789744681.4974751,1789744681.5808704
n,1789744681.9619298,1789744682.032759
t,1789744682.1165888,1789744682.2186544
o,1789744682.2690427,1789744682.3287246
Key.space,1789744682.3509674,1789744682.4636273
p,1789744682.5245988,1789744682.6068542
o,1789744682.8209167,1789744682.9084861
i,1789744683.034609,1789744683.104644
n,1789744683.3125515,1789744683.420814
t,1789744683.4127083,1789744683.5108879
Key.space,1789744683.480868,1789744683.6355708
a,1789744683.5919127,1789744683.777614
s,1789744683.7036457,1789744683.828031
k,1789744683.7828243,1789744683.8780138
Key.space,1789744683.9056573,1789744684.1607587
c,1789744684.0789971,1789744684.2057283
h,1789744684.1757843,1789744684.2561843
i,1789744684.3957794,1789744684.4784584
l,1789744684.6560047,1789744684.7559958
d,1789744684.8018186,1789744684.9022973
Key.space,1789744684.8682103,1789744684.9880302
l,1789744685.1789749,1789744685.2616808
e,1789744685.2379625,1789744685.3479447
a,1789744685.3179274,1789744685.4335127
v,1789744685.4375596,1789744685.5139582
e,1789744685.5326815,1789744685.6424837
Key.space,1789744685.623749,1789744685.8117452
f,1789744685.78381,1789744685.9039028
o,1789744685.918252,1789744686.0015733
r,1789744686.0347548,1789744686.1515677
m,1789744686.1729944,1789744686.2616682
Key.space,1789744686.1570861,1789744686.3110943
b,1789744686.4386642,1789744686.4734037
Key.backspace,1789744686.6187983,1789744686.682619
Key.backspace,1789744686.7669554,1789744686.832677
Key.backspace,1789744686.9046533,1789744686.9968302
m,1789744687.1144052,1789744687.210987
Key.space,1789744687.2010565,1789744687.3085108
n,1789744687.5485115,1789744687.5549617
b,1789744687.518621,1789744687.611118
o,1789744687.6609588,1789744687.7450805
Key.backspace,1789744687.976862,1789744688.0487406
Key.backspace,1789744688.1326282,1789744688.193027
o,1789744688.3690186,1789744688.4500847
t,1789744688.473996,1789744688.5856717
h,1789744688.6075292,1789744688.6757748
Key.space,1789744688.6767685,1789744688.8142927
o,1789744688.9596028,1789744689.025798
l,1789744689.105891,1789744689.1917734
d,1789744689.162692,1789744689.2727258
Key.space,1789744689.2442436,1789744689.3615983
a,1789744689.4238698,1789744689.5373805
n,1789744689.5001786,1789744689.560929
o,1789744689.6859846,1789744689.757382
y,1789744689.7483509,1789744689.7994673
t,1789744689.7428558,1789744689.8219268
h,1789744689.957783,1789744690.031595
Key.backspace,1789744690.2195666,1789744690.2859337
Key.backspace,1789744690.3656116,1789744690.4359748
h,1789744690.556591,1789744690.607827
e,1789744690.6098313,1789744690.7219534
r,1789744690.7919598,1789744690.9157894
Key.space,1789744690.8870287,1789744691.0668657
f,1789744691.042626,1789744691.138538
o,1789744691.134313,1789744691.1993213
r,1789744691.2333257,1789744691.3507688
Key.space,1789744691.3270926,1789744691.4408076
p,1789744691.3844595,1789744691.486873
i,1789744691.5828958,1789744691.66886
e,1789744691.6956983,1789744691.8267446
Key.backspace,1789744691.9077437,1789744691.985999
Key.backspace,1789744692.0489244,1789744692.1466491
o,1789744692.2685056,1789744692.4198887
e,1789744692.517935,1789744692.604334
Key.backspace,1789744692.732922,1789744692.7994113
Key.backspace,1789744692.862955,1789744692.939267
e,1789744692.9625626,1789744693.051235
o,1789744693.0572543,1789744693.1138008
p,1789744693.2147624,1789744693.2849371
l,1789744693.3817072,1789744693.459872
e,1789744693.4699836,1789744693.552447
Key.space,1789744693.5299487,1789744693.6577475
m,1789744693.7293894,1789744693.8079789
u,1789744693.9360764,1789744694.001695
c,1789744694.0708096,1789744694.1927605
b,1789744694.145812,1789744694.2017088
h,1789744694.142812,1789744694.2116742
Key.space,1789744694.233935,1789744694.3759203
f,1789744694.3428962,1789744694.4178188
Key.backspace,1789744694.5058684,1789744694.573602
Key.backspace,1789744694.646437,1789744694.707875
Key.backspace,1789744694.7759206,1789744694.8660965
Key.space,1789744694.8589923,1789744694.9716253
f,1789744694.9241889,1789744695.0598717
o,1789744695.0118487,1789744695.0797095
l,1789744695.1683507,1789744695.258431
l,1789744695.3218536,1789744695.4485006
o,1789744695.5819478,1789744695.6797152
w,1789744695.6456046,1789744695.7605977
Key.space,1789744695.7566946,1789744695.888971
w,1789744695.8869727,1789744696.0149257
r,1789744696.0886693,1789744696.2388046
i,1789744696.253288,1789744696.3300447
t,1789744696.3267176,1789744696.4508116
e,1789744696.5309298,1789744696.6440604
Key.space,1789744696.628925,1789744696.7983525
r,1789744696.7527645,1789744696.8492968
e,1789744696.926211,1789744697.049647
a,1789744697.0009556,1789744697.1300514
l,1789744697.0874765,1789744697.1804204
Key.space,1789744697.1944485,1789744697.2961688
o,1789744697.3074443,1789744697.4036772
Key.backspace,1789744697.6829388,1789744697.7527597
l,1789744697.8425872,1789744697.9234893
o,1789744698.0170681,1789744698.0831852
n,1789744698.2002041,1789744698.2761059
g,1789744698.2781096,1789744698.3696904
Key.space,1789744698.3596756,1789744698.4957256
c,1789744698.6594758,1789744698.7976663
o,1789744698.8142488,1789744698.8794188
m,1789744698.9695919,1789744699.0636847
e,1789744699.024555,1789744699.136467
Key.space,1789744699.1036499,1789744699.2471232
o,1789744699.243135,1789744699.31847
n,1789744699.4217947,1789744699.4862788
l,1789744699.6179307,1789744699.6817844
y,1789744699.6747146,1789744699.801771
Key.space,1789744699.8779469,1789744700.0140102
l,1789744700.1638846,1789744700.1817088
i,1789744700.311979,1789744700.3803608
f,1789744700.3703291,1789744700.4337003
r,1789744700.5199625,1789744700.6526253
Key.space,1789744700.61893,1789744700.7430274
p,1789744700.717354,1789744700.8157709
Key.backspace,1789744700.9649966,1789744701.028587
Key.backspace,1789744701.1201193,1789744701.1778321
Key.backspace,1789744701.2583063,1789744701.3191473
Key.space,1789744701.4328244,1789744701.5849109
Key.backspace,1789744701.7887597,1789744701.8966403
e,1789744701.8916364,1789744701.999223
Key.space,1789744701.9630265,1789744702.0929124
p,1789744702.1034336,1789744702.213732
r,1789744702.229319,1789744702.3509314
o,1789744702.346613,1789744702.4192736
b,1789744702.49831,1789744702.6050766
l,1789744702.597062,1789744702.6788578
e,1789744702.768724,1789744702.871006
m,1789744702.9084492,1789744702.9864185
Key.space,1789744702.9939635,1789744703.1079311
w,1789744703.1595805,1789744703.272651
r,1789744703.3218935,1789744703.4597144
i,1789744703.5273676,1789744703.5947683
t,1789744703.5838327,1789744703.6883714
e,1789744703.7896187,1789744703.8816962
Key.space,1789744703.8335457,1789744703.9835632
s,1789744703.9371994,1789744704.0281854
t,1789744704.0988402,1789744704.219592
i,1789744704.180314,1789744704.2469237
l,1789744704.3616927,1789744704.4179075
l,1789744704.5072982,1789744704.579495
Key.space,1789744704.579495,1789744704.6957703
o,1789744704.7319043,1789744704.8059356
f,1789744704.7255728,1789744704.8195226
f,1789744704.916008,1789744705.0028996
Key.backspace,1789744705.1799848,1789744705.2315793
Key.backspace,1789744705.321889,1789744705.3968222
Key.backspace,1789744705.6822956,1789744705.7909043
o,1789744705.8871946,1789744705.9712512
f,1789744705.997224,1789744706.0734043
f,1789744706.160056,1789744706.2609417
Key.space,1789744706.25361,1789744706.3544831
n,1789744706.4989247,1789744706.5825996
o,1789744706.7209418,1789744706.802058
t,1789744706.7636976,1789744706.8601282
Key.space,1789744706.8843944,1789744706.9626262
m,1789744706.9291656,1789744707.0109637
o,1789744707.112775,1789744707.211123
s,1789744707.1447668,1789744707.2683532
t,1789744707.332743,1789744707.4594495
Key.space,1789744707.3827705,1789744707.4847727
Key.space,1789744707.7289143,1789744707.8459136
t,1789744707.8236928,1789744707.8836238
Key.backspace,1789744708.0770335,1789744708.1479764
t,1789744708.329363,1789744708.4493463
h,1789744708.4716864,1789744708.535665
i,1789744709.3198812,1789744709.4119527
n,1789744709.5161228,1789744709.6223862
g,1789744709.6043823,1789744709.7076552
Key.space,1789744709.7026584,1789744709.8488188
f,1789744709.9285579,1789744710.0657356
u,1789744710.0356247,1789744710.0757608
Key.backspace,1789744710.7792425,1789744710.8590012
i,1789744710.9807758,1789744711.0534892
n,1789744711.1411161,1789744711.212502
d,1789744711.2330036,1789744711.3469224
Key.space,1789744711.3092515,1789744711.4318507
o,1789744711.523203,1789744711.6104224
f,1789744711.6046436,1789744711.71095
f,1789744711.7789414,1789744711.8852706
Key.space,1789744711.8028102,1789744711.9646382
l,1789744711.9670744,1789744712.0206661
i,1789744712.2201662,1789744712.3171265
f,1789744712.3229074,1789744712.3956332
e,1789744712.4789712,1789744712.5760167
Key.space,1789744712.562045,1789744712.7089083
t,1789744712.7059827,1789744712.8487365
o,1789744712.8093655,1789744712.9044766
Key.space,1789744712.9179978,1789744713.0594528
o,1789744713.0851839,1789744713.1632254
d,1789744713.1923263,1789744713.3360376
Key.space,1789744713.297736,1789744713.4362624
n,1789744713.4054213,1789744713.4719546
Key.backspace,1789744713.6475492,1789744713.7117326
Key.backspace,1789744713.8037972,1789744713.9362607
Key.backspace,1789744714.1129835,1789744714.1958044
f,1789744714.2167063,1789744714.3279824
Key.space,1789744714.2830074,1789744714.4081607
n,1789744714.3893678,1789744714.4784522
e,1789744714.4856255,1789744714.5904214
e,1789744714.6600559,1789744714.7678757
d,1789744714.8722923,1789744715.046937
Key.space,1789744715.0249321,1789744715.1869936
m,1789744715.1986177,1789744715.3166692
a,1789744715.3088372,1789744715.414642
t,1789744715.5015652,1789744715.5891247
Key.space,1789744715.6709313,1789744715.8048098
Key.backspace,1789744715.9391184,1789744716.0086138
Key.backspace,1789744716.0965655,1789744716.1866448
y,1789744716.1607516,1789744716.2647517
Key.space,1789744716.258461,1789744716.4225872
t,1789744716.4826932,1789744716.6232874
h,1789744716.5925875,1789744716.6630504
i,1789744716.8106391,1789744716.8984437
s,1789744716.8910053,1789744717.0191443
Key.space,1789744716.990937,1789744717.1226418
b,1789744717.2192998,1789744717.294953
o,1789744717.4564376,1789744717.5318484
t,1789744717.5402079,1789744717.6492465
h,1789744717.7049332,1789744717.7721367
Key.space,1789744717.7976823,1789744717.935393
m,1789744717.9316533,1789744718.021744
u,1789744718.1299365,1789744718.2082198
s,1789744718.137909,1789744718.2394335
t,1789744718.3499715,1789744718.4602048
Key.space,1789744718.4698224,1789744718.6916475
b,1789744718.6546454,1789744718.7698762
y,1789744718.7719223,1789744718.8636038
Key.space,1789744718.9677007,1789744719.0920386
i,1789744719.1239946,1789744719.2102854
t,1789744719.2399657,1789744719.3368785
Key.space,1789744719.315765,1789744719.455434
c,1789744719.5165887,1789744719.6009772
o,1789744719.6237688,1789744719.688419
b,1789744719.8109655,1789744719.8489058
d,1789744719.9037256,1789744719.9285934
s,1789744719.8871784,1789744719.9791474
Key.backspace,1789744720.185547,1789744720.2407942
Key.backspace,1789744720.3249516,1789744720.392745
Key.backspace,1789744720.4800763,1789744720.530687
n,1789744720.6748273,1789744720.732261
s,1789744720.7740276,1789744720.869274
d,1789744720.9126568,1789744721.0249777
i,1789744721.0446002,1789744721.1128018
e,1789744721.127026,1789744721.2388232
Key.backspace,1789744721.3729475,1789744721.433579
Key.backspace,1789744721.525383,1789744721.583751
Key.backspace,1789744721.6753557,1789744721.7490637
i,1789744721.9091158,1789744721.974124
s,1789744722.0681272,1789744722.207839
d,1789744722.2178783,1789744722.3663154
Key.backspace,1789744722.4486492,1789744722.528506
Key.backspace,1789744722.6260035,1789744722.685514
d,1789744722.669743,1789744722.7641375
e,1789744723.0019464,1789744723.1236022
r,1789744723.223986,1789744723.3582377
Key.space,1789744723.3439481,1789744723.488067
s,1789744723.4697201,1789744723.5816782
t,1789744723.6737232,1789744723.740059
a,1789744723.7446346,1789744723.8477197
t,1789744723.9618413,1789744724.038264
e,1789744724.2375007,1789744724.3239954
Key.space,1789744724.2830627,1789744724.4315553
a,1789744724.5543494,1789744724.7485034
s,1789744724.679381,1789744724.8064618
Key.space,1789744724.764513,1789744724.9203644
o,1789744724.879067,1789744724.9871464
f,1789744724.9789891,1789744725.0792053
f,1789744725.1487722,1789744725.2584896
Key.space,1789744725.240342,1789744725.3549142
w,1789744725.3449986,1789744725.473291
r,1789744725.5207818,1789744725.6750207
i,1789744725.6769216,1789744725.7525983
t,1789744725.7466075,1789744725.8469944
e,1789744725.9670663,1789744726.0108056
r,1789744725.9649642,1789744726.0153258
Key.space,1789744726.0301466,1789744726.1826227
Key.backspace,1789744726.2949839,1789744726.3594363
Key.backspace,1789744726.4427211,1789744726.5129952
Key.backspace,1789744726.624621,1789744726.7085094
e,1789744726.7590146,1789744726.8475082
Key.space,1789744726.7827253,1789744727.0179987
f,1789744726.9997523,1789744727.1059184
a,1789744727.1980493,1789744727.3839242
c,1789744727.3539364,1789744727.4758298
r,1789744727.614151,1789744727.6773057
t,1789744727.594256,1789744727.6793065
Key.space,1789744727.687841,1789744727.797913
Key.backspace,1789744727.955983,1789744728.0180266
Key.backspace,1789744728.1000624,1789744728.1852782
Key.space,1789744728.2018428,1789744728.3258967
m,1789744728.3084576,1789744728.389785
o,1789744728.5058146,1789744728.578268
v,1789744728.5596976,1789744728.6842344
e,1789744728.8039286,1789744728.8898568
Key.space,1789744728.881593,1789744729.04565
f,1789744729.0082045,1789744729.1149738
o,1789744729.0593722,1789744729.1317058
l,1789744729.2238066,1789744729.2974102
l,1789744729.377428,1789744729.4679182
o,1789744729.5849159,1789744729.670333
w,1789744729.8029504,1789744729.919207
Key.space,1789744729.8727345,1789744730.0208046
c,1789744730.0446672,1789744730.1364248
o,1789744730.765078,1789744730.820939
m,1789744730.918704,1789744730.981178
e,1789744730.9991093,1789744731.1006973
Key.space,1789744731.0771115,1789744731.2425945
b,1789744731.2991676,1789744731.3809836
e,1789744731.383003,1789744731.5166814
t,1789744731.6911821,1789744731.7668505
w,1789744731.9479015,1789744732.06798
e,1789744732.036529,1789744732.1516395
e,1789744732.3364658,1789744732.4544954
n,1789744732.5036008,1789744732.5939384
Key.space,1789744732.6293395,1789744732.7495406
p,1789744733.0899904,1789744733.149494
r,1789744733.3479095,1789744733.4685142
o,1789744733.4393234,1789744733.5258884
b,1789744733.6342149,1789744733.743531
l,1789744733.735992,1789744733.8101285
e,1789744733.894189,1789744733.9958422
m,1789744734.0015316,1789744734.0700028
Key.space,1789744734.1018405,1789744734.2392783
p,1789744734.2392783,1789744734.3029268
o,1789744734.4126232,1789744734.4952056
i,1789744734.6330142,1789744734.7045357
n,1789744734.8146677,1789744734.9268024
t,1789744734.8640416,1789744734.9910064
Key.space,1789744734.9732277,1789744735.1668587
s,1789744735.1208296,1789744735.2710397
y,1789744735.2509995,1789744735.335041
a,1789744735.2126973,1789744735.3508255
Key.space,1789744735.382629,1789744735.5494792
k,1789744735.5128927,1789744735.602333
i,1789744735.7145555,1789744735.797344
s,1789744735.7612336,1789744735.8812647
Key.backspace,1789744735.9729183,1789744736.0266256
Key.backspace,1789744736.1169274,1789744736.1787174
Key.backspace,1789744736.264552,1789744736.312843
j,1789744736.6460128,1789744736.7075431
u,1789744736.821653,1789744736.871644
s,1789744736.7963228,1789744736.9293814
t,1789744736.9784415,1789744737.0955992
Key.space,1789744737.087982,1789744737.1973739
Key.backspace,1789744737.2860124,1789744737.3539176
Key.backspace,1789744737.4419656,1789744737.5199435
Key.backspace,1789744737.617562,1789744737.6799846
Key.backspace,1789744738.0818646,1789744738.1659343
u,1789744738.3036432,1789744738.3716352
s,1789744738.359825,1789744738.456007
t,1789744738.5357342,1789744738.6534545
w,1789744738.7920098,1789744738.8457856
Key.space,1789744738.6418686,1789744738.884292
o,1789744738.9677808,1789744739.0508444
w,1789744739.1150517,1789744739.2584224
Key.backspace,1789744739.6020298,1789744739.6775682
r,1789744739.7949352,1789744739.9372578
l,1789744739.9966838,1789744740.0863106
d,1789744740.1447399,1789744740.2687397
Key.space,1789744740.2349396,1789744740.3526096
o,1789744740.389388,1789744740.4688735
r,1789744740.5092003,1789744740.6255307
Key.space,1789744740.6228719,1789744740.723997
n,1789744740.7117097,1789744740.7750247
Key.backspace,1789744740.9788156,1789744741.0563443
a,1789744741.0563443,1789744741.1707594
n,1789744741.207225,1789744741.2526252
d,1789744741.593272,1789744741.71698
Key.space,1789744741.8282375,1789744741.9596689
n,1789744741.9459393,1789744742.0198798
o,1789744742.1759808,1789744742.2417405
w,1789744742.2522943,1789744742.3946462
Key.space,1789744742.3384788,1789744742.5377097
c,1789744742.698011,1789744742.8119922
a,1789744742.7807035,1789744742.9123137
n,1789744742.8678553,1789744742.9344318
Key.space,1789744742.963675,1789744743.0950398
n,1789744743.0918643,1789744743.1600597
a,1789744743.0561922,1789744743.1937368
o,1789744743.2938561,1789744743.376979
t,1789744743.3300118,1789744743.461536
h,1789744743.5635588,1789744743.6498787
e,1789744743.6095374,1789744743.6916015
r,1789744743.7886999,1789744743.9048448
o,1789744743.9993215,1789744744.0763547
Key.space,1789744743.8709226,1789744744.0810084
v,1789744744.036564,1789744744.1485558
e,1789744744.252968,1789744744.3645878
r,1789744744.444709,1789744744.5500252
Key.space,1789744744.5170083,1789744744.6502259
s,1789744744.6748796,1789744744.7907867
h,1789744745.0826206,1789744745.199953
o,1789744745.1869016,1789744745.2568004
u,1789744745.3615878,1789744745.4118555
l,1789744745.5570316,1789744745.6416528
d,1789744745.6609428,1789744745.7553387
Key.space,1789744745.7225287,1789744745.9652112
f,1789744745.9410071,1789744746.0601578
a,1789744746.06667,1789744746.2156498
c,1789744746.2217395,1789744746.3316393
e,1789744746.3401508,1789744746.4575438
Key.space,1789744746.4500175,1789744746.5877936
o,1789744746.551864,1789744746.6383777
u,1789744746.7641613,1789744746.8410795
t,1789744746.845721,1789744746.9363904
Key.space,1789744746.9058592,1789744747.0380936
w,1789744747.033704,1789744747.1354918
h,1789744747.245634,1789744747.3638349
i,1789744747.321908,1789744747.397944
l,1789744747.5057256,1789744747.608275
e,1789744747.5839648,1789744747.7009306
Key.space,1789744747.6800175,1789744747.7916405
a,1789744747.8339047,1789744748.002541
s,1789744747.9678156,1789744748.0885415
Key.space,1789744748.0556839,1789744748.177245
v,1789744748.2237597,1789744748.3199103
e,1789744748.3218946,1789744748.4201262
r,1789744748.4819903,1789744748.6190004
y,1789744748.5593014,1789744748.6470008
Key.space,1789744748.6904259,1789744748.8327324
m,1789744748.8488164,1789744748.952747
e,1789744748.9628325,1789744749.098802
a,1789744749.3627195,1789744749.4715273
n,1789744749.5146408,1789744749.5990345
Key.space,1789744749.63099,1789744749.772221
h,1789744749.908484,1789744750.0285962
o,1789744749.9826715,1789744750.0674508
u,1789744750.1928687,1789744750.251785
s,1789744750.218799,1789744750.3311806
e,1789744750.2865205,1789744750.41098
Key.space,1789744750.3765516,1789744750.5273094
a,1789744750.5293043,1789744750.655876
Key.backspace,1789744750.869763,1789744750.9478393
b,1789744751.055532,1789744751.1192734
n,1789744751.025072,1789744751.1263714
u,1789744751.1344469,1789744751.199008
m,1789744751.3143332,1789744751.3873074
Key.backspace,1789744751.5381844,1789744751.5980837
Key.backspace,1789744751.6859615,1789744751.744176
Key.backspace,1789744751.8201652,1789744751.8860881
u,1789744752.2597108,1789744752.3295608
m,1789744752.4435945,1789744752.5157647
b,1789744752.6398919,1789744752.7211018
e,1789744752.7015266,1789744752.8180237
r,1789744752.8680284,1789744752.985556
Key.space,1789744752.8999863,1789744753.098132
f,1789744753.0717807,1789744753.208393
i,1789744753.146026,1789744753.214199
n,1789744753.314964,1789744753.3925645
d,1789744753.3616471,1789744753.4869652
Key.space,1789744753.4627566,1789744753.57259
h,1789744753.5745904,1789744753.6499403
e,1789744753.6079695,1789744753.7219212
r,1789744753.7769284,1789744753.849352
e,1789744753.9269917,1789744754.033043
Key.space,1789744754.0145326,1789744754.1726317
h,1789744754.1807787,1789744754.244951
t,1789744754.142993,1789744754.2609925
i,1789744754.352549,1789744754.432748
n,1789744754.539564,1789744754.6451826
g,1789744754.5893185,1789744754.6848025
Key.space,1789744754.6868088,1789744754.8108478
w,1789744754.793315,1789744754.912854
r,1789744755.051168,1789744755.1909215
i,1789744755.2101502,1789744755.2924783
t,1789744755.309682,1789744755.442735
e,1789744755.5269365,1789744755.6425629
Key.space,1789744755.625937,1789744755.75483
h,1789744755.7654777,1789744755.8419044
e,1789744755.8878167,1789744755.9758646
l,1789744756.0179367,1789744756.0983763
o,1789744756.2321465,1789744756.2659142
p,1789744756.222626,1789744756.2739894
Key.space,1789744756.2816358,1789744756.4375367
w,1789744756.3616498,1789744756.4523084
Key.backspace,1789744756.549846,1789744756.6095455
Key.backspace,1789744756.691648,1789744756.7879672
Key.backspace,1789744756.9499004,1789744757.0416596
Key.space,1789744757.0779285,1789744757.2235367
w,1789744757.183786,1789744757.273989
p,1789744757.1917968,1789744757.2976515
Key.backspace,1789744757.701838,1789744757.8216436
o,1789744757.9459488,1789744758.0376837
r,1789744758.2726727,1789744758.365437
l,1789744758.3949552,1789744758.4886885
d,1789744758.5330255,1789744758.6429486
Key.space,1789744758.6210377,1789744758.7440822
c,1789744758.8291442,1789744758.942987
Key.backspace,1789744759.098792,1789744759.1691043
d,1789744759.2030168,1789744759.310116
o,1789744759.3272328,1789744759.402577
w,1789744759.4266963,1789744759.5426269
n,1789744759.5329602,1789744759.6094284
Key.space,1789744759.615215,1789744759.7586808
c,1789744759.684841,1789744759.8263853
h,1789744759.7835817,1789744759.8446798
a,1789744759.8785613,1789744759.9909074
n,1789744760.00576,1789744760.0830011
g,1789744760.0749798,1789744760.1689868
e,1789744760.2551746,1789744760.3815975
Key.space,1789744760.3388505,1789744760.4828274
p,1789744760.5390341,1789744760.6045816
r,1789744760.67018,1789744760.7876265
o,1789744760.8259242,1789744760.9055693
g,1789744760.9096022,1789744761.0086272
r,1789744761.0977004,1789744761.2580707
a,1789744761.2217789,1789744761.3615668
m,1789744761.4331465,1789744761.549642
Key.space,1789744761.5759356,1789744761.730099
l,1789744761.9092858,1789744761.9702647
e,1789744761.966305,1789744762.0717854
a,1789744762.0647857,1789744762.2041152
d,1789744762.195818,1789744762.3096712
Key.space,1789744762.291662,1789744762.4382944
h,1789744762.5059037,1789744762.5821676
a,1789744762.5853858,1789744762.7039359
n,1789744762.734459,1789744762.8156862
d,1789744762.8337283,1789744762.9486065
Key.space,1789744762.9155772,1789744763.0288913
s,1789744763.0238926,1789744763.156516
o,1789744763.1165392,1789744763.1902258
Key.space,1789744763.2027822,1789744763.314601
s,1789744763.2711356,1789744763.3849404
e,1789744763.424732,1789744763.5208073
e,1789744763.599618,1789744763.738794
m,1789744763.7550013,1789744763.864579
Key.space,1789744763.8670557,1789744763.996704
m,1789744764.122372,1789744764.1986778
a,1789744764.2368627,1789744764.3388698
k,1789744764.3907847,1789744764.4587302
e,1789744764.4805865,1789744764.572785
Key.space,1789744764.5567122,1789744764.6786335
d,1789744764.6846628,1789744764.7916398
u,1789744764.734648,1789744764.8249035
r,1789744764.9731517,1789744765.099519
i,1789744765.084992,1789744765.1707866
n,1789744765.2729626,1789744765.3787181
g,1789744765.3192945,1789744765.422695
Key.space,1789744765.4419425,1789744765.5629847
Key.backspace,1789744765.804,1789744765.8317668
c,1789744765.8519387,1789744765.9698222
a,1789744765.9257128,1789744766.084093
n,1789744766.179648,1789744766.2928066
Key.space,1789744766.3100038,1789744766.443504
s,1789744766.395889,1789744766.514734
e,1789744766.511701,1789744766.5957935
r,1789744766.708268,1789744766.7836008
e,1789744766.713948,1789744766.7846005
Key.backspace,1789744767.0428386,1789744767.1092565
Key.backspace,1789744767.1999862,1789744767.2858584
e,1789744767.5359328,1789744767.6427608
Key.space,1789744767.627697,1789744767.7716672
w,1789744767.828154,1789744767.9665642
h,1789744767.9887764,1789744768.0473757
t,1789744768.0551016,1789744768.1610813
a,1789744768.1969287,1789744768.3536966
Key.backspace,1789744768.51664,1789744768.582741
Key.backspace,1789744768.6618764,1789744768.7507725
a,1789744768.7685945,1789744768.8794494
t,1789744768.9101362,1789744769.0332413
Key.space,1789744769.0507758,1789744769.19081
s,1789744769.1755106,1789744769.3067267
a,1789744769.2594404,1789744769.3872864
y,1789744769.3257716,1789744769.4274857
Key.space,1789744769.492928,1789744769.6290116
s,1789744769.6446867,1789744769.7915287
i,1789744769.748895,1789744769.8368042
n,1789744769.926938,1789744770.0330043
c,1789744769.964638,1789744770.0390136
e,1789744770.165346,1789744770.292641
Key.space,1789744770.2729723,1789744770.4519374
h,1789744770.4746416,1789744770.5399067
t,1789744770.425888,1789744770.5574963
i,1789744770.6554868,1789744770.7339082
n,1789744770.827582,1789744770.904581
g,1789744770.8797262,1789744770.9899879
Key.space,1789744770.997821,1789744771.1157198
u,1789744771.0860882,1789744771.153703
Key.backspace,1789744771.4757304,1789744771.5733461
y,1789744771.5616727,1789744771.6719284
o,1789744771.6536388,1789744771.7478156
u,1789744771.8499398,1789744771.9254496
Key.space,1789744771.926459,1789744772.0418744
i,1789744772.0697417,1789744772.1435056
p,1789744772.2977605,1789744772.373681
Key.backspace,1789744772.5074978,1789744772.5860467
Key.backspace,1789744772.660219,1789744772.705034
u,1789744772.780267,1789744772.8553152
i,1789744772.777064,1789744772.8629751
Key.backspace,1789744773.121025,1789744773.2386997
Key.backspace,1789744773.3025594,1789744773.411827
u,1789744773.917209,1789744774.0336664
p,1789744774.0386736,1789744774.1130316
Key.space,1789744774.1646507,1789744774.278938
a,1789744774.3988104,1789744774.5254092
n,1789744774.4802227,1789744774.545951
o,1789744774.6871011,1789744774.7510078
y,1789744774.7803466,1789744774.7927709
t,1789744774.7691534,1789744774.8775413
h,1789744774.9333677,1789744775.0030384
e,1789744775.004542,1789744775.0978942
t,1789744775.2018712,1789744775.2968545
r,1789744775.1984022,1789744775.3059387
Key.space,1789744775.309624,1789744775.4297943
l,1789744775.4557388,1789744775.5394998
o,1789744775.691998,1789744775.8226118
o,1789744775.9447072,1789744776.0476003
s,1789744776.4755814,1789744776.5792797
Key.space,1789744776.5582352,1789744776.6918054
e,1789744776.8040075,1789744776.9583135
a,1789744776.9169571,1789744777.0517747
y,1789744777.0840259,1789744777.1700299
Key.backspace,1789744777.4078474,1789744777.4818728
Key.backspace,1789744777.5693586,1789744777.6393032
Key.backspace,1789744777.7273173,1789744777.801234
Key.backspace,1789744777.8730667,1789744777.968863
Key.backspace,1789744778.2368798,1789744778.281667
l,1789744778.3867698,1789744778.470431
Key.space,1789744778.4749587,1789744778.6070452
Key.backspace,1789744778.830198,1789744778.892572
Key.backspace,1789744778.9792268,1789744779.0593216
k,1789744779.455174,1789744779.519308
Key.space,1789744779.4926348,1789744779.6509156
w,1789744779.6349435,1789744779.767315
a,1789744779.7287617,1789744779.8697143
y,1789744779.8349252,1789744779.9160326
Key.space,1789744779.9874148,1789744780.1440558
a,1789744780.3794496,1789744780.5201302
n,1789744780.47939,1789744780.5540519
d,1789744780.5740921,1789744780.6918387
Key.space,1789744780.6639366,1789744780.7964876
w,1789744780.7798004,1789744780.9119494
h,1789744780.8494873,1789744780.9159813
i,1789744781.0258553,1789744781.0993297
c,1789744781.3639793,1789744781.4929202
h,1789744781.537954,1789744781.6200006
Key.space,1789744781.6696699,1789744781.811979
h,1789744781.91287,1789744781.9786649
g,1789744781.9080322,1789744781.985742
Key.backspace,1789744782.2189476,1789744782.3164496
o,1789744782.4608803,1789744782.551175
Key.space,1789744782.6110613,1789744782.7210681
p,1789744782.730966,1789744782.8122563
r,1789744782.8350365,1789744782.940054
o,1789744782.9488041,1789744783.0227485
g,1789744783.0490332,1789744783.132999
r,1789744783.239008,1789744783.3776882
a,1789744783.352714,1789744783.4847157
m,1789744783.4289262,1789744783.5052755
Key.space,1789744783.5629973,1789744783.690374
a,1789744783.6387486,1789744783.7796183
Key.backspace,1789744783.8868608,1789744783.947261
o,1789744784.0974362,1789744784.1986747
f,1789744784.2047753,1789744784.319485
Key.space,1789744784.2875268,1789744784.4116771
w,1789744784.4126945,1789744784.5224953
h,1789744784.4737597,1789744784.548844
o,1789744784.679293,1789744784.7615697
Key.space,1789744784.7449994,1789744784.8919172
a,1789744784.8542297,1789744784.991584
n,1789744784.9542758,1789744785.0136657
o,1789744785.1264381,1789744785.2057803
t,1789744785.1977239,1789744785.2996652
h,1789744785.3721793,1789744785.4498258
e,1789744785.407941,1789744785.4900997
r,1789744785.5792394,1789744785.6857228
Key.space,1789744785.6453662,1789744785.7562616
n,1789744785.699701,1789744785.7724636
o,1789744785.8973818,1789744785.9690573
Key.space,1789744785.9554238,1789744786.0877602
l,1789744786.0923138,1789744786.160302
e,1789744786.1223767,1789744786.2084339
a,1789744786.1839385,1789744786.3309543
v,1789744786.4248893,1789744786.528063
e,1789744786.648619,1789744786.758315
Key.space,1789744786.7177932,1789744786.8739522
s,1789744786.8408365,1789744786.9516206
m,1789744786.9318717,1789744787.0045352
a,1789744787.0497723,1789744787.1536124
l,1789744787.1586418,1789744787.2246943
l,1789744787.3027127,1789744787.3757596
Key.space,1789744787.3690205,1789744787.5219986
u,1789744787.5181212,1789744787.5687401
n,1789744787.6593077,1789744787.7572527
d,1789744787.696631,1789744787.7764251
e,1789744787.8729472,1789744787.9316401
r,1789744788.024469,1789744788.134941
Key.space,1789744788.0985866,1789744788.23263
h,1789744788.1969411,1789744788.2694254
o,1789744788.372489,1789744788.4528828
w,1789744788.4170303,1789744788.5309343
e,1789744788.7003314,1789744788.709373
v,1789744788.6364305,1789744788.7386916
e,1789744788.7526197,1789744788.859046
r,1789744788.9447436,1789744789.062749
Key.space,1789744789.0130475,1789744789.15478
p,1789744789.0971339,1789744789.1891198
l,1789744789.290045,1789744789.3849442
a,1789744789.3367534,1789744789.4747531
y,1789744789.5698838,1789744789.6835654
Key.space,1789744789.7072284,1789744789.855931
Key.esc,1789744791.1777546,1789744791.2637634
p,1789744842.5825496,1789744842.6872678
o,1789744842.7828114,1789744842.880946
u,1789744842.980937,1789744843.0305057
n,1789744843.142464,1789744843.2155037
t,1789744843.1793473,1789744843.2716613
Key.space,1789744843.2837312,1789744843.4179099
t,1789744843.624618,1789744843.7317665
h,1789744843.6982372,1789744843.7809448
e,1789744843.83981,1789744843.9399092
Key.space,1789744843.9118097,1789744844.0518937
w,1789744844.0698414,1789744844.207687
h,1789744844.3016596,1789744844.4036798
e,1789744844.4118156,1789744844.515593
r,1789744844.5978415,1789744844.689653
e,1789744844.7678254,1789744844.8702755
Key.space,1789744844.8302808,1789744844.941663
o,1789744845.0073931,1789744845.0996094
y,1789744845.0161843,1789744845.1101797
u,1789744845.211763,1789744845.279616
Key.space,1789744845.2632554,1789744845.3721857
h,1789744845.3939729,1789744845.4583416
e,1789744845.5397365,1789744845.6447144
l,1789744845.61473,1789744845.6824894
p,1789744845.7846475,1789744845.8711958
Key.space,1789744845.8766088,1789744846.0329537
t,1789744846.015002,1789744846.1149526
h,1789744846.1008575,1789744846.1698895
e,1789744846.2567222,1789744846.3690188
Key.space,1789744846.3690188,1789744846.5250847
t,1789744846.6547835,1789744846.7709415
h,1789744846.7262454,1789744846.792442
n,1789744846.9373767,1789744846.9949596
e,1789744846.8767016,1789744846.9986892
Key.space,1789744847.0769083,1789744847.217269
n,1789744847.1571004,1789744847.2248688
o,1789744847.3619282,1789744847.4342797
w,1789744847.3730557,1789744847.4581232
Key.space,1789744847.4710286,1789744847.6044471
s,1789744847.5811038,1789744847.6669097
h,1789744847.7700644,1789744847.876765
o,1789744847.81497,1789744847.8891432
u,1789744847.9848454,1789744848.047886
l,1789744848.1678886,1789744848.2439566
d,1789744848.2384236,1789744848.3360932
Key.space,1789744848.300868,1789744848.4245074
n,1789744848.477566,1789744848.5393648
e,1789744848.5615435,1789744848.661983
e,1789744848.7299147,1789744848.8215272
d,1789744848.9194243,1789744849.03365
Key.space,1789744849.018959,1789744849.1321037
p,1789744849.0796304,1789744849.175904
e,1789744849.289691,1789744849.374368
e,1789744849.9819803,1789744850.0603614
Key.backspace,1789744850.2575536,1789744850.3287055
o,1789744850.3878717,1789744850.4687
p,1789744850.5834084,1789744850.6497958
l,1789744850.7525733,1789744850.821638
e,1789744850.801597,1789744850.8969524
Key.space,1789744850.9029255,1789744850.9998372
t,1789744851.2245786,1789744851.3308055
h,1789744851.3001287,1789744851.366755
e,1789744851.4311514,1789744851.5686932
n,1789744851.4894218,1789744851.5711913
Key.space,1789744851.6582444,1789744851.7866826
b,1789744851.7412152,1789744851.8127441
o,1789744852.0059536,1789744852.093194
t,1789744852.1271598,1789744852.2358477
h,1789744852.2727818,1789744852.329519
Key.space,1789744852.3086433,1789744852.425094
t,1789744852.5691595,1789744852.672718
h,1789744852.6561651,1789744852.7128897
o,1789744852.8487675,1789744852.9281683
s,1789744852.8816347,1789744853.0083344
e,1789744852.9699929,1789744853.1017718
n,1789744853.1118937,1789744853.1795578
Key.space,1789744853.0600247,1789744853.185584
o,1789744853.329521,1789744853.4158587
w,1789744853.41787,1789744853.5519283
Key.space,1789744853.5194457,1789744853.6415803
h,1789744853.880314,1789744853.949699
Key.backspace,1789744854.337823,1789744854.415437
g,1789744854.5362918,1789744854.6037536
i,1789744854.997733,1789744855.0829499
v,1789744855.0874567,1789744855.1636994
e,1789744855.291136,1789744855.3827507
Key.space,1789744855.3629737,1789744855.4950585
w,1789744855.5169485,1789744855.6547165
a,1789744855.6268575,1789744855.7449737
n,1789744855.6686904,1789744855.7469783
t,1789744855.784803,1789744855.8912528
Key.space,1789744855.8634174,1789744856.0587983
t,1789744856.0775979,1789744856.1386268
h,1789744856.2043872,1789744856.2700603
Key.backspace,1789744856.4628592,1789744856.5128524
Key.backspace,1789744856.5791478,1789744856.669065
h,1789744856.7931325,1789744856.8573048
e,1789744856.842578,1789744856.9406533
r,1789744857.0070975,1789744857.0815527
e,1789744857.1509476,1789744857.2571423
Key.space,1789744857.2411273,1789744857.402834
f,1789744857.3628619,1789744857.4685783
e,1789744857.5831325,1789744857.7289472
w,1789744857.680603,1789744857.8302982
Key.space,1789744857.8277411,1789744857.9742794
s,1789744858.0397637,1789744858.1443021
h,1789744858.2199116,1789744858.3229096
o,1789744858.3478272,1789744858.4224622
u,1789744858.4997215,1789744858.5679824
l,1789744858.6819336,1789744858.7660267
d,1789744858.7238338,1789744858.8999143
Key.space,1789744858.8802228,1789744858.9960947
s,1789744858.9536226,1789744859.1039486
h,1789744859.1239476,1789744859.1948435
o,1789744859.3261964,1789744859.3882763
w,1789744859.3638625,1789744859.4780104
Key.space,1789744859.4760141,1789744859.5935428
s,1789744859.5663843,1789744859.659495
e,1789744859.6774006,1789744859.7638397
e,1789744859.8332288,1789744859.9461703
m,1789744859.94817,1789744860.019572
Key.space,1789744860.0101,1789744860.1496198
o,1789744860.2208343,1789744860.3087482
p,1789744860.4408777,1789744860.5707595
e,1789744860.5846055,1789744860.693623
n,1789744860.724331,1789744860.7897718
Key.space,1789744860.7348666,1789744860.9144042
t,1789744860.9134028,1789744861.0311217
u,1789744861.0086892,1789744861.0766075
r,1789744861.1211812,1789744861.2566319
n,1789744861.2217705,1789744861.3008525
Key.space,1789744861.2668216,1789744861.4226124
l,1789744861.468762,1789744861.5830948
w,1789744861.541302,1789744861.6293192
e,1789744861.5418055,1789744861.6293192
Key.caps_lock,1789744861.6127841,1789744861.7148974
a,1789744861.6137843,1789744861.716904
Key.backspace,1789744861.906576,1789744861.960986
Key.backspace,1789744862.0386121,1789744862.1045718
Key.backspace,1789744862.1886492,1789744862.2768307
e,1789744862.2658036,1789744862.367386
a,1789744862.3270547,1789744862.4468434
v,1789744862.522542,1789744862.563727
Key.backspace,1789744862.7132463,1789744862.78577
Key.backspace,1789744862.8720107,1789744862.9415948
Key.backspace,1789744863.0275283,1789744863.0956585
Key.caps_lock,1789744863.0738304,1789744863.2211876
e,1789744863.4276342,1789744863.5559778
a,1789744863.55389,1789744863.685806
v,1789744863.7701743,1789744863.8700829
e,1789744864.0017114,1789744864.0976708
Key.space,1789744864.077968,1789744864.2799926
c,1789744864.2574668,1789744864.3417275
a,1789744864.29195,1789744864.4215395
l,1789744864.397885,1789744864.4661808
l,1789744864.540217,1789744864.6175973
Key.space,1789744864.6019473,1789744864.722003
e,1789744864.7294455,1789744864.839728
n,1789744864.8536406,1789744864.9617581
d,1789744864.969773,1789744865.0733376
Key.space,1789744865.037882,1789744865.1671827
n,1789744865.1070044,1789744865.1826334
o,1789744865.3189433,1789744865.3878255
w,1789744865.358213,1789744865.4509823
Key.space,1789744865.4386337,1789744865.5485983
o,1789744865.6573656,1789744865.702966
t,1789744865.7626784,1789744865.870798
h,1789744865.9125516,1789744866.0006876
e,1789744865.9900076,1789744866.074804
r,1789744866.171484,1789744866.265231
Key.space,1789744866.2348924,1789744866.3460512
p,1789744866.342883,1789744866.414921
e,1789744866.4428294,1789744866.5508168
r,1789744866.63681,1789744866.7709281
s,1789744866.74519,1789744866.8786929
o,1789744866.8289554,1789744866.9027393
n,1789744867.0098276,1789744867.0709286
Key.space,1789744867.0869436,1789744867.2451098
r,1789744867.2268832,1789744867.3586912
a,1789744867.370004,1789744867.578538
Key.backspace,1789744867.7177508,1789744867.7779489
a,1789744867.8697536,1789744867.9940078
l,1789744867.9920006,1789744868.0857115
Key.space,1789744868.1159494,1789744868.2039506
Key.backspace,1789744868.2693608,1789744868.3239574
Key.backspace,1789744868.4141438,1789744868.4734514
Key.backspace,1789744868.5738862,1789744868.6232972
e,1789744868.6940317,1789744868.7899733
a,1789744868.7458596,1789744868.8656604
l,1789744868.9201963,1789744869.0102022
Key.space,1789744869.0667107,1789744869.195953
t,1789744869.3439436,1789744869.4753594
a,1789744869.5082374,1789744869.6319308
k,1789744869.665719,1789744869.751876
e,1789744869.765611,1789744869.869828
Key.space,1789744869.86575,1789744869.991803
o,1789744869.970191,1789744870.0452209
Key.backspace,1789744870.3008485,1789744870.3756237
a,1789744870.3490546,1789744870.469074
n,1789744870.5064998,1789744870.5707338
y,1789744870.5945857,1789744870.6866324
Key.space,1789744870.7548318,1789744870.8501554
p,1789744870.8168073,1789744870.8943102
m,1789744871.0189466,1789744871.0786235
Key.backspace,1789744871.2626624,1789744871.3331292
Key.backspace,1789744871.4267824,1789744871.5101418
o,1789744871.5949254,1789744871.6772346
n,1789744871.694991,1789744871.802864
l,1789744871.8610373,1789744871.9585133
u,1789744871.9560058,1789744872.0877142
Key.space,1789744872.1403384,1789744872.2788436
w,1789744872.4475088,1789744872.5677345
h,1789744872.589599,1789744872.6499624
e,1789744872.6279507,1789744872.7419484
r,1789744872.8200636,1789744872.8775513
e,1789744872.949953,1789744873.0489628
Key.space,1789744873.0459702,1789744873.1835396
t,1789744873.143646,1789744873.261969
o,1789744873.2400174,1789744873.2984436
o,1789744873.3665118,1789744873.4537418
Key.space,1789744873.4641745,1789744873.6059022
p,1789744873.6059022,1789744873.717812
r,1789744873.8959403,1789744874.0218742
o,1789744874.0577362,1789744874.13195
b,1789744874.154189,1789744874.2958405
l,1789744874.3360069,1789744874.4337692
e,1789744874.4418328,1789744874.5418532
m,1789744874.5733624,1789744874.6476324
Key.space,1789744874.6419528,1789744874.7839506
a,1789744874.7721627,1789744874.8984725
t,1789744874.9319713,1789744875.0644343
Key.space,1789744875.0309253,1789744875.1633744
d,1789744875.1767118,1789744875.2658806
s,1789744875.1724124,1789744875.2718806
u,1789744875.2552507,1789744875.3370342
Key.backspace,1789744875.6128306,1789744875.6603136
Key.backspace,1789744875.7343948,1789744875.8147125
u,1789744875.9267771,1789744875.9959025
s,1789744875.9909518,1789744876.0896668
t,1789744876.1387105,1789744876.2393014
e,1789744876.3216097,1789744876.438796
k,1789744876.4226394,1789744876.4817526
Key.space,1789744876.5562916,1789744876.6762588
Key.backspace,1789744876.8266823,1789744876.880813
Key.backspace,1789744877.0143986,1789744877.1019804
m,1789744877.2186875,1789744877.289495
Key.space,1789744877.3437073,1789744877.4333627
p,1789744877.5446663,1789744877.6246643
e,1789744877.6136348,1789744877.6901972
r,1789744877.7686636,1789744877.8836982
s,1789744877.854091,1789744877.962043
o,1789744877.9280934,1789744877.999921
n,1789744878.1008775,1789744878.1845634
Key.space,1789744878.153013,1789744878.3004
d,1789744878.2683074,1789744878.412007
o,1789744878.4018898,1789744878.494341
Key.space,1789744878.495952,1789744878.6358187
s,1789744878.6016898,1789744878.7215948
y,1789744878.7230108,1789744878.8148515
s,1789744878.8245249,1789744878.9301543
t,1789744878.9853868,1789744879.0842876
e,1789744879.1820138,1789744879.291305
m,1789744879.2800114,1789744879.3817677
Key.space,1789744879.3978546,1789744879.5095518
w,1789744879.465701,1789744879.5799136
i,1789744879.5678554,1789744879.6396847
l,1789744879.7449207,1789744879.807008
l,1789744879.8809152,1789744879.9537323
Key.space,1789744879.930943,1789744880.0585768
l,1789744880.041002,1789744880.1288347
o,1789744880.2129555,1789744880.2990615
h,1789744880.446681,1789744880.4967597
n,1789744880.3947234,1789744880.5188622
g,1789744880.43705,1789744880.5293427
Key.space,1789744880.543147,1789744880.6625924
a,1789744880.630803,1789744880.7570522
Key.backspace,1789744880.8943393,1789744880.9630077
Key.backspace,1789744881.027174,1789744881.105001
Key.backspace,1789744881.1746056,1789744881.280251
Key.space,1789744881.2387338,1789744881.3648002
a,1789744881.310811,1789744881.432647
t,1789744881.451184,1789744881.5985296
Key.space,1789744881.6151645,1789744881.734747
t,1789744882.0025995,1789744882.104413
h,1789744882.0738575,1789744882.1529398
r,1789744882.2119217,1789744882.2875295
e,1789744882.1997337,1789744882.293544
t,1789744882.3899882,1789744882.441903
r,1789744882.3943372,1789744882.4598415
e,1789744882.5381043,1789744882.6523774
Key.space,1789744882.6700225,1789744882.743936
f,1789744883.0959382,1789744883.1595232
e,1789744883.2399652,1789744883.3689835
w,1789744883.3040953,1789744883.4541783
Key.space,1789744883.4339547,1789744883.5584347
p,1789744883.818285,1789744883.9184332
e,1789744883.8751943,1789744883.9618158
r,1789744884.0236802,1789744884.1591926
s,1789744884.131764,1789744884.245944
o,1789744884.1879587,1789744884.2541668
n,1789744884.34785,1789744884.406013
Key.space,1789744884.3465638,1789744884.4616725
o,1789744884.5601575,1789744884.6502683
Key.backspace,1789744884.924824,1789744884.9869509
Key.backspace,1789744885.0626729,1789744885.1349442
o,1789744885.208124,1789744885.3028345
w,1789744885.3368099,1789744885.424733
n,1789744885.4728544,1789744885.5508258
Key.space,1789744885.6043594,1789744885.700128
t,1789744886.0387356,1789744886.166657
h,1789744886.1785648,1789744886.2500093
i,1789744886.3576655,1789744886.444789
n,1789744886.5413127,1789744886.6339276
h,1789744886.6033535,1789744886.6546679
g,1789744886.5932512,1789744886.6946883
Key.space,1789744886.7001913,1789744886.8133738
Key.backspace,1789744886.9598374,1789744887.0192277
Key.backspace,1789744887.0980952,1789744887.1695778
Key.space,1789744887.228029,1789744887.3356583
g,1789744887.500723,1789744887.5797632
r,1789744887.5457957,1789744887.65435
e,1789744887.7258956,1789744887.8345962
a,1789744887.8181937,1789744887.923554
t,1789744887.8696046,1789744887.9401531
Key.space,1789744888.01413,1789744888.1694152
a,1789744888.206254,1789744888.3300009
Key.space,1789744888.3702142,1789744888.4817922
o,1789744888.471114,1789744888.544263
p,1789744888.6648524,1789744888.7775903
e,1789744888.8147323,1789744888.9336486
n,1789744888.921807,1789744888.992519
Key.space,1789744888.9480178,1789744889.1398702
e,1789744889.098301,1789744889.2175736
y,1789744889.1927326,1789744889.2979517
e,1789744889.3136907,1789744889.4463615
Key.space,1789744889.421778,1789744889.5562367
p,1789744889.578872,1789744889.6809597
u,1789744889.8149529,1789744889.8772302
b,1789744889.9272244,1789744890.0328858
l,1789744890.0400403,1789744890.106841
i,1789744890.2109885,1789744890.2736523
Key.space,1789744890.3525944,1789744890.468998
t,1789744890.5502677,1789744890.6407866
Key.backspace,1789744890.781124,1789744890.8452723
Key.backspace,1789744890.936686,1789744891.0049434
c,1789744891.4119103,1789744891.5110466
Key.space,1789744891.5165539,1789744891.6427755
l,1789744891.630953,1789744891.7447908
o,1789744891.8517578,1789744891.9408166
o,1789744892.0345545,1789744892.105716
k,1789744892.2462366,1789744892.3342843
Key.space,1789744892.3780618,1789744892.515977
w,1789744892.7375817,1789744892.8676927
a,1789744893.160256,1789744893.2859573
n,1789744893.3117306,1789744893.3817387
t,1789744893.3817387,1789744893.5055974
Key.space,1789744893.5198326,1789744893.6539052
d,1789744893.6616786,1789744893.7673604
e,1789744893.8489454,1789744893.951982
v,1789744894.0562103,1789744894.131953
e,1789744894.2359662,1789744894.3241558
l,1789744894.3440073,1789744894.4195468
p,1789744894.5345757,1789744894.6092865
Key.space,1789744894.6047766,1789744894.7467573
n,1789744894.7733457,1789744894.8369513
o,1789744894.9726849,1789744895.0482564
y,1789744895.023024,1789744895.1018276
Key.space,1789744895.1176004,1789744895.266769
p,1789744895.2574198,1789744895.342654
o,1789744895.4525778,1789744895.51898
s,1789744895.50746,1789744895.5855086
s,1789744895.6646643,1789744895.758943
i,1789744895.7869692,1789744895.8658347
b,1789744895.9091058,1789744896.0210161
l,1789744896.0326445,1789744896.1508
e,1789744896.1874335,1789744896.3229394
Key.space,1789744896.3073325,1789744896.4139214
p,1789744896.5329022,1789744896.6170413
e,1789744896.6367059,1789744896.7490509
r,1789744896.8149884,1789744896.9486604
o,1789744896.9748242,1789744897.0443723
s,1789744896.8967285,1789744897.0522387
n,1789744897.145885,1789744897.221852
Key.space,1789744897.15175,1789744897.2801647
a,1789744897.2464433,1789744897.3976517
t,1789744897.378145,1789744897.50379
Key.space,1789744897.5282736,1789744897.6037903
p,1789744897.543797,1789744897.6358788
l,1789744897.758236,1789744897.849874
a,1789744897.8094754,1789744897.9293008
c,1789744897.9777222,1789744898.0596786
Key.space,1789744898.2503414,1789744898.3217056
e,1789744898.40515,1789744898.5082855
Key.backspace,1789744898.6719232,1789744898.7341893
Key.backspace,1789744898.8171105,1789744898.8916755
e,1789744899.11471,1789744899.2116406
Key.space,1789744899.201787,1789744899.367638
t,1789744899.3281372,1789744899.455217
h,1789744899.4401348,1789744899.51914
e,1789744899.562617,1789744899.6572428
Key.space,1789744899.6170235,1789744899.7571878
e,1789744899.7709446,1789744899.8745487
a,1789744899.8546963,1789744899.9775612
c,1789744900.0046427,1789744900.1208
h,1789744900.0891724,1789744900.16263
Key.space,1789744900.1792047,1789744900.3227823
p,1789744900.3385339,1789744900.4410307
r,1789744900.4602275,1789744900.582843
o,1789744900.588817,1789744900.674865
b,1789744900.7591486,1789744900.882321
l,1789744901.1917632,1789744901.2830298
e,1789744901.3170547,1789744901.4186945
m,1789744901.4649312,1789744901.5308695
Key.space,1789744901.550899,1789744901.6853006
s,1789744901.6501906,1789744901.7549074
h,1789744901.7027602,1789744901.7695942
o,1789744901.894735,1789744901.9692035
w,1789744901.932231,1789744902.0512297
Key.space,1789744902.0376742,1789744902.1295524
l,1789744902.135574,1789744902.1901262
o,1789744902.2898388,1789744902.4116695
o,1789744902.504906,1789744902.6016924
k,1789744902.7775118,1789744902.9048407
Key.space,1789744902.938166,1789744903.0593193
o,1789744903.073726,1789744903.1719196
f,1789744903.1439881,1789744903.2252676
f,1789744903.310201,1789744903.436228
Key.space,1789744903.4278638,1789744903.5792537
c,1789744903.5674152,1789744903.6673079
h,1789744903.6563342,1789744903.7369602
o,1789744903.8956766,1789744903.965397
l,1789744904.113707,1789744904.2026124
Key.backspace,1789744904.3477256,1789744904.4058483
Key.backspace,1789744904.480155,1789744904.5611277
i,1789744904.6353276,1789744904.7001376
l,1789744905.4066906,1789744905.475455
d,1789744905.5170107,1789744905.6212668
Key.space,1789744905.6067896,1789744905.7387953
c,1789744905.8326159,1789744905.9890115
a,1789744905.9449146,1789744906.082602
l,1789744906.0227852,1789744906.088655
l,1789744906.1519756,1789744906.2490554
Key.space,1789744906.2292564,1789744906.3636425
e,1789744906.3189626,1789744906.4389994
y,1789744906.4226682,1789744906.5170045
e,1789744906.532814,1789744906.6560886
Key.space,1789744906.6308725,1789744906.7711005
m,1789744906.7448907,1789744906.8309636
o,1789744906.9480226,1789744907.0533197
s,1789744906.9659452,1789744907.087913
t,1789744907.1638534,1789744907.272551
Key.space,1789744907.2582917,1789744907.40359
a,1789744907.3889315,1789744907.52779
l,1789744907.501696,1789744907.5681689
l,1789744907.6261585,1789744907.7140431
Key.space,1789744907.7075014,1789744907.8819015
a,1789744907.89798,1789744908.031958
g,1789744908.0676262,1789744908.1462233
a,1789744908.12222,1789744908.2695916
i,1789744908.3218777,1789744908.4176662
a,1789744908.557363,1789744908.6118236
Key.backspace,1789744908.93284,1789744909.001611
n,1789744909.0994914,1789744909.1761081
s,1789744909.146108,1789744909.2726326
t,1789744909.3116915,1789744909.4237523
Key.space,1789744909.3781126,1789744909.5809674
t,1789744909.5486958,1789744909.6969953
h,1789744909.6646886,1789744909.745188
e,1789744909.8016324,1789744909.912526
u,1789744909.8794677,1789744909.9526684
Key.space,1789744910.0527887,1789744910.207335
Key.backspace,1789744910.3083897,1789744910.3708158
Key.backspace,1789744910.4452736,1789744910.5552363
y,1789744910.5486171,1789744910.6747794
Key.space,1789744910.707157,1789744910.838582
e,1789744910.8471096,1789744911.031617
a,1789744910.996632,1789744911.1548743
r,1789744911.1447551,1789744911.2849512
l,1789744911.4486475,1789744911.560801
y,1789744911.6186154,1789744911.7335536
Key.space,1789744911.8090398,1789744911.9235618
g,1789744912.072012,1789744912.1525216
r,1789744912.0980165,1789744912.179331
e,1789744912.267937,1789744912.397222
t,1789744912.4094772,1789744912.47473
a,1789744912.3559082,1789744912.488066
Key.space,1789744912.529918,1789744912.6996639
f,1789744912.6488535,1789744912.7239587
d,1789744912.6488535,1789744912.7336612
o,1789744912.754048,1789744912.8018148
Key.backspace,1789744912.9516172,1789744913.0178506
Key.backspace,1789744913.1001441,1789744913.1677852
o,1789744913.340103,1789744913.4129655
w,1789744913.4595404,1789744913.544267
n,1789744913.5839539,1789744913.6537447
Key.space,1789744913.6316297,1789744913.7737365
h,1789744913.823385,1789744913.8957863
o,1789744914.0697925,1789744914.1416914
l,1789744914.2319872,1789744914.3039644
d,1789744914.288105,1789744914.4102483
Key.space,1789744914.3645573,1789744914.4684749
n,1789744914.4372926,1789744914.4947882
o,1789744914.6244767,1789744914.717133
w,1789744914.6887436,1789744914.7726603
Key.space,1789744914.76864,1789744914.925208
s,1789744914.8868504,1789744914.986501
h,1789744914.983531,1789744915.0491168
e,1789744915.0247982,1789744915.146672
Key.space,1789744915.1367867,1789744915.2229116
m,1789744915.2130053,1789744915.3187752
a,1789744915.3488264,1789744915.4609592
n,1789744915.420305,1789744915.4956398
Key.space,1789744915.4483857,1789744915.5629127
h,1789744915.6944585,1789744915.7646797
e,1789744915.7849202,1789744915.9058034
Key.space,1789744915.8792348,1789744915.9914367
m,1789744916.0329723,1789744916.1026044
a,1789744916.1166148,1789744916.2108798
k,1789744916.2426047,1789744916.331992
e,1789744916.3252778,1789744916.4515905
Key.space,1789744916.4048533,1789744916.512842
l,1789744916.5686233,1789744916.6285787
a,1789744916.4968076,1789744916.6349256
l,1789744916.7126696,1789744916.7877827
Key.space,1789744916.7856169,1789744916.9391007
h,1789744916.869474,1789744916.9899282
o,1789744916.9819143,1789744917.049973
u,1789744917.166331,1789744917.2253904
s,1789744917.186856,1789744917.3082497
e,1789744917.25349,1789744917.395704
Key.space,1789744917.3299928,1789744917.478023
s,1789744917.758286,1789744917.8673434
h,1789744917.8488486,1789744917.9138467
e,1789744917.921877,1789744918.0439823
Key.space,1789744918.024663,1789744918.11387
b,1789744918.1483078,1789744918.2343643
e,1789744918.2397678,1789744918.3394299
i,1789744918.3949718,1789744918.4885383
g,1789744918.577763,1789744918.6619656
n,1789744918.613778,1789744918.6750317
Key.backspace,1789744918.9219742,1789744918.972111
Key.backspace,1789744919.0577517,1789744919.1416466
Key.backspace,1789744919.3490107,1789744919.4483163
g,1789744919.526708,1789744919.664924
i,1789744919.626696,1789744919.702855
n,1789744919.8804154,1789744919.9967856
Key.space,1789744920.0528188,1789744920.1667836
h,1789744920.4075055,1789744920.4570699
o,1789744920.596891,1789744920.6900828
w,1789744920.655273,1789744920.763199
Key.space,1789744920.7330713,1789744920.8531234
a,1789744920.8469307,1789744920.9626915
g,1789744920.9466214,1789744921.0309968
a,1789744921.0666656,1789744921.1964428
i,1789744921.1726143,1789744921.2444828
n,1789744921.3509243,1789744921.4292357
Key.space,1789744921.3828635,1789744921.5269935
h,1789744921.5528712,1789744921.6311684
a,1789744921.5973973,1789744921.7316554
n,1789744921.782556,1789744921.879567
d,1789744921.8762128,1789744921.9994028
Key.space,1789744921.9472713,1789744922.0677674
i,1789744922.0341637,1789744922.103887
m,1789744922.2016673,1789744922.2495997
n,1789744922.1939158,1789744922.2541313
Key.space,1789744922.2756119,1789744922.367541
Key.backspace,1789744922.6018672,1789744922.6656957
Key.backspace,1789744922.7355661,1789744922.828673
Key.space,1789744922.8759549,1789744922.967892
u,1789744923.0137362,1789744923.0818682
Key.space,1789744923.2457373,1789744923.2699597
p,1789744923.208394,1789744923.2790034
Key.space,1789744923.3660314,1789744923.4479468
n,1789744923.767581,1789744923.8339548
e,1789744923.8203747,1789744923.9494863
w,1789744923.90196,1789744924.0120714
Key.space,1789744923.989833,1789744924.1263282
a,1789744924.1180913,1789744924.2415347
n,1789744924.2278712,1789744924.298858
d,1789744924.3028693,1789744924.4128556
Key.space,1789744924.394625,1789744924.516973
g,1789744924.5220647,1789744924.6009252
f,1789744924.5190709,1789744924.6226358
o,1789744924.6009252,1789744924.662486
l,1789744924.7544634,1789744924.8202915
Key.backspace,1789744924.9550054,1789744924.990158
Key.backspace,1789744925.0846484,1789744925.1601562
Key.backspace,1789744925.2425454,1789744925.3202631
o,1789744925.404665,1789744925.4911208
l,1789744925.5784273,1789744925.680137
l,1789744925.7530537,1789744925.8574364
o,1789744925.9747937,1789744926.0509558
w,1789744926.0545628,1789744926.1916661
Key.space,1789744926.1665375,1789744926.314954
d,1789744926.2669668,1789744926.4228957
o,1789744926.3730073,1789744926.4409716
Key.space,1789744926.4626648,1789744926.6329904
c,1789744926.5929384,1789744926.753974
o,1789744926.6889696,1789744926.7662013
u,1789744926.865971,1789744926.9195106
l,1789744927.038933,1789744927.1396627
d,1789744927.099442,1789744927.244646
Key.space,1789744927.1975656,1789744927.3217447
k,1789744927.2657795,1789744927.3501036
n,1789744927.453696,1789744927.5257106
o,1789744927.6559484,1789744927.7415438
w,1789744927.727976,1789744927.8325326
Key.space,1789744927.8042436,1789744927.9335148
s,1789744927.9375222,1789744928.0661454
h,1789744928.0894058,1789744928.1592407
Key.backspace,1789744928.4615152,1789744928.5242465
u,1789744928.6536508,1789744928.7320707
c,1789744928.7899427,1789744928.8839593
h,1789744928.8859682,1789744928.9519272
Key.space,1789744928.9880815,1789744929.0987613
o,1789744929.1540396,1789744929.2249577
n,1789744929.44095,1789744929.518947
e,1789744929.5572557,1789744929.66464
Key.space,1789744929.650956,1789744929.7744768
s,1789744929.7988594,1789744929.9133854
h,1789744929.8893754,1789744929.9533386
o,1789744930.0765688,1789744930.136696
u,1789744930.2572832,1789744930.3128662
l,1789744930.4367611,1789744930.5210125
d,1789744930.521515,1789744930.613037
Key.space,1789744930.6009262,1789744930.7150373
t,1789744930.7269144,1789744930.8292382
h,1789744930.8088384,1789744930.88188
e,1789744930.9169605,1789744931.0139
r,1789744931.0892565,1789744931.1669567
e,1789744931.2386076,1789744931.3553998
Key.space,1789744931.3209639,1789744931.4560275
a,1789744931.4530203,1789744931.5901904
g,1789744931.7139776,1789744931.7880433
a,1789744931.8500516,1789744931.9780946
i,1789744931.9320178,1789744931.9975522
n,1789744932.0896087,1789744932.1546867
s,1789744932.1439133,1789744932.2840583
t,1789744932.2762983,1789744932.3899891
h,1789744932.401588,1789744932.4701605
Key.space,1789744932.3444154,1789744932.491845
o,1789744932.5878663,1789744932.6708484
m,1789744932.747762,1789744932.8417308
e,1789744932.823741,1789744932.9460373
Key.space,1789744932.980057,1789744933.1382246
m,1789744933.147679,1789744933.2279594
o,1789744933.3267074,1789744933.3938096
r,1789744933.3157058,1789744933.40611
e,1789744933.4815278,1789744933.5695066
Key.space,1789744933.5343795,1789744933.6801898
a,1789744933.8417585,1789744933.976692
t,1789744934.0156958,1789744934.1347072
Key.space,1789744934.1291895,1789744934.262698
g,1789744934.290834,1789744934.3745203
e,1789744934.346884,1789744934.45118
t,1789744934.53919,1789744934.6275027
Key.space,1789744934.624896,1789744934.7662184
a,1789744934.7586489,1789744934.886983
g,1789744934.9573207,1789744935.0726013
t,1789744935.0770614,1789744935.1572921
e,1789744935.1769927,1789744935.2791488
r,1789744935.3546605,1789744935.4718757
Key.space,1789744935.4073164,1789744935.550026
a,1789744935.6213028,1789744935.6817446
o,1789744935.7227702,1789744935.7876878
Key.backspace,1789744935.927158,1789744936.0167892
Key.backspace,1789744936.0991223,1789744936.1726937
i,1789744936.254865,1789744936.332836
o,1789744936.2528563,1789744936.338843
t,1789744936.3429081,1789744936.4832149
Key.backspace,1789744936.7357779,1789744936.7917578
Key.backspace,1789744936.8702734,1789744936.942752
t,1789744937.0397668,1789744937.153762
h,1789744937.1319118,1789744937.200316
e,1789744937.239983,1789744937.3441825
r,1789744937.4191637,1789744937.5318303
Key.space,1789744937.4166453,1789744937.564068
c,1789744937.6893804,1789744937.858193
a,1789744937.8636956,1789744937.9838293
l,1789744938.0628169,1789744938.1377661
l,1789744938.2358336,1789744938.3338528
Key.space,1789744938.3762014,1789744938.5018933
m,1789744938.608142,1789744938.6673949
u,1789744938.839566,1789744938.919714
c,1789744938.9690573,1789744939.086096
h,1789744939.0825737,1789744939.1501997
Key.space,1789744939.1770835,1789744939.3066506
g,1789744939.435781,1789744939.508894
h,1789744939.4203115,1789744939.5150635
o,1789744939.4866207,1789744939.562926
Key.backspace,1789744939.8149688,1789744939.875262
Key.backspace,1789744939.9467022,1789744940.0385482
o,1789744940.111616,1789744940.1830494
m,1789744940.284777,1789744940.3492248
e,1789744940.3129354,1789744940.4429934
Key.space,1789744940.4264762,1789744940.5365357
m,1789744940.5130014,1789744940.5894103
Key.backspace,1789744940.7610872,1789744940.839652
h,1789744940.9934325,1789744941.0508409
o,1789744941.1668031,1789744941.2471666
e,1789744941.2712326,1789744941.3723178
Key.backspace,1789744941.66829,1789744941.7574935
w,1789744941.7660127,1789744941.87368
e,1789744941.8649116,1789744941.9975173
v,1789744941.965844,1789744942.0638134
e,1789744942.0783434,1789744942.2035944
r,1789744942.2659583,1789744942.400107
Key.space,1789744942.3658388,1789744942.561603
v,1789744942.6393754,1789744942.7419722
e,1789744942.7302632,1789744942.8059916
r,1789744942.8781476,1789744942.9879584
y,1789744942.9478388,1789744943.036329
Key.space,1789744943.0458548,1789744943.1927314
o,1789744943.2293966,1789744943.2958784
r,1789744943.2837982,1789744943.41629
Key.space,1789744943.385864,1789744943.5080872
h,1789744943.5993545,1789744943.7218666
i,1789744943.7476997,1789744943.8244083
g,1789744943.844762,1789744943.97882
h,1789744943.9828422,1789744944.0528913
Key.space,1789744944.043066,1789744944.1566799
e,1789744944.1790836,1789744944.2924557
v,1789744944.286936,1789744944.398955
e,1789744944.419224,1789744944.5132205
r,1789744944.578959,1789744944.6954207
y,1789744944.6309993,1789744944.7234263
Key.space,1789744944.768526,1789744944.9164429
t,1789744944.8209095,1789744944.9448278
h,1789744944.9531524,1789744945.0225368
a,1789744945.056687,1789744945.1715455
n,1789744945.168433,1789744945.254591
Key.space,1789744945.2465558,1789744945.3725371
h,1789744945.418637,1789744945.4828897
o,1789744945.6025994,1789744945.6915135
u,1789744945.8010504,1789744945.8684287
s,1789744945.85487,1789744945.9897728
e,1789744945.9268823,1789744946.0553231
Key.space,1789744946.0262415,1789744946.1452265
i,1789744946.1789591,1789744946.2171414
Key.backspace,1789744946.422358,1789744946.5184026
o,1789744946.583811,1789744946.6638222
l,1789744946.743766,1789744946.8518922
d,1789744946.8219,1789744946.9254973
Key.space,1789744946.8877888,1789744947.0174668
w,1789744946.9956598,1789744947.11803
h,1789744947.0693514,1789744947.1499472
e,1789744947.1835778,1789744947.2982135
r,1789744947.3769927,1789744947.4541204
e,1789744947.5237772,1789744947.6180127
Key.space,1789744947.5862012,1789744947.6934214
i,1789744947.6719077,1789744947.7417843
n,1789744947.8239546,1789744947.8920128
t,1789744947.832461,1789744947.9308283
e,1789744948.0215447,1789744948.1367803
r,1789744948.2138107,1789744948.383976
s,1789744948.3257227,1789744948.4801347
t,1789744948.5097532,1789744948.652267
Key.space,1789744948.597986,1789744948.7075403
a,1789744948.8809435,1789744949.0100868
t,1789744949.0524952,1789744949.1627865
Key.space,1789744949.1847012,1789744949.3171167
o,1789744949.4026043,1789744949.4827533
Key.backspace,1789744949.6426706,1789744949.7064633
c,1789744949.8053157,1789744949.9109657
o,1789744949.8742034,1789744949.9591467
u,1789744950.051259,1789744950.110952
l,1789744950.246769,1789744950.325115
d,1789744950.2687495,1789744950.403211
Key.space,1789744950.4868948,1789744950.6149814
0,1789744950.5936246,1789744950.6548917
Key.backspace,1789744950.9786112,1789744951.076803
o,1789744951.1858282,1789744951.2516856
l,1789744951.9287012,1789744951.9901798
d,1789744951.9978557,1789744952.1159582
Key.space,1789744952.0734317,1789744952.221932
c,1789744952.361298,1789744952.4698868
Key.backspace,1789744952.5995636,1789744952.6833107
a,1789744952.663561,1789744952.778246
b,1789744952.8763225,1789744952.991829
o,1789744952.9436448,1789744953.018886
u,1789744953.131902,1789744953.1919677
t,1789744953.1780682,1789744953.281251
Key.space,1789744953.2671404,1789744953.3736546
m,1789744953.38952,1789744953.4593499
i,1789744953.5741355,1789744953.639355
g,1789744953.6418624,1789744953.738678
h,1789744953.8049352,1789744953.883309
t,1789744953.874793,1789744953.9658482
Key.space,1789744953.958949,1789744954.083026
n,1789744954.0766685,1789744954.16873
e,1789744954.2103212,1789744954.3229072
v,1789744954.3148568,1789744954.4171386
e,1789744954.418959,1789744954.5249717
r,1789744954.5993745,1789744954.6868033
Key.space,1789744954.6531198,1789744954.8088315
s,1789744954.794578,1789744954.918954
e,1789744954.8850427,1789744954.9947963
t,1789744955.4900718,1789744955.5752785
Key.space,1789744955.5700443,1789744955.6964421
f,1789744955.7904415,1789744955.8716707
r,1789744955.8666642,1789744955.972892
e,1789744956.1593652,1789744956.2435272
Key.backspace,1789744956.3579574,1789744956.4335132
Key.backspace,1789744956.5155501,1789744956.5938294
e,1789744956.5681927,1789744956.7102516
w,1789744956.6304064,1789744956.7736714
Key.space,1789744956.7756789,1789744956.8920083
g,1789744957.0660229,1789744957.1422899
r,1789744957.1137056,1789744957.1999846
e,1789744957.2940555,1789744957.4217396
t,1789744957.434133,1789744957.4983292
a,1789744957.3782725,1789744957.517916
Key.space,1789744957.5677922,1789744957.6939592
b,1789744957.7576537,1789744957.8639448
e,1789744957.865961,1789744957.9857714
Key.space,1789744957.9878936,1789744958.127965
t,1789744958.3221316,1789744958.4293597
h,1789744958.4394329,1789744958.5184124
r,1789744958.5581033,1789744958.6826067
o,1789744958.6747274,1789744958.76489
u,1789744958.8812082,1789744958.9626849
g,1789744958.9947057,1789744959.0910492
h,1789744959.108533,1789744959.1809518
Key.space,1789744959.1601825,1789744959.2967198
m,1789744959.3701277,1789744959.4732306
e,1789744959.4871862,1789744959.6167076
n,1789744959.650666,1789744959.724961
a,1789744959.5890017,1789744959.7368524
Key.space,1789744959.738949,1789744959.8710794
s,1789744959.8230498,1789744959.9510894
t,1789744960.0046613,1789744960.0989878
i,1789744960.0677063,1789744960.1272585
l,1789744960.2428951,1789744960.2990067
l,1789744960.382568,1789744960.440939
Key.space,1789744960.4439518,1789744960.5651777
p,1789744960.5792525,1789744960.6610012
o,1789744960.7727885,1789744960.8433037
s,1789744961.0015275,1789744961.0839243
s,1789744961.1699252,1789744961.2682676
i,1789744961.2616134,1789744961.335947
b,1789744961.4136946,1789744961.5265398
l,1789744961.5235813,1789744961.6243043
Key.space,1789744961.705891,1789744961.8517506
m,1789744961.86381,1789744961.9460864
e,1789744962.0118499,1789744962.0198553
Key.backspace,1789744962.349722,1789744962.4418018
o,1789744962.5395305,1789744962.6360338
r,1789744962.6398277,1789744962.7261384
e,1789744962.80396,1789744962.892254
Key.esc,1789744964.0512064,1789744964.1224086
Key.esc,1789852395.558488,1789852395.6674066
i,1789852399.7926297,1789852399.8849654
f,1789852399.9209886,1789852400.0467966
Key.space,1789852400.0109773,1789852400.1550598
p,1789852400.185148,1789852400.269385
l,1789852400.369365,1789852400.4493651
a,1789852400.3632483,1789852400.498166
Key.backspace,1789852400.8004167,1789852400.8869517
Key.backspace,1789852401.0146313,1789852401.1348786
l,1789852401.5256996,1789852401.6284719
a,1789852401.6039634,1789852401.7081864
y,1789852401.80184,1789852401.8925924
Key.space,1789852401.8779302,1789852402.0196831
n,1789852401.9562333,1789852402.0207484
o,1789852402.144171,1789852402.228562
w,1789852402.2400467,1789852402.3780277
Key.space,1789852402.3258169,1789852402.4473164
l,1789852402.4624624,1789852402.527979
i,1789852402.6360674,1789852402.6897388
t,1789852402.6745014,1789852402.7579274
t,1789852402.8437755,1789852402.9239106
l,1789852402.9152143,1789852403.007931
e,1789852403.0277379,1789852403.1498075
p,1789852403.1237915,1789852403.1737325
Key.space,1789852403.103265,1789852403.2327726
l,1789852403.2856822,1789852403.3774662
a,1789852403.3460002,1789852403.4430528
t,1789852403.5977454,1789852403.6168575
y,1789852403.534094,1789852403.6252086
Key.space,1789852403.629807,1789852403.732321
n,1789852403.659476,1789852403.7444446
Key.backspace,1789852403.957907,1789852404.0169413
Key.backspace,1789852404.1025395,1789852404.1651003
Key.backspace,1789852404.2371533,1789852404.306851
Key.space,1789852404.3369012,1789852404.4342144
n,1789852404.4433339,1789852404.5071757
i,1789852404.6374192,1789852404.693136
o,1789852404.6349006,1789852404.7012496
Key.backspace,1789852405.4930055,1789852405.61498
t,1789852405.7092319,1789852405.8031375
Key.space,1789852405.848363,1789852405.8745127
s,1789852406.0649357,1789852406.1793737
m,1789852406.1590598,1789852406.252961
a,1789852406.2941117,1789852406.4101522
l,1789852406.4004953,1789852406.47069
l,1789852406.5284905,1789852406.6040184
Key.space,1789852406.6571257,1789852406.7760077
p,1789852406.8056755,1789852406.8861582
u,1789852407.0094595,1789852407.068534
b,1789852407.164403,1789852407.2459476
l,1789852407.2394335,1789852407.3196993
i,1789852407.4520829,1789852407.5492325
c,1789852407.5195231,1789852407.63643
Key.space,1789852407.6263807,1789852407.7516627
w,1789852407.774246,1789852407.8877187
Key.backspace,1789852408.1172996,1789852408.1756358
m,1789852408.2920544,1789852408.3805058
g,1789852408.455845,1789852408.5478916
i,1789852408.4960592,1789852408.5868173
t,1789852408.7008755,1789852408.819359
h,1789852408.7774632,1789852408.8851256
Key.space,1789852408.9910843,1789852409.134921
d,1789852409.1994092,1789852409.344938
u,1789852409.3274188,1789852409.4166446
r,1789852409.4453669,1789852409.568175
i,1789852409.5415175,1789852409.6027339
n,1789852409.7072191,1789852409.8071089
h,1789852409.7914672,1789852409.9237576
Key.space,1789852409.9346733,1789852410.0721736
u,1789852410.2253153,1789852410.3409798
p,1789852410.3631365,1789852410.44507
Key.space,1789852410.423894,1789852410.5471332
c,1789852410.7506623,1789852410.8893197
l,1789852410.9229534,1789852410.9912107
a,1789852410.8703287,1789852410.99497
l,1789852411.0591655,1789852411.1560183
Key.space,1789852411.1580184,1789852411.2840896
f,1789852411.245983,1789852411.364004
i,1789852411.3079584,1789852411.3856714
n,1789852411.4708495,1789852411.5694072
f,1789852411.5672734,1789852411.6463864
d,1789852411.5295775,1789852411.6499727
Key.space,1789852411.61218,1789852411.7574341
Key.backspace,1789852411.965829,1789852412.0253415
Key.backspace,1789852412.1023848,1789852412.1881335
Key.space,1789852412.1352212,1789852412.2861412
s,1789852412.2539446,1789852412.3761768
e,1789852412.344255,1789852412.4378037
e,1789852412.5080957,1789852412.6440926
Key.space,1789852412.6141362,1789852412.7798212
l,1789852412.692262,1789852412.798275
e,1789852412.763606,1789852412.8777132
a,1789852412.8558888,1789852412.969574
v,1789852413.0124564,1789852413.1244347
e,1789852413.2304595,1789852413.3562381
Key.space,1789852413.3278646,1789852413.4732807
a,1789852413.4883752,1789852413.5961456
n,1789852413.5983741,1789852413.664717
o,1789852413.794617,1789852413.8507378
t,1789852413.8712332,1789852413.9727333
h,1789852414.0311759,1789852414.1451228
e,1789852414.0694497,1789852414.1593337
r,1789852414.2554123,1789852414.3734217
Key.space,1789852414.3247657,1789852414.509272
y,1789852414.4211965,1789852414.510279
e,1789852414.4845831,1789852414.6112325
a,1789852414.5795643,1789852414.7107139
r,1789852414.6900415,1789852414.811459
l,1789852414.817082,1789852414.904428
Key.space,1789852414.7528791,1789852414.9248364
e,1789852414.9193082,1789852415.018005
a,1789852414.9681706,1789852415.1087103
v,1789852415.1711519,1789852415.282195
w,1789852415.4055245,1789852415.559706
Key.space,1789852415.490461,1789852415.6081119
Key.backspace,1789852415.6943657,1789852415.7692618
Key.backspace,1789852415.8284209,1789852415.9179914
e,1789852415.9167817,1789852416.0309815
Key.space,1789852415.9729285,1789852416.1632314
g,1789852416.1341596,1789852416.2721822
o,1789852416.2178495,1789852416.2858434
o,1789852416.3584478,1789852416.437421
d,1789852416.4312434,1789852416.5764124
l,1789852416.6006117,1789852416.6464741
Key.space,1789852416.5335946,1789852416.6959376
i,1789852416.78807,1789852416.9195473
f,1789852416.9038692,1789852416.9796448
e,1789852417.0663524,1789852417.1681201
Key.space,1789852417.1260498,1789852417.3155382
h,1789852417.2884355,1789852417.3676603
t,1789852417.2737517,1789852417.387533
y,1789852417.4881048,1789852417.5739136
e,1789852417.476298,1789852417.6124904
Key.space,1789852417.61349,1789852417.7752934
p,1789852417.769816,1789852417.835499
l,1789852417.9395947,1789852418.0218217
a,1789852417.9298027,1789852418.0661328
y,1789852418.1380925,1789852418.248215
Key.space,1789852418.212302,1789852418.3119993
Key.backspace,1789852418.3793597,1789852418.423947
Key.space,1789852418.6552885,1789852418.7926612
w,1789852418.7766333,1789852418.8966043
i,1789852418.8592634,1789852418.9414551
l,1789852419.053209,1789852419.1072037
l,1789852419.1741033,1789852419.2407594
Key.space,1789852419.2251878,1789852419.362735
g,1789852419.4707165,1789852419.5570967
e,1789852419.536809,1789852419.6195717
n,1789852419.692198,1789852419.838123
e,1789852419.7070978,1789852419.8396277
r,1789852419.9384916,1789852420.076705
a,1789852420.0406265,1789852420.1505623
l,1789852420.1066933,1789852420.2030628
Key.space,1789852420.223034,1789852420.376385
t,1789852420.336651,1789852420.4351478
h,1789852420.4192429,1789852420.5074337
a,1789852420.564634,1789852420.6739502
n,1789852420.6750128,1789852420.7802627
Key.space,1789852420.7752292,1789852420.9050674
h,1789852420.948602,1789852421.0268388
a,1789852421.0222344,1789852421.1281862
v,1789852421.1565096,1789852421.254645
e,1789852421.2553966,1789852421.3485117
Key.space,1789852421.3220859,1789852421.486147
t,1789852421.4400787,1789852421.5363934
h,1789852421.5142775,1789852421.6015093
s,1789852421.600508,1789852421.6772053
a,1789852421.5875711,1789852421.685677
t,1789852421.6881866,1789852421.8144982
Key.space,1789852421.7479076,1789852421.8475187
Key.backspace,1789852421.997496,1789852422.0593786
Key.backspace,1789852422.150365,1789852422.2060251
Key.backspace,1789852422.304055,1789852422.381862
a,1789852422.3680406,1789852422.457723
Key.backspace,1789852422.6357563,1789852422.7521992
t,1789852422.736416,1789852422.8123672
Key.space,1789852422.7980769,1789852422.9439926
p,1789852422.926034,1789852423.0481787
r,1789852423.069976,1789852423.2138648
o,1789852423.2604365,1789852423.3583353
g,1789852423.3385406,1789852423.446039
r,1789852423.5296183,1789852423.683101
a,1789852423.6392632,1789852423.7407181
m,1789852423.7167258,1789852423.8101263
Key.space,1789852423.8875046,1789852424.0102785
p,1789852424.0927877,1789852424.1669693
l,1789852424.2571485,1789852424.3411179
a,1789852424.2581553,1789852424.384459
c,1789852424.405208,1789852424.49736
e,1789852424.6091497,1789852424.7046149
Key.space,1789852424.717059,1789852424.8845422
c,1789852424.8092468,1789852424.9329085
o,1789852424.8709352,1789852424.9412212
m,1789852425.0064237,1789852425.1115177
e,1789852425.0592732,1789852425.1712964
Key.space,1789852425.150328,1789852425.3112495
t,1789852425.2777386,1789852425.3504193
e,1789852425.69105,1789852425.8005216
l,1789852425.7889514,1789852425.8438919
;,1789852425.79073,1789852425.8448973
l,1789852425.9271708,1789852425.9974964
Key.space,1789852426.0704334,1789852426.1278565
Key.backspace,1789852426.2140186,1789852426.2677991
Key.backspace,1789852426.3595724,1789852426.409861
Key.backspace,1789852426.483527,1789852426.5594945
l,1789852426.9319983,1789852427.019415
Key.space,1789852427.100052,1789852427.2513368
a,1789852427.2408757,1789852427.3804474
t,1789852427.3958976,1789852427.5065649
Key.space,1789852427.6222537,1789852427.7321548
p,1789852427.700329,1789852427.7836456
o,1789852427.8822858,1789852427.989531
i,1789852428.102241,1789852428.1796813
n,1789852428.2660754,1789852428.3773139
t,1789852428.3125608,1789852428.4295876
Key.space,1789852428.4215662,1789852428.5908444
c,1789852428.9293475,1789852429.054625
h,1789852429.1628401,1789852429.3061326
i,1789852429.281368,1789852429.367007
l,1789852429.4667895,1789852429.5650682
d,1789852429.5569193,1789852429.6721838
Key.space,1789852429.656828,1789852429.792319
d,1789852429.93647,1789852430.0246627
e,1789852430.1131098,1789852430.1793504
v,1789852430.3650765,1789852430.4294782
e,1789852430.525149,1789852430.6353698
l,1789852430.5825288,1789852430.6634536
p,1789852430.76902,1789852430.8663206
Key.space,1789852430.8663206,1789852430.9667275
w,1789852431.0406756,1789852431.1377497
Key.backspace,1789852431.2731826,1789852431.3316534
Key.backspace,1789852431.429648,1789852431.4924607
Key.backspace,1789852431.589336,1789852431.6561232
p,1789852431.8533206,1789852431.9425201
l,1789852432.0794866,1789852432.123894
Key.backspace,1789852432.2994404,1789852432.3742247
Key.backspace,1789852432.4614732,1789852432.5216744
o,1789852432.6324236,1789852432.6815066
p,1789852433.1373165,1789852433.2336226
Key.space,1789852433.267617,1789852433.390267
s,1789852433.3283036,1789852433.4671068
h,1789852433.4676108,1789852433.5574641
o,1789852433.6954994,1789852433.7980669
w,1789852433.758083,1789852433.8949075
Key.space,1789852433.8644595,1789852433.9837117
w,1789852434.015056,1789852434.1404493
o,1789852434.1010292,1789852434.1808887
r,1789852434.2227032,1789852434.337469
k,1789852434.317207,1789852434.3990684
Key.space,1789852434.4622633,1789852434.6008906
o,1789852434.6081362,1789852434.6991863
f,1789852434.6547298,1789852434.750564
f,1789852434.8405914,1789852434.9754314
Key.space,1789852434.9332108,1789852435.066857
b,1789852435.039271,1789852435.1242628
e,1789852435.1611228,1789852435.3146284
t,1789852435.320581,1789852435.3926625
w,1789852435.3513265,1789852435.483019
e,1789852435.478137,1789852435.5568726
e,1789852435.6312222,1789852435.7164063
n,1789852435.7154074,1789852435.8280342
Key.space,1789852435.8847473,1789852436.016097
h,1789852436.0400145,1789852436.128091
e,1789852436.1139688,1789852436.2263172
a,1789852436.2201436,1789852436.3617487
d,1789852436.3403845,1789852436.4497852
Key.space,1789852436.437676,1789852436.5754507
n,1789852436.525666,1789852436.6305764
e,1789852436.6340876,1789852436.7665896
w,1789852436.7120638,1789852436.8255453
Key.space,1789852436.803779,1789852436.9320774
k,1789852436.9535193,1789852437.028387
e,1789852437.0478334,1789852437.0961719
e,1789852437.1837976,1789852437.300459
p,1789852437.3679442,1789852437.4675405
Key.space,1789852437.5054092,1789852437.6675906
s,1789852437.6237202,1789852437.7704432
t,1789852437.7763035,1789852437.8639953
a,1789852437.9980187,1789852438.122047
n,1789852438.151571,1789852438.2478075
d,1789852438.2880113,1789852438.4176617
Key.space,1789852438.3855977,1789852438.5252147
l,1789852438.527235,1789852438.606601
e,1789852438.5853279,1789852438.6772473
a,1789852438.6612036,1789852438.789424
d,1789852438.7949657,1789852438.904619
Key.space,1789852438.8988938,1789852439.0312178
o,1789852438.9893086,1789852439.0893226
f,1789852439.054431,1789852439.1532297
f,1789852439.2271059,1789852439.3554268
Key.space,1789852439.3084824,1789852439.489089
b,1789852439.543,1789852439.6406653
a,1789852439.6147022,1789852439.729044
c,1789852439.7565563,1789852439.9130485
k,1789852439.8709152,1789852439.9714851
Key.space,1789852439.9807303,1789852440.123025
t,1789852440.0513332,1789852440.1826856
h,1789852440.1454191,1789852440.2191439
i,1789852440.3133824,1789852440.3960824
s,1789852440.359368,1789852440.5049706
Key.space,1789852440.464749,1789852440.597138
a,1789852440.599137,1789852440.736436
n,1789852440.7404687,1789852440.8321571
y,1789852440.8225844,1789852440.9337635
Key.space,1789852440.983195,1789852441.1317656
o,1789852441.1100316,1789852441.2078924
t,1789852441.194407,1789852441.323325
h,1789852441.3879778,1789852441.4837801
e,1789852441.4195757,1789852441.5502312
r,1789852441.6136155,1789852441.7355664
Key.space,1789852441.6637568,1789852441.8197472
a,1789852441.78778,1789852441.9360635
Key.space,1789852441.9930716,1789852442.0460525
b,1789852441.9657588,1789852442.0620484
e,1789852442.0640707,1789852442.1625087
Key.backspace,1789852442.3959885,1789852442.4476938
Key.backspace,1789852442.5317066,1789852442.6031795
Key.backspace,1789852442.6979036,1789852442.7379375
Key.space,1789852443.022256,1789852443.1418216
b,1789852443.1585407,1789852443.2603462
e,1789852443.2094176,1789852443.3264086
c,1789852443.419447,1789852443.5654457
a,1789852443.5414739,1789852443.6867244
y,1789852443.6449623,1789852443.7280724
s,1789852443.7650762,1789852443.926826
e,1789852443.875086,1789852443.9711215
Key.backspace,1789852444.096882,1789852444.1662931
Key.backspace,1789852444.2393098,1789852444.310774
Key.backspace,1789852444.3871913,1789852444.4523249
u,1789852444.5749428,1789852444.6602967
s,1789852444.6848714,1789852444.8107815
e,1789852444.763395,1789852444.917378
Key.space,1789852444.8471477,1789852444.9830356
p,1789852445.0149336,1789852445.1133027
r,1789852445.074679,1789852445.1850476
e,1789852445.260655,1789852445.3670814
s,1789852445.4485133,1789852445.5795307
e,1789852445.529372,1789852445.660651
n,1789852445.6345396,1789852445.7310061
t,1789852445.7596323,1789852445.8519683
Key.space,1789852445.8561697,1789852445.996172
v,1789852446.0416634,1789852446.1321075
c,1789852446.0596485,1789852446.1326165
p,1789852446.1032543,1789852446.163712
o,1789852446.126342,1789852446.1662228
Key.backspace,1789852446.3716834,1789852446.429448
Key.backspace,1789852446.520101,1789852446.5783644
Key.backspace,1789852446.675591,1789852446.739327
c,1789852446.8723369,1789852447.0104597
o,1789852446.9245267,1789852447.0284977
Key.backspace,1789852447.2280645,1789852447.2799814
Key.backspace,1789852447.3697042,1789852447.4348905
Key.backspace,1789852447.530028,1789852447.5936337
c,1789852447.726447,1789852447.8534794
o,1789852447.7894943,1789852447.8901644
u,1789852447.9940157,1789852448.0744014
l,1789852448.196188,1789852448.2969923
d,1789852448.2794034,1789852448.376555
Key.space,1789852448.3681786,1789852448.5127473
h,1789852448.7111473,1789852448.7566323
g,1789852448.7031033,1789852448.7691133
Key.backspace,1789852449.277187,1789852449.3564653
o,1789852449.432709,1789852449.5105994
Key.space,1789852449.5203483,1789852449.6463075
n,1789852449.6493134,1789852449.7268982
o,1789852449.8653288,1789852449.9570785
e,1789852449.8706028,1789852450.0232606
w,1789852449.9545536,1789852450.078113
Key.space,1789852450.037083,1789852450.1751397
h,1789852450.1510153,1789852450.2160118
o,1789852450.3850555,1789852450.5072203
e,1789852450.5949852,1789852450.7253473
v,1789852450.7525074,1789852450.8395247
e,1789852450.925631,1789852451.005571
Key.backspace,1789852451.1321163,1789852451.1928625
Key.backspace,1789852451.2820275,1789852451.352135
Key.backspace,1789852451.7574272,1789852451.8112266
w,1789852451.861915,1789852451.973173
e,1789852452.025727,1789852452.1654541
v,1789852452.2052886,1789852452.2982154
e,1789852452.247781,1789852452.42603
r,1789852452.5025573,1789852452.6383197
Key.space,1789852452.6217759,1789852452.7581468
o,1789852452.876307,1789852452.9580112
t,1789852452.972363,1789852453.0661464
h,1789852453.1364677,1789852453.2245178
e,1789852453.174171,1789852453.2719064
r,1789852453.3553038,1789852453.475061
Key.space,1789852453.4168339,1789852453.6006129
w,1789852453.5810134,1789852453.7053978
i,1789852453.637427,1789852453.723022
l,1789852453.828207,1789852453.9011552
l,1789852453.9670386,1789852454.037343
Key.space,1789852453.9330509,1789852454.0659978
s,1789852454.1227515,1789852454.2852662
t,1789852454.279428,1789852454.3474305
a,1789852454.2694814,1789852454.4506555
Key.backspace,1789852454.6440113,1789852454.7009418
Key.backspace,1789852454.7852154,1789852454.8412457
Key.backspace,1789852454.9369216,1789852454.9871047
Key.backspace,1789852455.3984013,1789852455.4630713
s,1789852455.5267506,1789852455.6131318
a,1789852455.570589,1789852455.6926398
y,1789852455.7373126,1789852455.820988
Key.space,1789852455.9462798,1789852455.9915335
s,1789852458.9206316,1789852459.0271087
h,1789852459.1176162,1789852459.1408439
c,1789852459.1129436,1789852459.227207
h,1789852459.6633074,1789852459.739013
o,1789852459.8762624,1789852459.9586546
o,1789852460.0393088,1789852460.1111557
l,1789852460.2054386,1789852460.2793908
Key.space,1789852460.3063712,1789852460.4088624
b,1789852460.429023,1789852460.526725
e,1789852460.4851108,1789852460.5773723
c,1789852460.6909049,1789852460.8239546
a,1789852460.8117673,1789852460.9480767
u,1789852460.8960419,1789852460.98776
s,1789852461.0358675,1789852461.1982398
e,1789852461.153821,1789852461.2860618
Key.space,1789852461.2442317,1789852461.369667
p,1789852461.3184106,1789852461.3914514
l,1789852461.484203,1789852461.5774498
a,1789852461.4984605,1789852461.6373806
c,1789852461.7040873,1789852461.8201714
e,1789852461.9243817,1789852462.0396235
Key.space,1789852462.014968,1789852462.1579735
k,1789852462.0983498,1789852462.1665215
Key.backspace,1789852462.5556746,1789852462.6339414
m,1789852462.7586105,1789852462.8394854
o,1789852462.9603076,1789852463.060264
s,1789852462.9995909,1789852463.1179516
t,1789852463.148285,1789852463.2944593
j,1789852463.321242,1789852463.3903124
Key.space,1789852463.238175,1789852463.4145765
u,1789852463.4972684,1789852463.5805674
s,1789852463.549355,1789852463.6668255
t,1789852463.6813507,1789852463.8314166
Key.space,1789852463.7891498,1789852463.9309657
w,1789852463.9732373,1789852464.0943081
h,1789852464.032978,1789852464.129496
o,1789852464.24495,1789852464.3412921
Key.space,1789852464.2878988,1789852464.435071
o,1789852464.4949543,1789852464.6010165
v,1789852464.5494933,1789852464.6675634
e,1789852464.7773564,1789852464.8969984
r,1789852464.9590237,1789852465.0851996
Key.space,1789852465.007006,1789852465.164755
n,1789852465.2267606,1789852465.301199
o,1789852465.4313216,1789852465.5206325
w,1789852465.4719124,1789852465.6054173
Key.space,1789852465.597254,1789852465.773234
f,1789852465.747415,1789852465.8292713
a,1789852466.342211,1789852466.4341166
c,1789852466.4817972,1789852466.5458698
v,1789852466.4584966,1789852466.552159
e,1789852466.6716263,1789852466.7702603
Key.backspace,1789852466.8680096,1789852466.9272988
Key.backspace,1789852467.012047,1789852467.0734603
Key.backspace,1789852467.147315,1789852467.2222364
c,1789852467.1844041,1789852467.2764144
e,1789852467.3678524,1789852467.4840834
Key.space,1789852467.454109,1789852467.523203
m,1789852467.7416565,1789852467.833046
o,1789852467.9622257,1789852468.056069
t,1789852468.0296595,1789852468.129379
Key.backspace,1789852468.2686987,1789852468.329259
Key.backspace,1789852468.4083607,1789852468.4750419
Key.backspace,1789852468.5512955,1789852468.6137395
n,1789852468.7335281,1789852468.829365
a,1789852468.7727077,1789852468.8855424
t,1789852468.9254131,1789852469.0555644
i,1789852469.0313787,1789852469.1193395
o,1789852469.2027326,1789852469.3023753
n,1789852469.2365193,1789852469.3551393
Key.space,1789852469.3929374,1789852469.5479772
g,1789852469.8712976,1789852469.9772081
o,1789852469.9675283,1789852470.0242994
o,1789852470.1011438,1789852470.1969607
d,1789852470.2051356,1789852470.3354642
Key.space,1789852470.3050802,1789852470.4727116
n,1789852470.627245,1789852470.71762
e,1789852470.754556,1789852470.9003153
w,1789852470.8361473,1789852470.9592469
Key.space,1789852470.913375,1789852471.0698524
j,1789852471.0363927,1789852471.1201282
u,1789852471.2296083,1789852471.317975
s,1789852471.2459433,1789852471.4173548
t,1789852471.4374075,1789852471.5721488
Key.space,1789852471.5694606,1789852471.7502666
y,1789852472.1436055,1789852472.2799618
o,1789852472.2461865,1789852472.3342285
u,1789852472.456192,1789852472.5341198
Key.space,1789852472.529891,1789852472.6841183
h,1789852472.8764307,1789852472.941568
i,1789852473.066032,1789852473.1431725
g,1789852473.1695242,1789852473.2910416
h,1789852473.299317,1789852473.3928103
Key.space,1789852473.4191263,1789852473.5684834
u,1789852473.6629977,1789852473.755399
s,1789852473.7681677,1789852473.88751
e,1789852473.8494377,1789852473.9947808
Key.space,1789852473.9463289,1789852474.078519
l,1789852474.0131707,1789852474.1072516
e,1789852474.1092875,1789852474.2116554
a,1789852474.165144,1789852474.3375227
d,1789852474.323093,1789852474.451196
Key.space,1789852474.4286063,1789852474.5447876
p,1789852474.5893378,1789852474.6933062
r,1789852474.7202642,1789852474.8367505
o,1789852474.8326104,1789852474.9552221
h,1789852474.9793315,1789852475.0410733
g,1789852474.9773247,1789852475.052935
r,1789852475.163163,1789852475.2643743
Key.backspace,1789852475.3686657,1789852475.4282
Key.backspace,1789852475.5091481,1789852475.5771422
e,1789852475.6432579,1789852475.7499173
r,1789852475.635317,1789852475.753949
a,1789852475.7299974,1789852475.8473494
Key.backspace,1789852476.1381853,1789852476.1985273
Key.backspace,1789852476.3004608,1789852476.3480513
a,1789852476.552237,1789852476.6417973
m,1789852476.6625142,1789852476.7439754
Key.space,1789852476.7834172,1789852476.905423
m,1789852476.9983363,1789852477.0694516
Key.backspace,1789852477.2553096,1789852477.3300772
t,1789852477.382195,1789852477.4838037
h,1789852477.4696064,1789852477.5521462
o,1789852477.693859,1789852477.818195
s,1789852477.8100965,1789852477.8525367
e,1789852477.8250918,1789852477.970471
Key.space,1789852477.9232266,1789852478.142631
c,1789852478.0989933,1789852478.2312794
a,1789852478.1963673,1789852478.3429537
l,1789852478.3308947,1789852478.414498
l,1789852478.4790602,1789852478.579287
Key.space,1789852478.5904253,1789852478.7569594
h,1789852478.7579632,1789852478.8591251
e,1789852478.850949,1789852478.9694433
a,1789852478.943297,1789852479.1169302
d,1789852479.067021,1789852479.175311
Key.space,1789852479.14314,1789852479.3310218
f,1789852479.2877605,1789852479.4114254
o,1789852479.4114254,1789852479.4864194
r,1789852479.4989333,1789852479.60548
Key.space,1789852479.566883,1789852479.7405696
b,1789852479.6813836,1789852479.7573974
w,1789852479.7513845,1789852479.9130669
e,1789852479.863237,1789852479.9726155
t,1789852479.9282205,1789852480.0192554
e,1789852480.0868726,1789852480.1650584
Key.backspace,1789852480.2761154,1789852480.3050966
Key.backspace,1789852480.412404,1789852480.4852114
Key.backspace,1789852480.5670078,1789852480.6171663
Key.backspace,1789852480.697972,1789852480.7576385
e,1789852481.347475,1789852481.4384136
t,1789852481.4522521,1789852481.5236218
e,1789852481.6421888,1789852481.6517456
w,1789852481.539797,1789852481.6537764
e,1789852481.7516377,1789852481.8897216
n,1789852481.9079654,1789852482.0062914
Key.space,1789852482.0855796,1789852482.2239926
t,1789852482.2519832,1789852482.3738961
h,1789852482.3356762,1789852482.4078333
i,1789852482.5101275,1789852482.5992174
n,1789852482.680488,1789852482.778062
g,1789852482.6978474,1789852482.8263664
Key.space,1789852482.843078,1789852482.9561427
o,1789852482.9822993,1789852483.0763872
r,1789852483.0504627,1789852483.204625
Key.space,1789852483.2011232,1789852483.3624988
w,1789852483.3312225,1789852483.4912825
h,1789852483.495115,1789852483.5704808
e,1789852483.4651752,1789852483.616433
r,1789852483.6985805,1789852483.7906518
e,1789852483.8626432,1789852483.9329002
Key.space,1789852483.9151423,1789852484.0951502
c,1789852484.0680459,1789852484.18113
o,1789852484.130664,1789852484.2006903
u,1789852484.3211834,1789852484.3952634
r,1789852484.364613,1789852484.4826715
s,1789852484.556634,1789852484.6849346
e,1789852484.6351287,1789852484.7709236
h,1789852484.7526898,1789852484.8410106
Key.space,1789852484.7272599,1789852484.8506541
a,1789852484.8708196,1789852485.007172
n,1789852484.9844341,1789852485.0753915
d,1789852485.037245,1789852485.1492171
Key.space,1789852485.150738,1789852485.257083
w,1789852485.2006903,1789852485.3709793
i,1789852485.281445,1789852485.387462
t,1789852485.440957,1789852485.5753622
h,1789852485.5391872,1789852485.6452556
Key.space,1789852485.6635287,1789852485.7819963
t,1789852485.73046,1789852485.8120675
r,1789852485.7294543,1789852485.8346121
Key.backspace,1789852486.0519354,1789852486.1214707
u,1789852486.3179822,1789852486.3921132
n,1789852486.518103,1789852486.5937107
Key.space,1789852486.6359792,1789852486.7370677
r,1789852487.179344,1789852487.3025498
i,1789852487.254521,1789852487.3464844
g,1789852487.429659,1789852487.5148978
h,1789852487.5113895,1789852487.5981867
t,1789852487.6254358,1789852487.7058835
r,1789852487.6244364,1789852487.7078893
Key.space,1789852487.7233624,1789852487.8837783
Key.backspace,1789852487.9776547,1789852488.0100214
Key.backspace,1789852488.0970256,1789852488.1767745
Key.backspace,1789852488.2527692,1789852488.3349833
Key.space,1789852488.346875,1789852488.4761024
w,1789852488.4116285,1789852488.5274699
i,1789852488.501476,1789852488.5906038
t,1789852488.6230006,1789852488.738659
h,1789852488.7015564,1789852488.7881815
Key.space,1789852488.8369472,1789852488.9793468
o,1789852488.9552205,1789852489.046903
f,1789852489.0130908,1789852489.1153347
f,1789852489.1987033,1789852489.3393676
Key.space,1789852489.2591612,1789852489.4130378
s,1789852489.4354987,1789852489.5791976
o,1789852489.5248587,1789852489.6150591
Key.space,1789852489.6445248,1789852489.812806
g,1789852489.8026433,1789852489.929028
o,1789852489.918666,1789852490.0096505
v,1789852490.0426414,1789852490.1716096
e,1789852490.2854097,1789852490.3934417
r,1789852490.4621305,1789852490.5934458
b,1789852490.574688,1789852490.6080885
n,1789852490.572687,1789852490.609109
Key.space,1789852490.6651058,1789852490.8080382
w,1789852490.7724504,1789852490.8882246
Key.backspace,1789852490.9655573,1789852491.0299993
Key.backspace,1789852491.1156836,1789852491.1711564
Key.backspace,1789852491.251505,1789852491.345806
Key.space,1789852491.3579564,1789852491.4858289
w,1789852491.4221466,1789852491.5476925
o,1789852491.532349,1789852491.625529
r,1789852491.6376758,1789852491.7900739
d,1789852491.869426,1789852491.9970229
Key.space,1789852492.0318835,1789852492.1178432
o,1789852492.0962658,1789852492.1842256
t,1789852492.2099314,1789852492.276405
r,1789852492.2099314,1789852492.3077137
Key.backspace,1789852492.7122633,1789852492.7962596
d,1789852492.8720193,1789852492.99432
e,1789852493.062279,1789852493.175112
r,1789852493.266666,1789852493.3750224
Key.space,1789852493.337981,1789852493.4674013
b,1789852493.4190316,1789852493.5152624
e,1789852493.494735,1789852493.590613
g,1789852493.705053,1789852493.8085413
i,1789852493.762006,1789852493.8511503
n,1789852493.978528,1789852494.071264
Key.space,1789852494.0564368,1789852494.1980019
g,1789852494.4368083,1789852494.5354042
r,1789852494.5132809,1789852494.6255093
e,1789852494.6933835,1789852494.844398
t,1789852494.8271441,1789852494.8943093
a,1789852494.797131,1789852494.9390714
Key.space,1789852494.9662993,1789852495.1078572
a,1789852495.1372626,1789852495.2215471
Key.backspace,1789852495.4769664,1789852495.54727
n,1789852495.7056549,1789852495.8179858
e,1789852495.7876918,1789852495.93026
w,1789852495.8522778,1789852495.9860404
Key.space,1789852495.941512,1789852496.1103482
a,1789852496.099568,1789852496.234068
Key.space,1789852496.2463868,1789852496.3877194
a,1789852496.4236116,1789852496.5898898
g,1789852496.7436106,1789852496.8299851
a,1789852496.8405392,1789852496.9632022
i,1789852496.9804251,1789852497.0631993
m,1789852497.1804624,1789852497.2840035
s,1789852497.2020915,1789852497.3383706
t,1789852497.366595,1789852497.4902682
Key.backspace,1789852497.5775223,1789852497.632022
Key.backspace,1789852497.7203758,1789852497.7881129
Key.backspace,1789852498.124804,1789852498.18693
n,1789852498.325186,1789852498.4054167
t,1789852498.3931146,1789852498.4784412
Key.space,1789852498.4728386,1789852498.6091292
l,1789852498.6068342,1789852498.7050004
a,1789852498.7594311,1789852498.8793042
r,1789852498.915311,1789852499.031243
g,1789852499.068553,1789852499.1446137
e,1789852499.1533208,1789852499.279468
Key.space,1789852499.2504005,1789852499.3679738
s,1789852499.4521992,1789852499.5692382
m,1789852499.551353,1789852499.624478
a,1789852499.6809688,1789852499.7968726
l,1789852499.7953322,1789852499.8548636
l,1789852499.9267266,1789852500.010684
Key.space,1789852500.0051355,1789852500.140476
f,1789852500.1092782,1789852500.2245526
o,1789852500.2469974,1789852500.3370423
r,1789852500.339042,1789852500.435201
m,1789852500.5229704,1789852500.6222441
Key.space,1789852500.684035,1789852500.8556073
t,1789852500.7981834,1789852500.9524202
u,1789852500.9403868,1789852501.0259984
r,1789852501.0656164,1789852501.174083
n,1789852501.158102,1789852501.2495365
Key.space,1789852501.2480214,1789852501.3759525
h,1789852501.383658,1789852501.4562507
a,1789852501.4423802,1789852501.543675
v,1789852501.5744064,1789852501.6732469
e,1789852501.6747513,1789852501.7804637
Key.space,1789852501.7428355,1789852501.8506255
m,1789852501.846027,1789852501.9516108
a,1789852501.900442,1789852502.0498075
n,1789852502.1180272,1789852502.2231328
y,1789852502.208502,1789852502.32296
Key.space,1789852502.3441322,1789852502.4543002
l,1789852502.469849,1789852502.5652587
a,1789852502.58373,1789852502.6937106
t,1789852502.7378056,1789852502.8181877
e,1789852502.8681715,1789852502.9614284
Key.space,1789852502.9257584,1789852503.0968096
d,1789852503.0662436,1789852503.1482246
e,1789852503.246713,1789852503.3327317
Key.space,1789852503.3646927,1789852503.493023
v,1789852503.448464,1789852503.5354962
e,1789852503.6326528,1789852503.7159514
Key.backspace,1789852503.823004,1789852503.899201
Key.backspace,1789852504.1404607,1789852504.2127748
Key.backspace,1789852504.2958713,1789852504.3581045
Key.backspace,1789852504.447204,1789852504.5188763
Key.space,1789852504.8211505,1789852504.8944132
Key.backspace,1789852505.1710155,1789852505.2727723
d,1789852505.5492802,1789852505.6255698
e,1789852505.7058828,1789852505.8011956
v,1789852505.9082108,1789852506.0116656
e,1789852506.1265938,1789852506.2259083
l,1789852506.2269127,1789852506.3177252
p,1789852506.4278395,1789852506.527237
Key.space,1789852506.5461037,1789852506.6749017
c,1789852506.7180886,1789852506.8163357
Key.backspace,1789852506.9678926,1789852507.069531
w,1789852507.0860596,1789852507.2066894
i,1789852507.1985116,1789852507.2961445
t,1789852507.3057816,1789852507.4138572
h,1789852507.4062972,1789852507.4855464
Key.space,1789852507.4992802,1789852507.655996
c,1789852507.6135466,1789852507.7357113
o,1789852507.6884296,1789852507.7742875
m,1789852507.8600814,1789852507.9771187
e,1789852507.90623,1789852508.0244086
Key.space,1789852508.0259342,1789852508.1439128
s,1789852508.1127987,1789852508.2069185
j,1789852508.3497427,1789852508.3882098
h,1789852508.3393104,1789852508.3932397
c,1789852508.2669585,1789852508.4009442
o,1789852508.5733051,1789852508.6766555
Key.backspace,1789852508.8768432,1789852508.9530985
Key.backspace,1789852509.0186346,1789852509.0984645
o,1789852509.1580129,1789852509.2613766
o,1789852509.3254206,1789852509.4207473
l,1789852509.529176,1789852509.6543708
Key.space,1789852509.6212692,1789852509.799047
s,1789852509.8065064,1789852509.9463954
o,1789852509.9134223,1789852509.9845066
Key.space,1789852510.0180664,1789852510.1571784
a,1789852510.1070287,1789852510.2530706
l,1789852510.205372,1789852510.2911315
s,1789852510.3681018,1789852510.4997425
o,1789852510.4826305,1789852510.5647886
Key.space,1789852510.4878087,1789852510.660254
g,1789852510.8174636,1789852510.8875442
r,1789852510.8496854,1789852510.9418094
e,1789852511.0324147,1789852511.176508
t,1789852511.1240733,1789852511.199297
a,1789852511.1397223,1789852511.284257
Key.space,1789852511.3060942,1789852511.4395435
o,1789852511.4302068,1789852511.5466566
f,1789852511.5723317,1789852511.6476834
f,1789852511.7334843,1789852511.8381894
Key.space,1789852511.792023,1789852511.9674504
h,1789852511.8793402,1789852511.9699018
e,1789852511.9684522,1789852512.0903227
l,1789852512.2242599,1789852512.3036377
p,1789852512.4144888,1789852512.501219
Key.space,1789852512.5096161,1789852512.6156216
k,1789852512.7961137,1789852512.875852
n,1789852512.9658086,1789852513.0178554
p,1789852513.1639736,1789852513.2107973
o,1789852513.1629744,1789852513.222985
w,1789852513.2244892,1789852513.3267722
Key.space,1789852513.294078,1789852513.38031
Key.backspace,1789852513.518559,1789852513.591029
Key.backspace,1789852513.6643813,1789852513.7665408
Key.space,1789852513.8709235,1789852513.9063504
w,1789852513.880469,1789852513.993088
Key.backspace,1789852514.0579417,1789852514.092874
Key.backspace,1789852514.1823177,1789852514.275226
w,1789852514.2931757,1789852514.3747666
Key.backspace,1789852514.532929,1789852514.6207697
Key.backspace,1789852514.7079399,1789852514.7709322
w,1789852514.7848573,1789852514.8793998
Key.space,1789852514.8511295,1789852514.9830782
h,1789852515.0832283,1789852515.1701078
e,1789852515.17923,1789852515.295391
Key.backspace,1789852515.533554,1789852515.5881422
Key.backspace,1789852515.6682365,1789852515.7282536
g,1789852515.9904838,1789852516.0734205
e,1789852516.1296065,1789852516.2856178
n,1789852516.5999627,1789852516.696476
e,1789852516.6816251,1789852516.7879505
r,1789852516.8659728,1789852516.9941847
a,1789852516.939983,1789852517.0638025
m,1789852517.0603545,1789852517.139432
Key.space,1789852517.049646,1789852517.2142084
o,1789852517.2477767,1789852517.37053
s,1789852517.2912693,1789852517.417902
t,1789852517.46585,1789852517.6064827
Key.space,1789852517.57418,1789852517.8018763
a,1789852517.8361065,1789852517.948291
f,1789852517.924501,1789852518.035417
Key.backspace,1789852518.2144077,1789852518.2862513
Key.backspace,1789852518.3693619,1789852518.438176
f,1789852518.4296262,1789852518.5230546
a,1789852518.504035,1789852518.6554024
c,1789852518.6268778,1789852518.735067
r,1789852518.8649647,1789852519.0003583
Key.space,1789852518.983105,1789852519.1268845
Key.backspace,1789852519.3578677,1789852519.5005074
Key.backspace,1789852519.6552439,1789852519.7506921
t,1789852519.784691,1789852519.9110928
Key.space,1789852519.9461107,1789852520.0854259
Key.esc,1789852522.1531646,1789852522.2101278
p,1791194743.0708237,1791194743.1835277
s,1791194743.3504236,1791194743.4601853
Key.backspace,1791194743.8067768,1791194743.9561946
o,1791194744.021184,1791194744.1335692
s,1791194744.1626499,1791194744.2747684
s,1791194744.6735437,1791194744.8226438
i,1791194744.892926,1791194745.0053077
b,1791194745.0063007,1791194745.1164374
l,1791194745.1746192,1791194745.3226945
e,1791194745.3248417,1791194745.434157
Key.space,1791194745.4351566,1791194745.5455005
s,1791194745.5465007,1791194745.6943724
e,1791194745.695924,1791194745.7669485
e,1791194745.8189006,1791194745.9288237
Key.space,1791194745.9431605,1791194746.0530336
y,1791194746.068683,1791194746.1792645
o,1791194746.103809,1791194746.2178907
u,1791194746.2842882,1791194746.396442
Key.space,1791194746.3974414,1791194746.5075667
o,1791194746.512294,1791194746.6584678
r,1791194746.6226022,1791194746.7344198
d,1791194746.8142045,1791194746.9245386
e,1791194746.9853125,1791194747.13495
r,1791194747.1753507,1791194747.2844372
Key.space,1791194747.2854254,1791194747.3961117
g,1791194747.3971386,1791194747.5418422
i,1791194747.5072165,1791194747.6193082
v,1791194747.6193082,1791194747.7302463
e,1791194747.8027034,1791194747.916384
Key.space,1791194747.9170213,1791194748.062151
d,1791194748.0265813,1791194748.174688
a,1791194748.1393876,1791194748.250109
t,1791194748.174688,1791194748.252202
Key.space,1791194748.3098917,1791194748.4235928
t,1791194748.425583,1791194748.5713673
i,1791194748.5734615,1791194748.6453865
m,1791194748.7334325,1791194748.8831658
e,1791194748.845015,1791194748.9579396
Key.space,1791194748.9590807,1791194749.068317
u,1791194749.1092887,1791194749.2209713
n,1791194749.3066537,1791194749.4534578
d,1791194749.4191284,1791194749.5316439
e,1791194749.6301239,1791194749.666805
r,1791194749.7555487,1791194749.8650706
Key.space,1791194749.8709965,1791194750.020672
h,1791194749.9846976,1791194750.058256
e,1791194749.9866176,1791194750.1701722
a,1791194750.1332705,1791194750.2829206
d,1791194750.2442386,1791194750.3910909
Key.space,1791194750.3160193,1791194750.4677038
a,1791194750.4752638,1791194750.6249626
g,1791194750.7137995,1791194750.8234885
a,1791194750.8425906,1791194750.9933202
i,1791194751.0008717,1791194751.1123319
n,1791194751.2144728,1791194751.3640907
Key.space,1791194751.3662996,1791194751.4763808
g,1791194751.570783,1791194751.6830084
e,1791194751.6414495,1791194751.7561514
t,1791194751.835841,1791194751.94629
Key.space,1791194751.947242,1791194752.0576718
o,1791194752.0202446,1791194752.13147
n,1791194752.2188249,1791194752.3304315
l,1791194752.4252665,1791194752.5362334
y,1791194752.5586305,1791194752.6289628
Key.space,1791194752.637098,1791194752.7080295
r,1791194753.0662985,1791194753.2140822
i,1791194753.2140822,1791194753.3249362
g,1791194753.3401086,1791194753.4540699
h,1791194753.4590445,1791194753.5701072
t,1791194753.5701072,1791194753.64137
Key.space,1791194753.6879783,1791194753.7992187
l,1791194753.90593,1791194754.0182307
n,1791194754.2622566,1791194754.3743026
Key.backspace,1791194754.5934243,1791194754.7047036
o,1791194755.3171744,1791194755.4264028
n,1791194755.5268054,1791194755.6375775
g,1791194755.639575,1791194755.7481678
Key.space,1791194755.7547035,1791194755.900224
o,1791194755.8636956,1791194756.0119972
r,1791194755.9750857,1791194756.1250393
Key.space,1791194756.1250393,1791194756.2356997
p,1791194756.3384094,1791194756.4886782
r,1791194756.489191,1791194756.599176
e,1791194757.0399287,1791194757.1532247
s,1791194757.1544318,1791194757.336806
e,1791194757.3010547,1791194757.4494708
n,1791194757.4125066,1791194757.5625448
t,1791194757.5625448,1791194757.711171
Key.space,1791194757.724584,1791194757.8715444
a,1791194757.8740373,1791194758.0579698
g,1791194758.058875,1791194758.2070148
a,1791194758.2075315,1791194758.3533154
i,1791194758.2789485,1791194758.3915331
n,1791194758.4785507,1791194758.6246636
s,1791194758.5525305,1791194758.7018201
t,1791194758.714505,1791194758.8991523
Key.space,1791194758.8242373,1791194758.9363475
i,1791194758.8991523,1791194759.0113757
n,1791194759.065747,1791194759.2133987
t,1791194759.101951,1791194759.2148852
e,1791194759.293392,1791194759.4408479
r,1791194759.5175521,1791194759.5906353
e,1791194759.6423116,1791194759.8281198
s,1791194759.7542462,1791194759.9033334
t,1791194759.9316018,1791194760.0804968
Key.space,1791194760.0857098,1791194760.195101
w,1791194760.1572266,1791194760.3078773
i,1791194760.2326055,1791194760.3458521
t,1791194760.362982,1791194760.511308
h,1791194760.4767382,1791194760.588162
i,1791194760.6948028,1791194760.808499
u,1791194760.9199202,1791194761.0283573
t,1791194760.9914541,1791194761.1054049
Key.space,1791194761.1068034,1791194761.2175405
c,1791194761.4088483,1791194761.5910063
a,1791194761.5549119,1791194761.7045684
Key.space,1791194761.7387786,1791194761.888458
n,1791194761.8939219,1791194761.9575825
Key.backspace,1791194762.0823486,1791194762.1950405
Key.backspace,1791194762.269271,1791194762.381071
n,1791194762.75525,1791194762.864552
Key.space,1791194762.9144478,1791194763.0630803
b,1791194763.0752625,1791194763.1872263
e,1791194763.1872263,1791194763.2983446
g,1791194763.537548,1791194763.6861353
i,1791194763.6488762,1791194763.7612655
n,1791194763.8241932,1791194763.9356174
Key.space,1791194763.9460404,1791194764.096053
o,1791194764.097049,1791194764.207691
n,1791194764.2942145,1791194764.4060242
Key.space,1791194764.4069376,1791194764.5173864
p,1791194764.5741389,1791194764.6862106
r,1791194764.6110811,1791194764.6862106
e,1791194764.777615,1791194764.9235806
s,1791194764.8886597,1791194765.0375597
e,1791194765.0384595,1791194765.148556
n,1791194765.1112332,1791194765.2242873
t,1791194765.2302623,1791194765.3808458
Key.space,1791194765.3828473,1791194765.4907541
l,1791194765.4152997,1791194765.5292351
o,1791194765.6227763,1791194765.734995
o,1791194765.8122795,1791194765.8884547
k,1791194765.9869466,1791194766.099722
Key.space,1791194766.099722,1791194766.244347
t,1791194766.2117357,1791194766.32206
h,1791194766.3230746,1791194766.394284
r,1791194766.3983386,1791194766.5499547
o,1791194766.55108,1791194766.6987503
u,1791194766.7571676,1791194766.904792
g,1791194766.9156787,1791194767.0296988
h,1791194767.0457127,1791194767.1568139
Key.space,1791194767.1844423,1791194767.3344586
n,1791194767.580202,1791194767.727787
e,1791194767.7281606,1791194767.839966
v,1791194767.9111023,1791194768.0247407
e,1791194768.0247407,1791194768.1727092
r,1791194768.2251704,1791194768.411225
Key.space,1791194768.337193,1791194768.4861643
i,1791194768.448649,1791194768.5237734
w,1791194768.411225,1791194768.5609808
Key.backspace,1791194768.9696302,1791194769.0829258
e,1791194769.0838468,1791194769.1938496
l,1791194769.1948612,1791194769.3056684
l,1791194769.3759267,1791194769.4871733
Key.space,1791194769.5000134,1791194769.6447299
l,1791194769.8125541,1791194769.9237065
a,1791194769.8862915,1791194769.999943
t,1791194770.0501823,1791194770.1986775
e,1791194770.2586207,1791194770.3716154
Key.space,1791194770.3726163,1791194770.5195124
t,1791194770.4837832,1791194770.6318307
o,1791194770.6329226,1791194770.6693327
Key.space,1791194770.6857457,1791194770.8006303
h,1791194770.962432,1791194771.0744386
i,1791194771.1735523,1791194771.321073
g,1791194771.3233397,1791194771.4327176
h,1791194771.4526606,1791194771.603199
Key.space,1791194771.6045742,1791194771.7140527
e,1791194771.821735,1791194771.9707327
a,1791194772.0944593,1791194772.2429614
c,1791194772.275213,1791194772.4238565
h,1791194772.449912,1791194772.5234988
Key.space,1791194772.5315392,1791194772.6807506
e,1791194772.8203053,1791194772.9655778
u,1791194773.340454,1791194773.4529088
n,1791194773.5588648,1791194773.635606
Key.backspace,1791194773.7640734,1791194773.8360343
Key.backspace,1791194773.9216218,1791194774.031332
r,1791194774.079901,1791194774.2613657
Key.backspace,1791194774.4468405,1791194774.5599878
Key.backspace,1791194774.6248488,1791194774.7385406
r,1791194774.6990545,1791194774.8512056
u,1791194774.854311,1791194774.9616776
n,1791194775.0374053,1791194775.181616
Key.space,1791194775.1465151,1791194775.2583976
l,1791194775.3092234,1791194775.457282
i,1791194775.5268192,1791194775.6383657
k,1791194775.6987505,1791194775.848021
e,1791194775.811113,1791194775.9239254
Key.space,1791194775.9249594,1791194776.0733771
s,1791194776.0354223,1791194776.1484525
e,1791194776.148773,1791194776.2587082
t,1791194776.366255,1791194776.5153503
Key.space,1791194776.516426,1791194776.663213
o,1791194776.729248,1791194776.841131
r,1791194776.845713,1791194776.993847
Key.space,1791194776.9564462,1791194777.06858
w,1791194777.0706038,1791194777.1773195
o,1791194777.1408165,1791194777.215007
u,1791194777.3235743,1791194777.4364073
l,1791194777.5554378,1791194777.6659863
d,1791194777.6271477,1791194777.7772098
Key.space,1791194777.703754,1791194777.8541205
s,1791194777.8658822,1791194778.0157201
h,1791194778.1139474,1791194778.265962
o,1791194778.2671747,1791194778.3357515
u,1791194778.3945725,1791194778.5078583
l,1791194778.6289456,1791194778.7399144
d,1791194778.6649578,1791194778.7795568
Key.space,1791194778.7874603,1791194779.010802
t,1791194778.9744713,1791194779.0853488
u,1791194779.0483713,1791194779.1602201
r,1791194779.1911414,1791194779.304786
n,1791194779.3071313,1791194779.4165068
Key.space,1791194779.4666524,1791194779.5775585
o,1791194779.7625866,1791194779.913154
Key.backspace,1791194780.0156486,1791194780.1272202
w,1791194780.1282303,1791194780.2383792
o,1791194780.2405732,1791194780.310206
r,1791194780.3437173,1791194780.4533088
l,1791194780.469704,1791194780.5440793
Key.backspace,1791194780.760664,1791194780.793855
k,1791194780.9663355,1791194781.0780509
Key.space,1791194781.1160777,1791194781.2269099
t,1791194781.2695003,1791194781.417227
o,1791194781.4191947,1791194781.4522007
o,1791194781.518545,1791194781.6311774
Key.space,1791194781.6961021,1791194781.8100257
s,1791194782.049082,1791194782.1612134
y,1791194782.162208,1791194782.2728908
s,1791194782.273862,1791194782.3435183
t,1791194782.4279964,1791194782.5022779
e,1791194782.5832572,1791194782.7315543
m,1791194782.7325945,1791194782.8427634
Key.space,1791194782.8815584,1791194782.9896383
t,1791194783.1771088,1791194783.3267176
j,1791194783.3272157,1791194783.4000301
e,1791194783.4106033,1791194783.5576432
y,1791194783.5937939,1791194783.74485
Key.space,1791194783.9159214,1791194784.0247252
f,1791194784.1600714,1791194784.3070765
i,1791194784.308564,1791194784.4182467
r,1791194784.4202442,1791194784.5653872
s,1791194784.4897738,1791194784.6413732
t,1791194784.7238116,1791194784.8724885
Key.space,1791194784.954323,1791194785.0671644
w,1791194785.274413,1791194785.422823
o,1791194785.4241295,1791194785.5310283
r,1791194785.4942317,1791194785.6083038
d,1791194785.6732028,1791194785.823631
Key.space,1791194785.8259804,1791194785.9351332
b,1791194785.9826117,1791194786.1268713
a,1791194786.0911114,1791194786.2038789
c,1791194786.2050853,1791194786.38903
k,1791194786.3521974,1791194786.464027
Key.space,1791194786.5050888,1791194786.6534767
f,1791194786.783607,1791194786.931757
o,1791194786.934057,1791194787.0434997
r,1791194787.0042105,1791194787.1176138
Key.space,1791194787.164157,1791194787.3114703
t,1791194787.4347107,1791194787.5478206
o,1791194787.5489075,1791194787.6187396
o,1791194787.682223,1791194787.826911
Key.space,1791194787.79113,1791194787.9030788
o,1791194787.9132502,1791194788.027058
p,1791194788.099531,1791194788.2142475
e,1791194788.2155147,1791194788.285746
n,1791194788.3316689,1791194788.443008
Key.space,1791194788.4056616,1791194788.5181818
h,1791194788.6689205,1791194788.814325
o,1791194788.7792163,1791194788.8906815
u,1791194788.9747386,1791194789.0850024
s,1791194789.0476966,1791194789.1974626
e,1791194789.122143,1791194789.3089502
Key.space,1791194789.3101707,1791194789.4581258
o,1791194789.6274073,1791194789.737906
v,1791194789.7854986,1791194789.8962443
e,1791194789.9756775,1791194790.1238918
r,1791194790.15941,1791194790.3097205
Key.space,1791194790.3097205,1791194790.422047
s,1791194790.4243045,1791194790.5696888
m,1791194790.57349,1791194790.6816463
a,1791194790.6816463,1791194790.8308418
l,1791194790.8484566,1791194790.9223058
l,1791194790.9877913,1791194791.0976539
Key.space,1791194791.1002736,1791194791.2105668
m,1791194791.2601938,1791194791.372406
a,1791194791.3733776,1791194791.4835908
k,1791194791.485504,1791194791.5928562
e,1791194791.5561593,1791194791.6696424
Key.space,1791194791.6701002,1791194791.8180764
c,1791194791.7810955,1791194791.8933887
a,1791194791.8180764,1791194791.9641488
l,1791194791.9291449,1791194792.0016515
l,1791194792.0448098,1791194792.155816
Key.space,1791194792.11822,1791194792.2684212
a,1791194792.2684212,1791194792.455961
Key.space,1791194792.4566162,1791194792.6014738
a,1791194792.5267282,1791194792.6791291
c,1791194792.7492795,1791194792.8990335
Key.backspace,1791194792.9600563,1791194793.0347273
Key.backspace,1791194793.104425,1791194793.2165523
c,1791194793.218202,1791194793.3282487
o,1791194793.329151,1791194793.4016013
u,1791194793.5030935,1791194793.6137471
r,1791194793.6323352,1791194793.7418594
s,1791194793.8626175,1791194794.0095522
e,1791194793.9723961,1791194794.122645
Key.space,1791194794.1240277,1791194794.1974058
l,1791194794.1974058,1791194794.3058805
a,1791194794.267892,1791194794.420249
r,1791194794.4223313,1791194794.5319638
g,1791194794.560998,1791194794.7100132
e,1791194794.7349055,1791194794.9054515
Key.space,1791194794.8831708,1791194795.0319533
o,1791194795.0718098,1791194795.1814475
u,1791194795.2828975,1791194795.3958383
t,1791194795.3963702,1791194795.5076234
Key.space,1791194795.5086234,1791194795.6189256
a,1791194795.6693878,1791194795.8191402
g,1791194795.8819118,1791194795.995948
a,1791194796.0155873,1791194796.1648932
i,1791194796.1282048,1791194796.2024214
n,1791194796.3119617,1791194796.4256034
Key.space,1791194796.4509196,1791194796.5617676
h,1791194797.2302635,1791194797.339934
o,1791194797.493927,1791194797.604065
w,1791194797.7265093,1791194797.8771613
c,1791194797.9516835,1791194798.0266657
e,1791194798.051456,1791194798.2031283
Key.backspace,1791194798.422001,1791194798.4604166
Key.backspace,1791194798.544069,1791194798.6542785
e,1791194798.7073846,1791194798.8944073
c,1791194798.9935174,1791194799.1055696
e,1791194799.1239069,1791194799.2332585
Key.backspace,1791194799.443425,1791194799.5179508
Key.backspace,1791194799.568624,1791194799.6806083
b,1791194799.6430306,1791194799.754828
Key.backspace,1791194800.0320275,1791194800.1428814
v,1791194800.1054723,1791194800.2186463
e,1791194800.319223,1791194800.425995
r,1791194800.500288,1791194800.6116369
Key.space,1791194800.6125233,1791194800.72236
p,1791194800.646517,1791194800.7598424
o,1791194800.808093,1791194800.9553833
s,1791194800.8810408,1791194800.9595308
s,1791194801.029543,1791194801.1775494
i,1791194801.1799262,1791194801.2892568
l,1791194801.4742799,1791194801.624916
Key.backspace,1791194801.7664988,1791194801.8772225
b,1791194801.8782165,1791194801.9886422
l,1791194801.9886422,1791194802.0998569
e,1791194802.105509,1791194802.2533808
Key.space,1791194802.2548826,1791194802.3653336
m,1791194802.4833238,1791194802.5932257
o,1791194802.7006314,1791194802.8093853
s,1791194802.7719917,1791194802.9252698
t,1791194802.92599,1791194803.0717878
Key.space,1791194803.0349207,1791194803.1475532
w,1791194803.1484556,1791194803.2971323
h,1791194803.2981129,1791194803.4051147
e,1791194803.3672233,1791194803.4821334
r,1791194803.524953,1791194803.63514
e,1791194803.6831462,1791194803.8356223
n,1791194803.8369994,1791194803.947106
Key.space,1791194803.8672616,1791194803.947106
Key.backspace,1791194804.266481,1791194804.3379946
Key.backspace,1791194804.4054518,1791194804.5172772
Key.space,1791194804.5182698,1791194804.6632826
n,1791194804.6288896,1791194804.7399926
o,1791194804.852164,1791194804.9633634
w,1791194804.9256973,1791194805.0383837
Key.space,1791194805.039337,1791194805.1494706
a,1791194805.1798737,1791194805.364995
r,1791194805.365842,1791194805.5135994
o,1791194805.4004622,1791194805.51449
u,1791194805.602298,1791194805.7119672
n,1791194805.7929792,1791194805.905102
d,1791194805.8671598,1791194806.0171082
Key.space,1791194805.9804723,1791194806.1296852
l,1791194806.092654,1791194806.1672547
i,1791194806.2702773,1791194806.3805754
t,1791194806.3425496,1791194806.4177349
t,1791194806.4687147,1791194806.6177309
l,1791194806.626002,1791194806.738592
e,1791194806.7719035,1791194806.8461812
Key.space,1791194806.8046553,1791194806.9546893
l,1791194806.9193673,1791194807.031946
i,1791194807.1137393,1791194807.226437
k,1791194807.3028007,1791194807.4131737
e,1791194807.3779538,1791194807.5299983
Key.space,1791194807.531353,1791194807.600513
a,1791194807.600513,1791194807.7897065
g,1791194807.8329904,1791194807.9468503
i,1791194808.0207348,1791194808.0919583
a,1791194807.908928,1791194808.0961273
n,1791194808.184226,1791194808.3295004
s,1791194808.2553418,1791194808.4064374
t,1791194808.4064374,1791194808.5173783
Key.space,1791194808.5178573,1791194808.6288474
g,1791194808.6309004,1791194808.777501
o,1791194808.8671882,1791194808.9802604
r,1791194808.8315365,1791194809.0174134
u,1791194809.034428,1791194809.146479
p,1791194809.255566,1791194809.3655355
Key.space,1791194809.3673866,1791194809.5132341
w,1791194809.476761,1791194809.6258426
o,1791194809.587574,1791194809.7003329
r,1791194809.6632674,1791194809.8117323
l,1791194809.8142219,1791194809.9601834
d,1791194810.1532247,1791194810.3043706
Key.space,1791194810.3043706,1791194810.4161878
n,1791194810.4170058,1791194810.5274148
e,1791194810.5284073,1791194810.7126083
w,1791194810.6388173,1791194810.8255494
Key.space,1791194810.8260846,1791194810.97338
e,1791194811.0987751,1791194811.2844443
a,1791194811.246611,1791194811.3588107
r,1791194811.4702613,1791194811.6570187
l,1791194811.7436688,1791194811.8923717
y,1791194811.854755,1791194812.0048325
Key.space,1791194812.1048245,1791194812.25189
w,1791194812.456523,1791194812.6051736
h,1791194812.6062512,1791194812.7167575
a,1791194812.717618,1791194812.8271315
t,1791194812.8399763,1791194812.9524946
Key.space,1791194812.9761786,1791194813.125126
s,1791194813.0882301,1791194813.2380073
h,1791194813.2389538,1791194813.34904
o,1791194813.4514308,1791194813.6014566
w,1791194813.4886067,1791194813.6376371
Key.space,1791194813.656633,1791194813.8040612
g,1791194813.7668114,1791194813.9519053
o,1791194813.9547942,1791194814.064695
Key.space,1791194814.085127,1791194814.195947
t,1791194814.313784,1791194814.4626896
h,1791194814.4644914,1791194814.53343
i,1791194814.6060996,1791194814.718827
n,1791194814.8010395,1791194814.9512944
k,1791194814.9524703,1791194815.062863
Key.space,1791194815.0851684,1791194815.1989508
w,1791194815.2518733,1791194815.4017968
i,1791194815.4040139,1791194815.475434
t,1791194815.539188,1791194815.6831982
h,1791194815.6492982,1791194815.7612882
Key.space,1791194815.7993915,1791194815.9457889
g,1791194815.9093668,1791194816.0216637
e,1791194816.1187465,1791194816.2291477
Key.backspace,1791194816.362154,1791194816.473146
Key.backspace,1791194816.5256367,1791194816.6391711
f,1791194816.6407533,1791194816.675385
e,1791194817.1424024,1791194817.2547722
e,1791194817.3223548,1791194817.4710371
l,1791194817.4326837,1791194817.5420835
Key.space,1791194817.504191,1791194817.6562781
m,1791194817.6571724,1791194817.766534
a,1791194817.7296925,1791194817.8434954
n,1791194817.8944046,1791194818.008914
Key.space,1791194818.0100071,1791194818.1168637
w,1791194818.0812554,1791194818.1947932
h,1791194818.1957433,1791194818.3059123
e,1791194818.3147542,1791194818.500504
n,1791194818.4260926,1791194818.5376918
Key.space,1791194818.5398571,1791194818.649336
t,1791194818.7451143,1791194818.8169947
e,1791194818.890325,1791194819.0391133
l,1791194819.0391133,1791194819.1121936
l,1791194819.1518419,1791194819.2561612
Key.space,1791194819.221152,1791194819.3670175
c,1791194819.2914987,1791194819.485747
o,1791194819.3746877,1791194819.4867291
m,1791194819.5479562,1791194819.658372
e,1791194819.6211288,1791194819.7337654
Key.space,1791194819.7348597,1791194819.8788707
i,1791194819.8081596,1791194819.883765
n,1791194819.9764235,1791194820.1252427
c,1791194820.0522761,1791194820.1634638
r,1791194820.2640636,1791194820.3754575
e,1791194820.4627545,1791194820.6079547
a,1791194820.5735168,1791194820.758122
s,1791194820.7225502,1791194820.8331642
e,1791194820.796031,1791194820.910089
Key.space,1791194820.911084,1791194821.020976
c,1791194821.0271597,1791194821.1788156
a,1791194821.099618,1791194821.251457
l,1791194821.2550368,1791194821.289532
l,1791194821.3582237,1791194821.4288938
Key.space,1791194821.559506,1791194821.7040274
t,1791194821.6703491,1791194821.7821689
h,1791194821.7837462,1791194821.8911278
a,1791194821.8546152,1791194821.96954
t,1791194821.9871178,1791194822.0578468
Key.space,1791194822.1711817,1791194822.2827773
l,1791194822.3336477,1791194822.4442701
a,1791194822.4492762,1791194822.6339674
s,1791194822.5600069,1791194822.7097216
t,1791194822.7210147,1791194822.9079697
Key.space,1791194822.9188473,1791194823.0678735
s,1791194823.0800245,1791194823.229649
u,1791194823.1927693,1791194823.2672985
c,1791194823.3340752,1791194823.482753
h,1791194823.44531,1791194823.557776
Key.space,1791194823.6050868,1791194823.7144377
s,1791194823.7251105,1791194823.8762474
t,1791194823.9148064,1791194824.0621276
a,1791194824.0209234,1791194824.174262
t,1791194824.1755397,1791194824.2849061
e,1791194824.3373687,1791194824.521715
Key.space,1791194824.521715,1791194824.6706345
u,1791194824.6335552,1791194824.7453644
s,1791194824.7694497,1791194824.9162543
e,1791194824.8812134,1791194824.992689
w,1791194825.0707614,1791194825.2576225
h,1791194825.2204058,1791194825.333714
e,1791194825.338918,1791194825.4910853
Key.backspace,1791194825.580995,1791194825.6541104
Key.backspace,1791194825.7175937,1791194825.7917473
Key.backspace,1791194825.8582203,1791194825.9332907
Key.space,1791194825.9536226,1791194826.10185
w,1791194826.0622363,1791194826.2118523
h,1791194826.1768925,1791194826.2890775
e,1791194826.3130205,1791194826.462964
n,1791194826.424461,1791194826.5372868
Key.space,1791194826.566003,1791194826.7158532
a,1791194826.6783547,1791194826.8266153
Key.backspace,1791194826.9230669,1791194827.034606
c,1791194827.0366027,1791194827.1451886
a,1791194827.0707438,1791194827.2159746
l,1791194827.1829994,1791194827.257633
l,1791194827.3073125,1791194827.4189115
Key.space,1791194827.4199054,1791194827.5308459
y,1791194827.5317636,1791194827.6037934
i,1791194827.5663342,1791194827.6794035
Key.backspace,1791194827.8770604,1791194827.9519467
t,1791194828.0636759,1791194828.1764698
Key.backspace,1791194828.1774814,1791194828.2496629
Key.backspace,1791194828.3227751,1791194828.4365728
t,1791194828.4417274,1791194828.553375
i,1791194828.5549126,1791194828.6245449
m,1791194828.712234,1791194828.8204384
e,1791194828.7455704,1791194828.896705
Key.space,1791194828.8977754,1791194829.045896
h,1791194829.070732,1791194829.1830235
o,1791194829.30118,1791194829.4141493
u,1791194829.5209255,1791194829.6322916
s,1791194829.6332955,1791194829.7825487
e,1791194829.703425,1791194829.8570235
Key.space,1791194829.8577201,1791194830.003366
o,1791194829.9282944,1791194830.003366
v,1791194830.037729,1791194830.1883922
e,1791194830.242625,1791194830.352607
r,1791194830.41421,1791194830.5614808
l,1791194830.5993605,1791194830.6744633
Key.space,1791194830.5268881,1791194830.6744633
o,1791194830.7754555,1791194830.8865013
o,1791194830.9607475,1791194831.0328722
k,1791194831.1257794,1791194831.238644
Key.space,1791194831.2643788,1791194831.375888
o,1791194831.3990638,1791194831.5119557
g,1791194831.4368966,1791194831.5488594
v,1791194831.6479616,1791194831.759413
e,1791194831.818281,1791194831.891737
Key.backspace,1791194832.0836058,1791194832.1575108
Key.backspace,1791194832.2216768,1791194832.296948
Key.backspace,1791194832.3822203,1791194832.4549992
Key.backspace,1791194832.5397046,1791194832.6113565
g,1791194832.628132,1791194832.7413404
o,1791194832.7871132,1791194832.8982484
v,1791194832.8999727,1791194832.9700916
w,1791194833.083859,1791194833.1203902
e,1791194833.1535618,1791194833.1913073
r,1791194833.303383,1791194833.3405974
Key.backspace,1791194833.485227,1791194833.5970216
Key.backspace,1791194833.6446922,1791194833.7161374
Key.backspace,1791194833.79248,1791194833.9041955
e,1791194833.9051952,1791194833.9781034
r,1791194834.076971,1791194834.188475
n,1791194834.189984,1791194834.3005068
Key.space,1791194834.3378077,1791194834.4864366
m,1791194834.449429,1791194834.5616963
e,1791194834.5662906,1791194834.7508686
a,1791194834.7137072,1791194834.823929
n,1791194834.7884743,1791194834.8617885
Key.space,1791194834.912111,1791194835.06139
m,1791194835.0240674,1791194835.0994565
u,1791194835.1979306,1791194835.3465915
c,1791194835.348991,1791194835.4949179
h,1791194835.4581945,1791194835.532845
Key.space,1791194835.5412018,1791194835.6534934
g,1791194835.7169573,1791194835.9029396
o,1791194835.9029396,1791194836.0112042
v,1791194835.974125,1791194836.1255245
e,1791194836.236664,1791194836.311304
e,1791194836.3950334,1791194836.4277651
n,1791194836.4742875,1791194836.5885572
Key.space,1791194836.6404445,1791194836.7493055
Key.backspace,1791194836.8522089,1791194836.9237485
Key.backspace,1791194836.9929976,1791194837.0695896
Key.backspace,1791194837.1498835,1791194837.2241414
e,1791194837.2532926,1791194837.3662052
Key.backspace,1791194837.7285645,1791194837.8426213
r,1791194837.878526,1791194838.0296164
n,1791194838.2677555,1791194838.4175906
Key.space,1791194838.424129,1791194838.5747333
m,1791194838.5856373,1791194838.7327015
u,1791194838.8210537,1791194838.9362338
Key.backspace,1791194839.1163073,1791194839.1864617
a,1791194839.190533,1791194839.341737
n,1791194839.3428805,1791194839.4904819
Key.space,1791194839.4523761,1791194839.6015184
s,1791194839.5652003,1791194839.7115657
a,1791194839.6760523,1791194839.7887526
y,1791194839.8453686,1791194839.995866
Key.space,1791194840.0661056,1791194840.2144468
f,1791194840.9489827,1791194841.0998707
o,1791194841.1013772,1791194841.2114398
r,1791194841.1738133,1791194841.32365
Key.space,1791194841.2866144,1791194841.4704397
b,1791194841.518913,1791194841.6667523
y,1791194841.6722825,1791194841.7833493
w,1791194841.865839,1791194842.0155852
Key.backspace,1791194842.220001,1791194842.3713183
Key.space,1791194842.4218967,1791194842.6068287
w,1791194842.5695202,1791194842.7182508
r,1791194842.7717247,1791194842.9593563
i,1791194842.960432,1791194843.0714495
t,1791194843.072387,1791194843.181685
e,1791194843.232582,1791194843.382533
Key.space,1791194843.383577,1791194843.5275438
d,1791194843.4921732,1791194843.6047504
e,1791194843.6532958,1791194843.7654674
v,1791194843.8586333,1791194843.9692464
e,1791194844.048223,1791194844.1596642
l,1791194844.1863961,1791194844.2954583
p,1791194844.3953497,1791194844.5071836
Key.backspace,1791194844.8216019,1791194844.9337602
p,1791194845.00439,1791194845.1540914
Key.backspace,1791194845.4284773,1791194845.579751
o,1791194845.628298,1791194845.7402775
p,1791194845.8153775,1791194845.9648807
Key.space,1791194845.926211,1791194846.1111226
c,1791194846.038696,1791194846.188521
a,1791194846.073732,1791194846.22341
l,1791194846.1896384,1791194846.2611723
l,1791194846.3294253,1791194846.4405508
Key.space,1791194846.403211,1791194846.5524795
h,1791194846.5865812,1791194846.696597
p,1791194846.8148923,1791194846.8857746
w,1791194846.888886,1791194847.0363095
Key.backspace,1791194847.1058888,1791194847.2192004
Key.backspace,1791194847.2839072,1791194847.396912
o,1791194847.4412239,1791194847.590635
w,1791194847.5155134,1791194847.666572
w,1791194847.7777445,1791194847.8152075
Key.space,1791194847.666572,1791194847.8527415
Key.backspace,1791194848.1957095,1791194848.268995
a,1791194848.2896857,1791194848.4773152
s,1791194848.4026625,1791194848.552461
Key.space,1791194848.5537145,1791194848.7006347
l,1791194848.6230805,1791194848.7026918
o,1791194848.776467,1791194848.8814979
n,1791194848.9983382,1791194849.1485922
g,1791194849.1493883,1791194849.2597005
Key.space,1791194849.2717664,1791194849.384374
b,1791194849.5591433,1791194849.707037
u,1791194849.7160811,1791194849.8272076
t,1791194849.8282235,1791194849.9393115
Key.space,1791194849.945743,1791194850.0946043
s,1791194850.1013777,1791194850.2066476
t,1791194850.2613182,1791194850.4104471
i,1791194850.3729634,1791194850.4853013
l,1791194850.5564106,1791194850.631306
l,1791194850.7247992,1791194850.8007321
Key.space,1791194850.8007321,1791194850.9121087
g,1791194851.0900877,1791194851.2018263
e,1791194851.2030952,1791194851.2778392
t,1791194851.3534381,1791194851.5005274
h,1791194851.5019386,1791194851.6121576
Key.space,1791194851.461968,1791194851.6143124
o,1791194851.7128303,1791194851.8606627
w,1791194851.861846,1791194852.0067773
Key.space,1791194851.9318962,1791194852.0830264
n,1791194852.089559,1791194852.2004714
o,1791194852.3005798,1791194852.4118876
Key.space,1791194852.4312391,1791194852.5813835
n,1791194852.5442274,1791194852.6553447
u,1791194852.823046,1791194852.8562331
m,1791194853.22745,1791194853.3399315
b,1791194853.4393573,1791194853.5856943
e,1791194853.5497873,1791194853.623372
r,1791194853.6857543,1791194853.8363695
i,1791194853.8363695,1791194853.9481418
Key.space,1791194853.7978065,1791194853.949238
n,1791194854.0230002,1791194854.1708581
c,1791194854.0564258,1791194854.1729538
r,1791194854.2670393,1791194854.378375
e,1791194854.4555182,1791194854.6064105
a,1791194854.5689743,1791194854.7561538
s,1791194854.6820734,1791194854.902182
e,1791194854.7568219,1791194854.9062924
Key.space,1791194854.868999,1791194855.0166802
g,1791194855.1458287,1791194855.3312511
o,1791194855.3345633,1791194855.4026988
o,1791194855.4843109,1791194855.5955656
d,1791194855.6118596,1791194855.7622154
Key.space,1791194855.7630386,1791194855.9105356
p,1791194855.872778,1791194855.9852245
r,1791194855.9862175,1791194856.0969257
o,1791194856.098619,1791194856.209135
g,1791194856.2110615,1791194856.2826731
r,1791194856.365089,1791194856.5518382
a,1791194856.4774995,1791194856.6267421
m,1791194856.5899267,1791194856.6642005
Key.space,1791194856.6813815,1791194856.8332653
t,1791194856.8350127,1791194856.9826941
h,1791194856.9826941,1791194857.0560622
e,1791194857.075169,1791194857.2232916
Key.space,1791194857.1481953,1791194857.3354106
h,1791194857.2601447,1791194857.3683932
a,1791194857.3354106,1791194857.4834008
v,1791194857.4997985,1791194857.6120982
e,1791194857.6130984,1791194857.7612257
Key.space,1791194857.7623112,1791194857.8732154
w,1791194857.7976594,1791194857.9852839
a,1791194857.9111009,1791194858.060016
y,1791194857.947839,1791194858.0611007
Key.space,1791194858.132747,1791194858.2825568
c,1791194858.345255,1791194858.4564133
o,1791194858.4183314,1791194858.4935699
y,1791194858.5734322,1791194858.647896
r,1791194858.647896,1791194858.7590914
s,1791194858.7742383,1791194858.9254813
Key.backspace,1791194859.1155074,1791194859.2267106
Key.backspace,1791194859.295088,1791194859.3690808
Key.backspace,1791194859.432965,1791194859.5057905
y,1791194859.7102816,1791194859.8239162
Key.backspace,1791194860.0809305,1791194860.2288206
u,1791194860.3029842,1791194860.4145877
r,1791194860.4309149,1791194860.5058603
s,1791194860.5058603,1791194860.6932042
Key.space,1791194860.6947324,1791194860.8797634
Key.backspace,1791194861.0132363,1791194861.1266294
Key.backspace,1791194861.1778138,1791194861.249491
s,1791194861.728483,1791194861.8775587
e,1791194861.8810015,1791194862.0264
Key.space,1791194861.988714,1791194862.1001062
w,1791194862.0623922,1791194862.2098312
h,1791194862.174633,1791194862.2479227
i,1791194862.3245246,1791194862.4360893
c,1791194862.4371018,1791194862.5855513
h,1791194862.5879395,1791194862.6597302
Key.space,1791194862.618279,1791194862.7346675
a,1791194862.7362573,1791194862.8475153
l,1791194862.8485444,1791194862.9186213
l,1791194862.9708917,1791194863.0817752
Key.space,1791194863.0828156,1791194863.1931424
a,1791194863.1931424,1791194863.2971992
Key.esc,1791194864.4406838,1791194864.5595791
n,1791195008.3645566,1791195008.4807546
e,1791195008.4807546,1791195008.589365
w,1791195008.5559137,1791195008.7050207
Key.space,1791195008.7069354,1791195008.8519228
a,1791195008.7764766,1791195008.9291673
Key.space,1791195008.9308045,1791195009.040995
o,1791195009.0472991,1791195009.1620011
u,1791195009.2408826,1791195009.3535314
t,1791195009.3579042,1791195009.4701579
Key.space,1791195009.4714265,1791195009.6186318
s,1791195009.7270923,1791195009.87694
h,1791195009.8779778,1791195009.9514506
e,1791195009.9097707,1791195010.064944
Key.space,1791195010.0662918,1791195010.1726248
s,1791195010.0992734,1791195010.2878058
y,1791195010.2895217,1791195010.3597841
s,1791195010.4019382,1791195010.5121546
t,1791195010.5900257,1791195010.6638584
e,1791195010.764545,1791195010.915716
m,1791195010.9184644,1791195010.9902456
Key.space,1791195010.9902456,1791195011.1391141
o,1791195011.1721876,1791195011.2519095
c,1791195011.1009698,1791195011.2519095
u,1791195011.3377116,1791195011.4510615
l,1791195011.5311773,1791195011.6400921
d,1791195011.6042469,1791195011.71394
Key.space,1791195011.6764743,1791195011.8262432
m,1791195011.7900703,1791195011.8637116
i,1791195011.9495115,1791195012.0611887
g,1791195012.0621877,1791195012.1346157
h,1791195012.1637983,1791195012.2805238
t,1791195012.243718,1791195012.3564708
Key.space,1791195012.3574708,1791195012.505375
i,1791195012.468032,1791195012.5388856
t,1791195012.505375,1791195012.693443
Key.space,1791195012.693443,1791195012.7679539
s,1791195012.8034742,1791195012.9137073
h,1791195012.8742108,1791195012.9868114
o,1791195013.0803318,1791195013.1927807
w,1791195013.1555061,1791195013.2692456
Key.space,1791195013.2702591,1791195013.38165
a,1791195013.4932868,1791195013.6435587
f,1791195013.7093608,1791195013.8599012
t,1791195013.8599012,1791195013.9348724
e,1791195013.9348724,1791195014.0468276
r,1791195014.103559,1791195014.213665
Key.space,1791195014.1794984,1791195014.2916422
h,1791195014.2916422,1791195014.3661003
e,1791195014.3661003,1791195014.4793704
Key.space,1791195014.4803717,1791195014.5907283
v,1791195014.5917284,1791195014.663628
e,1791195014.663628,1791195014.7771313
r,1791195014.8160176,1791195014.9635
y,1791195014.8888874,1791195015.0010688
Key.space,1791195015.0267913,1791195015.1760461
s,1791195015.1376283,1791195015.2511222
e,1791195015.4181416,1791195015.5659573
e,1791195015.617671,1791195015.7651389
m,1791195015.7744157,1791195015.8853755
Key.space,1791195015.886691,1791195016.0347655
d,1791195016.0362675,1791195016.1468408
u,1791195016.109702,1791195016.2225285
r,1791195016.3006582,1791195016.451203
i,1791195016.4133658,1791195016.4843159
n,1791195016.6047962,1791195016.716438
g,1791195016.7174373,1791195016.7884579
Key.space,1791195016.7925541,1791195016.9385989
h,1791195016.976065,1791195017.0510392
t,1791195016.9029672,1791195017.0532193
i,1791195017.1444638,1791195017.292576
e,1791195017.3690965,1791195017.4055974
s,1791195017.2178838,1791195017.4055974
Key.backspace,1791195017.4384491,1791195017.5137882
Key.backspace,1791195017.58181,1791195017.6924946
Key.backspace,1791195017.746396,1791195017.89673
o,1791195017.8972487,1791195018.0093713
s,1791195017.9307935,1791195018.0805557
e,1791195018.0113735,1791195018.1550424
Key.space,1791195018.1196136,1791195018.305317
c,1791195018.2318316,1791195018.381983
h,1791195018.4708989,1791195018.6220527
i,1791195018.5851204,1791195018.696976
l,1791195018.7658627,1791195018.9133353
d,1791195018.8759427,1791195019.0261412
Key.space,1791195018.9872649,1791195019.1376672
n,1791195019.2119176,1791195019.2843168
a,1791195019.2886589,1791195019.4366891
Key.backspace,1791195019.536568,1791195019.6092548
Key.backspace,1791195019.675709,1791195019.7507598
a,1791195019.755232,1791195019.8689485
n,1791195019.8887947,1791195020.0062907
y,1791195020.0071683,1791195020.118001
Key.space,1791195020.1190293,1791195020.2298894
w,1791195020.2371683,1791195020.3841128
i,1791195020.3502026,1791195020.424449
t,1791195020.4899461,1791195020.6417067
h,1791195020.602838,1791195020.6776474
o,1791195020.8722768,1791195020.9090533
u,1791195020.9794476,1791195021.0930483
t,1791195021.055495,1791195021.167521
Key.space,1791195021.1298397,1791195021.3176162
t,1791195021.2816362,1791195021.3555386
w,1791195021.4516134,1791195021.6005626
Key.backspace,1791195021.6342983,1791195021.705111
Key.backspace,1791195021.7701056,1791195021.8830879
w,1791195021.8840828,1791195022.0675383
h,1791195022.071631,1791195022.1424346
e,1791195021.994254,1791195022.1424346
r,1791195022.233995,1791195022.3808374
e,1791195022.425752,1791195022.5763547
Key.space,1791195022.5774033,1791195022.7265227
t,1791195022.7277596,1791195022.8382883
e,1791195022.9012725,1791195023.0514958
l,1791195023.0121918,1791195023.0856247
l,1791195023.13737,1791195023.2507956
Key.space,1791195023.209662,1791195023.324383
r,1791195023.3256989,1791195023.4367466
e,1791195023.4538324,1791195023.6403732
a,1791195023.526468,1791195023.7134533
l,1791195023.6777256,1791195023.7897036
Key.space,1791195023.7908888,1791195023.9017057
p,1791195023.9027095,1791195024.051284
e,1791195023.9764543,1791195024.1274843
r,1791195024.159646,1791195024.30965
s,1791195024.2710466,1791195024.384264
o,1791195024.606357,1791195024.7164037
n,1791195024.8016124,1791195024.9088416
Key.space,1791195024.8720033,1791195024.9867558
a,1791195024.9867558,1791195025.0976462
f,1791195025.1435332,1791195025.256577
t,1791195025.2575953,1791195025.3691194
e,1791195025.370139,1791195025.4428155
r,1791195025.5395126,1791195025.6135333
Key.space,1791195025.6135333,1791195025.7267082
a,1791195025.7276263,1791195025.91371
g,1791195025.8767877,1791195026.0264244
a,1791195026.027467,1791195026.1760707
i,1791195026.137249,1791195026.2133613
n,1791195026.2929652,1791195026.400988
s,1791195026.3653302,1791195026.517873
t,1791195026.5193465,1791195026.66331
Key.space,1791195026.6273484,1791195026.7409031
m,1791195026.7431223,1791195026.852534
a,1791195026.7439678,1791195026.889817
y,1791195026.938874,1791195027.0874903
Key.space,1791195027.0886452,1791195027.1977744
a,1791195027.215532,1791195027.3255377
l,1791195027.2886353,1791195027.3255377
o,1791195027.8159962,1791195027.8532503
Key.backspace,1791195028.068042,1791195028.178283
s,1791195028.1795666,1791195028.28985
o,1791195028.2510073,1791195028.3631237
Key.space,1791195028.3260295,1791195028.4774578
t,1791195028.4788034,1791195028.5886545
o,1791195028.550528,1791195028.625823
o,1791195028.679819,1791195028.7933085
Key.space,1791195028.794473,1791195028.904518
e,1791195028.8678591,1791195029.0171916
a,1791195028.9798925,1791195029.1680586
c,1791195029.1691513,1791195029.3176355
h,1791195029.2419698,1791195029.3536477
Key.space,1791195029.36747,1791195029.5160518
e,1791195029.519007,1791195029.628665
n,1791195029.6620662,1791195029.7341862
d,1791195029.751523,1791195029.9027243
Key.space,1791195029.9053178,1791195030.014546
n,1791195030.1717105,1791195030.2850137
o,1791195030.4093635,1791195030.522169
w,1791195030.522169,1791195030.6345816
Key.space,1791195030.6356719,1791195030.74666
Key.backspace,1791195030.8350103,1791195030.9049816
Key.backspace,1791195030.986017,1791195031.0589843
Key.backspace,1791195031.1389353,1791195031.2130935
Key.backspace,1791195031.2768872,1791195031.3896117
k,1791195031.4906728,1791195031.6392648
o,1791195031.8760514,1791195031.9133103
Key.backspace,1791195032.1488729,1791195032.262779
n,1791195032.3536096,1791195032.4256914
o,1791195032.5477178,1791195032.6615174
w,1791195032.662837,1791195032.7732682
Key.space,1791195032.7342,1791195032.8480272
o,1791195032.8537076,1791195032.925372
g,1791195032.9391665,1791195033.12591
Key.backspace,1791195033.2268462,1791195033.3001602
Key.backspace,1791195033.3927658,1791195033.4674017
g,1791195033.5364468,1791195033.6838338
o,1791195033.6130607,1791195033.7253163
Key.space,1791195033.8220534,1791195033.937727
a,1791195034.4934733,1791195034.7169476
s,1791195034.6429422,1791195034.7921183
Key.space,1791195034.7559345,1791195034.9708896
b,1791195034.942442,1791195035.0923474
y,1791195035.0536523,1791195035.1308033
Key.space,1791195035.1723602,1791195035.3593447
a,1791195035.361852,1791195035.5081186
Key.space,1791195035.5134141,1791195035.6591263
w,1791195035.624071,1791195035.7732158
h,1791195035.8590934,1791195036.0085485
i,1791195035.9723556,1791195036.0468168
l,1791195036.1501148,1791195036.2583237
e,1791195036.2227979,1791195036.3348281
Key.space,1791195036.3348281,1791195036.4792843
t,1791195036.4461799,1791195036.5210443
h,1791195036.5252378,1791195036.6378112
e,1791195036.6393907,1791195036.7502332
Key.space,1791195036.7516346,1791195036.8621202
s,1791195036.8643177,1791195036.973734
t,1791195036.979626,1791195037.0885603
a,1791195037.1444461,1791195037.294226
n,1791195037.2960448,1791195037.367278
d,1791195037.4271986,1791195037.5750575
Key.space,1791195037.5392203,1791195037.6897087
c,1791195037.6897087,1791195037.837301
a,1791195037.7640266,1791195037.9127634
n,1791195037.9141996,1791195037.9886947
Key.space,1791195037.9886947,1791195038.1003516
w,1791195038.1013587,1791195038.21382
o,1791195038.21382,1791195038.2879286
r,1791195038.3128338,1791195038.461584
l,1791195038.475887,1791195038.5461211
d,1791195038.5504832,1791195038.6956513
Key.space,1791195038.660234,1791195038.8110416
a,1791195038.8124018,1791195038.9602926
n,1791195038.9627619,1791195039.071098
d,1791195039.0333605,1791195039.183282
Key.space,1791195039.1467562,1791195039.2976878
f,1791195039.2989545,1791195039.4474392
i,1791195039.3333974,1791195039.4474392
n,1791195039.515339,1791195039.662651
d,1791195039.5878088,1791195039.7387946
Key.space,1791195039.7387946,1791195039.8866968
f,1791195040.0383399,1791195040.0711894
e,1791195040.1811616,1791195040.2934089
Key.backspace,1791195040.4074016,1791195040.4788065
Key.backspace,1791195040.5184536,1791195040.629326
r,1791195040.5916598,1791195040.6670923
e,1791195040.7291176,1791195040.9162898
a,1791195040.8787036,1791195041.0302813
l,1791195041.033101,1791195041.1418478
t,1791195041.4408078,1791195041.5522313
Key.backspace,1791195041.6852617,1791195041.797963
Key.space,1791195041.8094697,1791195041.9595096
u,1791195041.9675736,1791195042.0802655
n,1791195042.1543763,1791195042.3042033
d,1791195042.1914542,1791195042.3061714
e,1791195042.3498912,1791195042.5005574
r,1791195042.5284781,1791195042.6809294
Key.space,1791195042.6024044,1791195042.7547934
s,1791195042.928622,1791195043.1146152
c,1791195043.2170556,1791195043.3266172
Key.backspace,1791195043.5017142,1791195043.613342
u,1791195043.7383091,1791195043.887874
c,1791195043.9020712,1791195044.0503423
h,1791195044.0121493,1791195044.0885358
Key.space,1791195044.1293623,1791195044.2777402
w,1791195044.4024348,1791195044.5886545
o,1791195044.5533245,1791195044.6249874
u,1791195044.70261,1791195044.7746434
l,1791195044.9132292,1791195044.9886668
d,1791195044.9886668,1791195045.138305
Key.space,1791195045.1010935,1791195045.2131522
t,1791195045.3469276,1791195045.4957292
h,1791195045.4210455,1791195045.5333474
r,1791195045.5615575,1791195045.7126906
o,1791195045.713749,1791195045.787694
u,1791195045.8804483,1791195045.990084
g,1791195046.0262778,1791195046.1748557
h,1791195046.1396034,1791195046.2522204
Key.space,1791195046.254256,1791195046.401885
b,1791195046.5593545,1791195046.7095542
u,1791195046.7105606,1791195046.821381
t,1791195046.8233216,1791195046.9338245
Key.space,1791195046.9748716,1791195047.1248503
w,1791195047.3092847,1791195047.4580793
o,1791195047.4200675,1791195047.4910915
r,1791195047.516036,1791195047.6649358
d,1791195047.7540991,1791195047.9030862
Key.space,1791195047.904245,1791195048.0516374
f,1791195048.0933895,1791195048.203812
o,1791195048.1676626,1791195048.2432022
r,1791195048.296801,1791195048.4453897
m,1791195048.4088285,1791195048.520144
Key.space,1791195048.4830532,1791195048.5965228
a,1791195048.597471,1791195048.7092788
l,1791195048.7102902,1791195048.7832093
l,1791195048.8425791,1791195048.9167006
Key.space,1791195048.9456854,1791195049.0959263
s,1791195049.1167626,1791195049.2290785
o,1791195049.1909478,1791195049.2664266
m,1791195049.3373568,1791195049.4506044
e,1791195049.4079196,1791195049.52426
Key.space,1791195049.5255845,1791195049.6360078
p,1791195049.637045,1791195049.711941
e,1791195049.859375,1791195049.9726613
r,1791195050.0299575,1791195050.1786058
s,1791195050.1036375,1791195050.255119
o,1791195050.4670172,1791195050.5800588
n,1791195050.6774776,1791195050.78837
Key.space,1791195050.78837,1791195050.9372137
c,1791195050.8622127,1791195051.0120053
a,1791195050.9744074,1791195051.0876257
n,1791195051.089566,1791195051.1625867
Key.space,1791195051.2061067,1791195051.3582597
o,1791195051.4025576,1791195051.5159247
t,1791195051.5176208,1791195051.6283689
h,1791195051.693296,1791195051.8066957
e,1791195051.996783,1791195052.1099405
r,1791195052.1637971,1791195052.3141558
Key.space,1791195052.3171,1791195052.4633706
e,1791195052.4931538,1791195052.641899
v,1791195052.7552226,1791195052.8664107
e,1791195052.907957,1791195053.0574262
n,1791195053.0202274,1791195053.1334887
Key.space,1791195053.208765,1791195053.3196383
e,1791195053.3966267,1791195053.5456636
i,1791195053.9396422,1791195054.0526984
g,1791195054.053647,1791195054.200665
Key.backspace,1791195054.2962427,1791195054.3702714
Key.backspace,1791195054.4388103,1791195054.550907
r,1791195054.5537643,1791195054.6628373
Key.backspace,1791195054.791974,1791195054.8657093
Key.backspace,1791195054.9450395,1791195055.019983
r,1791195055.024134,1791195055.134143
i,1791195055.1499894,1791195055.2245772
g,1791195055.2286038,1791195055.3407903
h,1791195055.4144158,1791195055.5239172
t,1791195055.4868264,1791195055.6739724
Key.space,1791195055.678987,1791195055.8288078
t,1791195055.751948,1791195055.864563
e,1791195055.938885,1791195056.089983
l,1791195056.3670955,1791195056.4802322
l,1791195056.5473933,1791195056.695209
Key.space,1791195056.582613,1791195056.7716289
e,1791195056.6576045,1791195056.8446293
a,1791195056.808667,1791195056.959937
c,1791195056.9615328,1791195057.107225
h,1791195057.070787,1791195057.1447985
Key.space,1791195057.1912773,1791195057.3413486
c,1791195057.4079583,1791195057.5950646
o,1791195057.5205836,1791195057.5950646
u,1791195057.709183,1791195057.7876158
r,1791195057.8335767,1791195057.986375
s,1791195057.9999108,1791195058.182179
e,1791195058.1474717,1791195058.2570357
Key.space,1791195058.220048,1791195058.3348422
a,1791195058.351288,1791195058.5015922
g,1791195058.5834405,1791195058.6971834
a,1791195058.6981978,1791195058.8070652
i,1791195058.770037,1791195058.8838995
n,1791195058.9434452,1791195059.0926561
t,1791195059.1060107,1791195059.2169886
Key.backspace,1791195059.436925,1791195059.5489662
Key.space,1791195059.5542202,1791195059.6661043
p,1791195059.6676936,1791195059.740718
u,1791195059.8682528,1791195059.9815032
b,1791195060.1226578,1791195060.2746851
l,1791195060.275791,1791195060.3446496
i,1791195060.4623842,1791195060.5736034
c,1791195060.5757296,1791195060.7197871
Key.space,1791195060.6843293,1791195060.8350453
f,1791195061.0145557,1791195061.1633909
a,1791195061.1644087,1791195061.3127844
r,1791195061.4325988,1791195061.508474
Key.backspace,1791195061.7752726,1791195061.8861427
c,1791195061.8959465,1791195062.045686
r,1791195062.1423795,1791195062.2539563
Key.space,1791195062.2539563,1791195062.3646579
Key.backspace,1791195062.506165,1791195062.5822618
Key.backspace,1791195062.661055,1791195062.7724352
t,1791195062.8622007,1791195062.972366
Key.space,1791195062.9733715,1791195063.122108
a,1791195063.12684,1791195063.2724266
g,1791195063.3097484,1791195063.420288
f,1791195063.787351,1791195063.9375024
Key.backspace,1791195064.0410564,1791195064.0785687
Key.backspace,1791195064.1493895,1791195064.2240164
f,1791195064.4442537,1791195064.5948505
t,1791195064.68379,1791195064.7944324
e,1791195064.8032398,1791195064.9137537
r,1791195064.9624069,1791195065.110767
Key.space,1791195065.1121151,1791195065.296469
l,1791195065.3785717,1791195065.5281234
a,1791195065.4530437,1791195065.6047456
r,1791195065.6263535,1791195065.7755356
g,1791195065.8086593,1791195065.9210017
e,1791195065.9220586,1791195066.0713344
Key.space,1791195066.0718226,1791195066.183435
l,1791195066.2949762,1791195066.3692803
i,1791195066.487471,1791195066.557177
k,1791195066.638717,1791195066.75079
e,1791195066.7114315,1791195066.8264992
Key.space,1791195066.8286495,1791195067.0133781
t,1791195067.5331607,1791195067.6829102
h,1791195067.7113318,1791195067.785925
e,1791195067.7885365,1791195067.8987005
r,1791195067.9461882,1791195068.056987
e,1791195068.0709333,1791195068.256783
Key.space,1791195068.2193546,1791195068.369438
g,1791195068.4024456,1791195068.5156326
r,1791195068.516624,1791195068.5886893
e,1791195068.6664014,1791195068.8510404
t,1791195068.8530653,1791195068.9235845
a,1791195068.814039,1791195068.9280045
Key.space,1791195069.007168,1791195069.1587422
o,1791195069.1779253,1791195069.2858353
f,1791195069.2483373,1791195069.36198
f,1791195069.4323556,1791195069.5833325
Key.space,1791195069.4693155,1791195069.6208704
s,1791195069.6368318,1791195069.7450902
y,1791195069.746092,1791195069.857655
s,1791195069.8589678,1791195069.9687164
t,1791195070.0180404,1791195070.1276765
e,1791195070.1922383,1791195070.340274
m,1791195070.3070478,1791195070.3818002
Key.space,1791195070.3861492,1791195070.5357962
o,1791195070.5418103,1791195070.6568997
n,1791195070.7446237,1791195070.855075
Key.space,1791195070.855075,1791195071.004904
p,1791195071.1712716,1791195071.2833316
l,1791195071.341245,1791195071.4541721
a,1791195071.4554613,1791195071.565417
c,1791195071.5676565,1791195071.7152555
e,1791195071.762218,1791195071.8741207
Key.space,1791195071.8748438,1791195072.0234568
s,1791195072.0362124,1791195072.1869743
e,1791195072.2048538,1791195072.3189611
e,1791195072.3732114,1791195072.4848287
m,1791195072.6691244,1791195072.7797718
Key.space,1791195072.8385198,1791195072.985472
w,1791195072.9504585,1791195073.1003418
i,1791195073.0626113,1791195073.1750152
t,1791195073.2194054,1791195073.3314633
h,1791195073.2943451,1791195073.4077842
i,1791195073.5077946,1791195073.6196213
u,1791195073.716252,1791195073.828029
Key.backspace,1791195073.9790812,1791195074.0521557
Key.backspace,1791195074.1260178,1791195074.2399294
o,1791195074.3577642,1791195074.4689019
u,1791195074.576224,1791195074.6895685
t,1791195074.6895685,1791195074.8006668
Key.space,1791195074.8016796,1791195074.950442
t,1791195075.1544123,1791195075.2665887
h,1791195075.2686033,1791195075.3401754
i,1791195075.4160602,1791195075.5269244
s,1791195075.489602,1791195075.6417708
Key.space,1791195075.6417708,1791195075.7909753
l,1791195075.7920766,1791195075.8649426
Key.backspace,1791195076.0840673,1791195076.1603816
t,1791195076.2034721,1791195076.352486
a,1791195076.3151824,1791195076.464716
k,1791195076.4942462,1791195076.6048229
e,1791195076.6061506,1791195076.7517257
Key.space,1791195076.7171135,1791195076.829659
a,1791195076.9546008,1791195077.1041431
n,1791195077.203929,1791195077.3163354
o,1791195077.3949745,1791195077.5077446
t,1791195077.5097408,1791195077.6194506
h,1791195077.6438477,1791195077.7560084
e,1791195077.7185855,1791195077.8319123
r,1791195077.8867803,1791195078.0358813
Key.space,1791195078.0367146,1791195078.147627
t,1791195078.1487346,1791195078.2975698
h,1791195078.369877,1791195078.481263
r,1791195078.7120192,1791195078.8589342
o,1791195079.2909625,1791195079.4034958
u,1791195079.4898505,1791195079.6371894
g,1791195079.6522865,1791195079.8033595
h,1791195079.8045287,1791195079.8729014
Key.space,1791195079.8729014,1791195080.031449
h,1791195080.204176,1791195080.276964
Key.backspace,1791195080.4982412,1791195080.6102374
c,1791195080.6110692,1791195080.7220275
h,1791195080.724361,1791195080.8350806
a,1791195080.836084,1791195080.9461973
n,1791195080.9538612,1791195081.0644195
g,1791195081.0271819,1791195081.17916
e,1791195081.2235909,1791195081.3745801
Key.space,1791195081.3767762,1791195081.5229065
i,1791195081.449585,1791195081.5270133
t,1791195081.557883,1791195081.7072484
Key.space,1791195081.8607082,1791195082.010146
s,1791195081.9734733,1791195082.1238163
h,1791195082.198618,1791195082.348526
o,1791195082.2355373,1791195082.3495448
u,1791195082.4338212,1791195082.5103219
l,1791195082.6267881,1791195082.7390234
d,1791195082.7017546,1791195082.8139222
Key.space,1791195082.8151505,1791195082.959983
m,1791195082.8884304,1791195082.9642081
i,1791195083.073064,1791195083.1837742
h,1791195083.3039217,1791195083.4167387
Key.backspace,1791195083.589449,1791195083.660352
g,1791195083.7639682,1791195083.873773
h,1791195083.8890626,1791195083.9996798
r,1791195084.0006967,1791195084.1113029
Key.space,1791195084.1163447,1791195084.227641
Key.backspace,1791195084.3441966,1791195084.4558864
Key.backspace,1791195084.4944942,1791195084.605682
r,1791195084.568026,1791195084.7198389
Key.space,1791195084.7198389,1791195084.8687906
Key.backspace,1791195085.0268176,1791195085.1386707
Key.backspace,1791195085.181351,1791195085.3269541
t,1791195085.2516809,1791195085.4061394
Key.space,1791195085.4061394,1791195085.551719
o,1791195085.5164905,1791195085.5893533
b,1791195085.5933673,1791195085.7032974
Key.backspace,1791195085.9196684,1791195086.0682878
v,1791195085.9933636,1791195086.1073587
e,1791195086.1977918,1791195086.306922
r,1791195086.3710644,1791195086.517865
i,1791195086.517865,1791195086.5930681
Key.space,1791195086.4815319,1791195086.6313112
n,1791195086.6804085,1791195086.793806
t,1791195086.718051,1791195086.831421
e,1791195086.927418,1791195087.0764577
r,1791195087.1234894,1791195087.2722769
e,1791195087.3038323,1791195087.4889555
s,1791195087.417074,1791195087.5675125
t,1791195087.577683,1791195087.730946
Key.space,1791195087.752586,1791195087.900626
a,1791195088.1781359,1791195088.3278325
Key.backspace,1791195088.376151,1791195088.4517806
h,1791195088.586351,1791195088.6972463
a,1791195088.6601102,1791195088.7730017
n,1791195088.7906125,1791195088.9011252
d,1791195088.864934,1791195089.014128
Key.space,1791195088.9762316,1791195089.0890467
m,1791195089.0519183,1791195089.163858
i,1791195089.2661319,1791195089.3766277
g,1791195089.4228153,1791195089.5341282
h,1791195089.5699754,1791195089.6833546
Key.space,1791195089.791231,1791195089.9420795
Key.backspace,1791195090.1790864,1791195090.2886207
t,1791195090.3367345,1791195090.449345
Key.space,1791195090.4591956,1791195090.648515
v,1791195090.7123594,1791195090.82319
Key.backspace,1791195091.068005,1791195091.1800008
b,1791195091.30148,1791195091.4133124
e,1791195091.5534155,1791195091.7058177
t,1791195091.7068355,1791195091.7764788
w,1791195091.7930202,1791195091.938714
e,1791195091.9040992,1791195091.9795105
e,1791195092.1037304,1791195092.2532604
n,1791195092.259079,1791195092.3694308
Key.space,1791195092.432219,1791195092.6182501
f,1791195092.5444572,1791195092.6944366
o,1791195093.0514698,1791195093.1642413
r,1791195093.2152483,1791195093.3262446
Key.space,1791195093.343161,1791195093.493046
b,1791195093.4935012,1791195093.5684187
e,1791195093.5684187,1791195093.642704
c,1791195093.7233648,1791195093.8716874
o,1791195093.836965,1791195093.9095044
m,1791195094.0145366,1791195094.1262493
e,1791195094.052057,1791195094.166695
Key.space,1791195094.1884305,1791195094.373843
e,1791195094.3748305,1791195094.522528
v,1791195094.4470313,1791195094.561635
e,1791195094.5807023,1791195094.7673965
n,1791195094.7313604,1791195094.8443909
Key.space,1791195094.8454087,1791195094.95656
a,1791195094.957572,1791195095.0685573
t,1791195095.0695567,1791195095.2194157
Key.space,1791195095.2194157,1791195095.3298662
a,1791195095.2924502,1791195095.442423
b,1791195095.5720968,1791195095.6845293
o,1791195095.955364,1791195096.0663114
u,1791195096.1520724,1791195096.26329
t,1791195096.2259848,1791195096.375732
Key.space,1791195096.3798006,1791195096.5275657
t,1791195096.6194358,1791195096.758979
h,1791195096.731185,1791195096.8068774
s,1791195096.9174516,1791195097.1025891
e,1791195097.0646899,1791195097.2144988
Key.backspace,1791195097.2513509,1791195097.3256922
Key.backspace,1791195097.4021857,1791195097.4759254
o,1791195097.5948365,1791195097.7060087
s,1791195097.6680193,1791195097.8179393
e,1791195097.7430649,1791195097.8921278
Key.space,1791195097.8543055,1791195098.042897
r,1791195098.0045116,1791195098.0799441
e,1791195098.1578677,1791195098.3093648
a,1791195098.2713778,1791195098.4213972
l,1791195098.3830988,1791195098.4548397
Key.space,1791195098.4673603,1791195098.6213078
c,1791195098.6687903,1791195098.7047012
o,1791195099.3149784,1791195099.4277763
n,1791195099.4948723,1791195099.605913
s,1791195099.7931104,1791195099.9440413
i,1791195099.957422,1791195100.069069
d,1791195100.069069,1791195100.1426835
e,1791195100.193088,1791195100.3434968
r,1791195100.3735838,1791195100.5216238
Key.space,1791195100.4840224,1791195100.671893
g,1791195100.6727529,1791195100.8548505
o,1791195100.8204956,1791195100.929915
v,1791195100.8926084,1791195101.0456238
e,1791195101.0947914,1791195101.2072284
r,1791195101.268679,1791195101.4129333
n,1791195101.3755758,1791195101.49045
Key.space,1791195101.4914653,1791195101.6026819
h,1791195101.7759054,1791195101.9629643
o,1791195101.9265823,1791195102.000467
l,1791195102.061154,1791195102.1717343
d,1791195102.1345692,1791195102.2462358
Key.space,1791195102.208915,1791195102.3595085
g,1791195102.3871605,1791195102.5385046
i,1791195102.5395696,1791195102.6135063
Key.backspace,1791195102.73256,1791195102.8464787
Key.backspace,1791195102.8717268,1791195102.9804354
f,1791195102.9424365,1791195103.057714
i,1791195103.0992315,1791195103.2118082
r,1791195103.2130983,1791195103.359089
s,1791195103.3235826,1791195103.435659
t,1791195103.5132496,1791195103.62779
Key.space,1791195103.6288052,1791195103.7401392
o,1791195104.0223734,1791195104.1347728
p,1791195104.1940339,1791195104.3065166
e,1791195104.3095145,1791195104.4560518
n,1791195104.4574451,1791195104.5668535
Key.space,1791195104.5843434,1791195104.6958945
t,1791195104.8511176,1791195105.000208
h,1791195104.961798,1791195105.038221
e,1791195105.059079,1791195105.208842
y,1791195105.2100532,1791195105.2794924
Key.space,1791195105.3129969,1791195105.423894
w,1791195105.4560473,1791195105.6068811
h,1791195105.6088574,1791195105.6797945
i,1791195105.7650836,1791195105.8783436
c,1791195105.8977792,1791195106.0448523
h,1791195106.0459344,1791195106.1569834
Key.space,1791195106.158546,1791195106.266945
w,1791195106.2294593,1791195106.416883
a,1791195106.3433394,1791195106.4923005
y,1791195106.416883,1791195106.5688365
Key.space,1791195106.6326559,1791195106.7845147
w,1791195106.9918425,1791195107.1378107
i,1791195107.1001966,1791195107.2126586
t,1791195107.2464585,1791195107.3961582
h,1791195107.3575587,1791195107.434082
Key.space,1791195107.47283,1791195107.662539
i,1791195107.663947,1791195107.7338362
t,1791195107.5462263,1791195107.7376313
m,1791195107.8338058,1791195107.9463494
e,1791195107.9083972,1791195108.0237656
Key.space,1791195108.0252619,1791195108.135946
u,1791195108.522741,1791195108.6351798
t,1791195108.6565654,1791195108.8041675
Key.space,1791195108.768064,1791195108.8800075
Key.backspace,1791195108.948533,1791195109.0212402
Key.backspace,1791195109.1010005,1791195109.1386225
Key.backspace,1791195109.4931989,1791195109.5296552
b,1791195109.601034,1791195109.712275
u,1791195109.7479265,1791195109.8212223
t,1791195109.8212223,1791195109.934311
Key.space,1791195109.9355109,1791195110.0836325
g,1791195110.0851562,1791195110.233987
o,1791195110.234998,1791195110.308383
Key.space,1791195110.317332,1791195110.4667554
t,1791195110.4947627,1791195110.6472926
h,1791195110.647627,1791195110.7169573
e,1791195110.772045,1791195110.9207945
n,1791195110.8858535,1791195110.9988875
Key.space,1791195111.0003953,1791195111.1105764
t,1791195111.3730576,1791195111.485167
a,1791195111.490215,1791195111.6384642
k,1791195111.6461842,1791195111.7602801
e,1791195111.7612941,1791195111.9085243
Key.space,1791195111.8717244,1791195111.984286
h,1791195112.2797177,1791195112.4295156
o,1791195112.3544683,1791195112.4295156
l,1791195112.4900308,1791195112.601159
d,1791195112.6021566,1791195112.7499647
Key.space,1791195112.7124434,1791195112.8624144
w,1791195112.9191265,1791195113.105293
o,1791195113.109584,1791195113.2204106
r,1791195113.2216187,1791195113.3714635
l,1791195113.3725278,1791195113.4461005
d,1791195113.4461005,1791195113.5967333
Key.space,1791195113.5973935,1791195113.7071798
t,1791195113.8144538,1791195113.9621403
a,1791195113.927626,1791195114.078979
k,1791195114.0806096,1791195114.1525626
e,1791195114.154569,1791195114.3031025
Key.space,1791195114.3037612,1791195114.451505
g,1791195114.4541576,1791195114.6034575
i,1791195114.6050234,1791195114.7153533
v,1791195114.7162657,1791195114.8265657
e,1791195114.8911226,1791195115.0383365
Key.space,1791195115.0013638,1791195115.1511028
b,1791195115.252019,1791195115.3624842
e,1791195115.3260086,1791195115.4386432
g,1791195115.5384746,1791195115.6872065
i,1791195115.612207,1791195115.7257898
n,1791195115.812967,1791195115.9254491
Key.space,1791195115.9264507,1791195116.07533
h,1791195116.0974376,1791195116.209194
a,1791195116.209194,1791195116.320257
v,1791195116.3219562,1791195116.3586793
e,1791195116.4041755,1791195116.5550716
Key.space,1791195116.555879,1791195116.6625285
o,1791195116.7859795,1791195116.8987231
w,1791195116.9421964,1791195117.053106
n,1791195117.0991993,1791195117.2109911
Key.space,1791195117.2233014,1791195117.3712997
u,1791195117.403975,1791195117.5194762
t,1791195117.5208774,1791195117.631559
Key.space,1791195117.638437,1791195117.7898111
Key.backspace,1791195117.892043,1791195117.9623568
Key.backspace,1791195118.040277,1791195118.1120718
Key.backspace,1791195118.1791053,1791195118.2935972
i,1791195118.4237163,1791195118.5351608
t,1791195118.5361989,1791195118.647253
Key.space,1791195118.6484957,1791195118.7957232
w,1791195118.7208903,1791195118.9077027
h,1791195118.8339336,1791195118.9463112
o,1791195119.0222425,1791195119.1340687
Key.space,1791195119.254261,1791195119.442725
i,1791195119.4790616,1791195119.5542996
s,1791195119.3663087,1791195119.5542996
n,1791195119.6501331,1791195119.7625365
c,1791195119.6874585,1791195119.800085
e,1791195120.1603613,1791195120.3133225
Key.space,1791195120.3147829,1791195120.4621003
i,1791195120.4244657,1791195120.5000992
n,1791195120.5527565,1791195120.6661808
c,1791195120.6291044,1791195120.8169768
r,1791195121.2166848,1791195121.3276362
e,1791195121.3779306,1791195121.5284748
a,1791195121.489804,1791195121.6785762
s,1791195121.561718,1791195121.7117245
e,1791195121.6796458,1791195121.7886586
Key.space,1791195121.751876,1791195121.9019134
m,1791195121.8243675,1791195121.9742572
a,1791195121.9396996,1791195122.0122712
y,1791195122.105977,1791195122.2185938
n,1791195122.2240653,1791195122.3730562
Key.backspace,1791195122.526965,1791195122.6015623
Key.backspace,1791195122.6623414,1791195122.7764335
n,1791195122.8787887,1791195122.9889069
y,1791195122.9493518,1791195123.101123
Key.space,1791195123.1033614,1791195123.2883265
c,1791195123.291219,1791195123.4387693
a,1791195123.4003277,1791195123.5137599
n,1791195123.5147753,1791195123.5886042
Key.space,1791195123.5886042,1791195123.700286
a,1791195123.7017946,1791195123.8143365
l,1791195123.8143365,1791195123.8496165
l,1791195123.9201436,1791195123.995687
Key.space,1791195123.995687,1791195124.1464984
k,1791195124.1480863,1791195124.1825926
n,1791195124.2664723,1791195124.341307
o,1791195124.4606435,1791195124.5370274
w,1791195124.499989,1791195124.6872282
Key.space,1791195124.688607,1791195124.8368917
l,1791195124.761955,1791195124.8749294
e,1791195124.876332,1791195125.0242732
a,1791195124.9872274,1791195125.1366942
d,1791195125.099929,1791195125.212384
Key.space,1791195125.2133863,1791195125.3244452
o,1791195125.2448192,1791195125.3244452
n,1791195125.4091313,1791195125.5197778
Key.space,1791195125.478188,1791195125.6313288
b,1791195125.6477125,1791195125.757497
e,1791195125.6835225,1791195125.836283
Key.space,1791195125.920079,1791195126.106025
w,1791195126.1217465,1791195126.3102927
o,1791195126.1952796,1791195126.3113165
r,1791195126.384655,1791195126.5328877
l,1791195126.4968941,1791195126.610015
d,1791195126.6110368,1791195126.7575934
Key.space,1791195126.7205126,1791195126.8720224
c,1791195126.8740487,1791195127.0209868
n,1791195127.1289833,1791195127.24234
i,1791195127.2656872,1791195127.3412325
Key.backspace,1791195127.4978461,1791195127.6084113
Key.backspace,1791195127.6309128,1791195127.779966
h,1791195127.791271,1791195127.942762
i,1791195127.9431005,1791195128.015649
l,1791195128.0954611,1791195128.207166
d,1791195128.1657646,1791195128.28267
Key.space,1791195128.241166,1791195128.3946416
o,1791195128.3993633,1791195128.4741604
v,1791195128.496602,1791195128.607902
Key.esc,1791195129.663871,1791195129.8105764
l,1791212777.945372,1791212778.0284402
o,1791212778.1174846,1791212778.1961243
n,1791212778.3077407,1791212778.3811612
g,1791212778.3122659,1791212778.398035
Key.space,1791212778.4444213,1791212778.565912
n,1791212778.5330553,1791212778.6461408
a,1791212778.627569,1791212778.7655869
t,1791212778.7446322,1791212778.8729343
i,1791212778.8455017,1791212778.9545856
o,1791212779.0100267,1791212779.1119063
n,1791212779.0837154,1791212779.2079601
Key.space,1791212779.2498286,1791212779.3956628
o,1791212779.374096,1791212779.4603019
r,1791212779.423786,1791212779.557501
Key.space,1791212779.5517728,1791212779.6687546
v,1791212779.6701813,1791212779.724615
b,1791212779.658219,1791212779.7256298
e,1791212779.6798387,1791212779.7876089
c,1791212779.892645,1791212779.9797263
Key.backspace,1791212780.05735,1791212780.1246917
Key.backspace,1791212780.1926641,1791212780.2622335
Key.backspace,1791212780.3466496,1791212780.426652
e,1791212780.628832,1791212780.712588
c,1791212780.833839,1791212780.9648402
y,1791212780.9746819,1791212781.053533
a,1791212781.1086965,1791212781.269199
Key.backspace,1791212781.3646538,1791212781.432871
Key.backspace,1791212781.514987,1791212781.590195
u,1791212781.7125733,1791212781.7936227
a,1791212781.8110306,1791212781.9950907
s,1791212781.9272158,1791212782.0447006
Key.backspace,1791212782.1270099,1791212782.1894965
Key.backspace,1791212782.283846,1791212782.3373246
Key.backspace,1791212782.4233518,1791212782.4936085
a,1791212782.7074444,1791212782.831621
u,1791212782.8535738,1791212782.9426043
s,1791212783.0358164,1791212783.1693878
e,1791212783.136246,1791212783.2628675
Key.space,1791212783.2377863,1791212783.3677251
n,1791212783.478259,1791212783.5700867
e,1791212783.6036088,1791212783.7462325
v,1791212783.767815,1791212783.893526
e,1791212783.8612633,1791212783.9654634
r,1791212784.0375686,1791212784.148202
Key.space,1791212784.1156356,1791212784.2502167
s,1791212784.2266428,1791212784.3713067
o,1791212784.309911,1791212784.404674
Key.space,1791212784.4088855,1791212784.544629
f,1791212784.518458,1791212784.6727993
o,1791212784.620569,1791212784.7193587
Key.space,1791212784.7748399,1791212784.908645
Key.backspace,1791212784.9349597,1791212785.0044358
Key.backspace,1791212785.0947864,1791212785.1826637
Key.backspace,1791212785.258961,1791212785.3264966
o,1791212785.5000334,1791212785.6110451
f,1791212785.6145778,1791212785.7164283
Key.space,1791212785.7007139,1791212785.836998
o,1791212785.74675,1791212785.8376923
n,1791212785.9329767,1791212786.0209105
e,1791212785.9977922,1791212786.1024592
Key.space,1791212786.085297,1791212786.205826
m,1791212786.1352463,1791212786.2227635
o,1791212786.3105488,1791212786.4178848
s,1791212786.3578136,1791212786.5058887
t,1791212786.5082262,1791212786.6093485
Key.space,1791212786.5996904,1791212786.7357867
a,1791212786.720607,1791212786.8398316
b,1791212786.8933783,1791212787.041951
o,1791212786.969982,1791212787.0494068
u,1791212787.154835,1791212787.2398133
t,1791212787.2338345,1791212787.358507
Key.space,1791212787.3599658,1791212787.5113492
a,1791212787.4782867,1791212787.6679485
s,1791212787.637694,1791212787.821509
Key.space,1791212787.761573,1791212787.912111
w,1791212787.9522183,1791212788.0352092
o,1791212788.199353,1791212788.303563
e,1791212788.3322625,1791212788.4185011
r,1791212788.3264408,1791212788.4262493
k,1791212788.4489284,1791212788.5369442
Key.space,1791212788.5444884,1791212788.678288
Key.backspace,1791212788.7745416,1791212788.83568
Key.backspace,1791212788.9269161,1791212788.989225
Key.backspace,1791212789.0705156,1791212789.1352172
k,1791212789.296785,1791212789.393007
Key.space,1791212789.420865,1791212789.543335
m,1791212789.544432,1791212789.64476
a,1791212789.6372654,1791212789.747272
y,1791212789.8153644,1791212789.8692994
Key.space,1791212789.9248657,1791212790.0097458
Key.backspace,1791212790.2377603,1791212790.2445302
k,1791212790.220431,1791212790.254692
m,1791212790.7478075,1791212790.8479285
a,1791212790.8268316,1791212790.943584
n,1791212791.0354614,1791212791.1396177
y,1791212791.172328,1791212791.3015609
Key.space,1791212791.3657897,1791212791.497333
s,1791212791.516202,1791212791.6498578
o,1791212791.5897477,1791212791.669938
m,1791212791.74743,1791212791.8524137
e,1791212791.813845,1791212791.91716
Key.space,1791212791.9343872,1791212792.0559165
r,1791212792.0717714,1791212792.1059725
t,1791212792.01575,1791212792.1119812
h,1791212792.0994422,1791212792.1870446
a,1791212792.1980772,1791212792.3397975
t,1791212792.3358793,1791212792.4580555
Key.space,1791212792.3862586,1791212792.556523
b,1791212792.533627,1791212792.629117
e,1791212792.6264129,1791212792.7516847
Key.space,1791212792.7886634,1791212792.9644473
c,1791212792.9293532,1791212793.0446026
a,1791212793.0528593,1791212793.1856642
Key.backspace,1791212793.236896,1791212793.3083608
Key.backspace,1791212793.3852053,1791212793.4765573
a,1791212793.4365451,1791212793.5611005
o,1791212793.7153978,1791212793.7629979
b,1791212793.621358,1791212793.775056
u,1791212793.9310544,1791212794.0392065
t,1791212794.044586,1791212794.16714
Key.space,1791212794.1209786,1791212794.274838
h,1791212794.2349274,1791212794.3327885
e,1791212794.3654735,1791212794.490226
l,1791212794.4888694,1791212794.5696728
p,1791212794.678539,1791212794.7718692
Key.space,1791212794.7537231,1791212794.904953
b,1791212794.903446,1791212795.0273094
u,1791212795.0161536,1791212795.0798962
t,1791212795.1502516,1791212795.2537138
Key.space,1791212795.2451937,1791212795.4355357
f,1791212795.404512,1791212795.5816643
a,1791212795.5721922,1791212795.7355745
c,1791212795.7063313,1791212795.8130302
e,1791212795.9136288,1791212796.0531564
Key.space,1791212796.0220106,1791212796.1678843
a,1791212796.1637545,1791212796.323737
o,1791212796.3888614,1791212796.4680514
b,1791212796.4578657,1791212796.491804
v,1791212796.3998084,1791212796.5104482
Key.backspace,1791212796.6813226,1791212796.739213
Key.backspace,1791212796.8300974,1791212796.8953502
b,1791212796.9888551,1791212797.0947466
Key.backspace,1791212797.1883948,1791212797.2657633
Key.backspace,1791212797.3285358,1791212797.4180357
b,1791212797.401141,1791212797.498918
o,1791212797.4926555,1791212797.5846744
u,1791212797.691795,1791212797.764873
t,1791212797.8564813,1791212797.980628
Key.space,1791212797.981781,1791212798.1304138
t,1791212798.2647405,1791212798.3976963
h,1791212798.3548162,1791212798.4247959
o,1791212798.601984,1791212798.6854782
s,1791212798.715799,1791212798.8470688
e,1791212798.8051293,1791212798.9385788
Key.space,1791212798.9218411,1791212799.030119
t,1791212799.0352402,1791212799.1507947
o,1791212799.127879,1791212799.208765
Key.space,1791212799.2322075,1791212799.34368
w,1791212799.2918139,1791212799.4129343
o,1791212799.3832784,1791212799.4682913
r,1791212799.5124693,1791212799.649662
k,1791212799.5898063,1791212799.6902728
Key.space,1791212799.7048507,1791212799.8369591
s,1791212799.779975,1791212799.8920262
h,1791212799.869639,1791212799.9560688
o,1791212800.073828,1791212800.1845238
w,1791212800.1346025,1791212800.2335613
Key.space,1791212800.241599,1791212800.3854635
g,1791212800.3631952,1791212800.4900916
i,1791212800.466417,1791212800.563297
v,1791212800.5731804,1791212800.6729352
e,1791212800.7526376,1791212800.882375
Key.space,1791212800.8568072,1791212800.9925501
w,1791212800.9773107,1791212801.0936754
h,1791212801.0807583,1791212801.1592033
e,1791212801.1793234,1791212801.3051832
n,1791212801.272896,1791212801.36476
Key.space,1791212801.3406281,1791212801.4870434
m,1791212801.4966376,1791212801.6126964
a,1791212801.6420684,1791212801.749224
k,1791212801.7434642,1791212801.8364775
e,1791212801.814449,1791212801.9464986
Key.space,1791212801.932503,1791212802.0449746
w,1791212802.1009312,1791212802.2220867
o,1791212802.2684715,1791212802.340793
u,1791212802.436725,1791212802.5261648
l,1791212802.6462505,1791212802.7372699
d,1791212802.692826,1791212802.8181422
Key.space,1791212802.8086092,1791212802.9537284
f,1791212803.0714042,1791212803.1972663
o,1791212803.1717622,1791212803.2615855
r,1791212803.2876637,1791212803.4136996
m,1791212803.3998022,1791212803.4845939
Key.space,1791212803.4463978,1791212803.578103
g,1791212803.6299825,1791212803.6957788
e,1791212803.6830616,1791212803.810119
t,1791212803.8878915,1791212803.9958067
Key.space,1791212803.9896493,1791212804.125178
p,1791212804.1919968,1791212804.2681746
e,1791212804.3019032,1791212804.412229
o,1791212804.4073496,1791212804.4828188
p,1791212804.5984726,1791212804.679361
l,1791212804.7688131,1791212804.8478472
e,1791212804.8508656,1791212804.9604423
Key.space,1791212804.9393046,1791212805.0586824
b,1791212805.2125793,1791212805.266571
v,1791212805.2067425,1791212805.279084
e,1791212805.2845888,1791212805.3804038
r,1791212805.4646516,1791212805.5790002
y,1791212805.5629022,1791212805.6424198
Key.space,1791212805.7150464,1791212805.8508632
y,1791212805.9768088,1791212806.0752926
o,1791212806.063826,1791212806.1264381
o,1791212806.2433515,1791212806.30864
Key.backspace,1791212806.4172785,1791212806.4847114
Key.backspace,1791212806.5662541,1791212806.628159
Key.backspace,1791212806.7217479,1791212806.7856402
t,1791212806.80822,1791212806.883312
o,1791212806.8992808,1791212806.9720814
o,1791212807.0447543,1791212807.113282
Key.space,1791212807.103372,1791212807.2387168
j,1791212807.233795,1791212807.303146
u,1791212807.4065878,1791212807.487172
s,1791212807.4618964,1791212807.57992
t,1791212807.6193628,1791212807.7275066
Key.space,1791212807.6922827,1791212807.843679
b,1791212807.7796984,1791212807.8856206
e,1791212807.8653736,1791212807.9681628
c,1791212808.066575,1791212808.2098486
a,1791212808.1922839,1791212808.3793669
Key.backspace,1791212808.6431282,1791212808.7032154
a,1791212808.9554975,1791212809.0645704
Key.backspace,1791212809.4047513,1791212809.4529483
o,1791212809.6766112,1791212809.7678661
m,1791212809.8545036,1791212809.9596062
e,1791212809.9404857,1791212810.0590813
Key.space,1791212810.0408456,1791212810.1764052
e,1791212810.2520466,1791212810.3892019
a,1791212810.3846834,1791212810.5204973
e,1791212810.5047688,1791212810.6167622
r,1791212810.5058591,1791212810.6202836
Key.backspace,1791212810.8296602,1791212810.88698
Key.backspace,1791212810.9731033,1791212811.0316787
r,1791212811.0326898,1791212811.1544714
l,1791212811.2559013,1791212811.362051
y,1791212811.3673937,1791212811.4859698
Key.space,1791212811.5377629,1791212811.6932886
u,1791212811.6659477,1791212811.75214
s,1791212811.7599144,1791212811.8854208
e,1791212811.8438513,1791212811.977911
Key.space,1791212811.9273047,1791212812.0731993
w,1791212812.0389442,1791212812.1670742
o,1791212812.1057305,1791212812.1931272
r,1791212812.2298088,1791212812.376491
l,1791212812.3714693,1791212812.4830103
Key.backspace,1791212812.7666345,1791212812.8095074
d,1791212812.8982728,1791212812.9829144
Key.space,1791212813.0765831,1791212813.199469
f,1791212813.2994354,1791212813.3884852
e,1791212813.4887083,1791212813.5670028
e,1791212813.6486423,1791212813.763057
l,1791212813.7952027,1791212813.8964713
Key.space,1791212813.9411218,1791212814.0589948
l,1791212814.0467353,1791212814.1507292
o,1791212814.2189164,1791212814.307063
n,1791212814.4188693,1791212814.5265622
g,1791212814.4682896,1791212814.5625558
Key.space,1791212814.5870178,1791212814.7226396
f,1791212814.6884737,1791212814.8167036
r,1791212814.9156823,1791212815.033456
o,1791212815.063809,1791212815.127233
m,1791212815.226595,1791212815.292629
Key.space,1791212815.245158,1791212815.3779662
s,1791212815.379964,1791212815.475591
h,1791212815.5056024,1791212815.591512
e,1791212815.5847065,1791212815.7046165
Key.space,1791212815.6904354,1791212815.8334644
s,1791212815.8016171,1791212815.8751533
t,1791212816.1595592,1791212816.2592325
a,1791212816.3255541,1791212816.4673316
t,1791212816.5354538,1791212816.5644643
r,1791212816.5169706,1791212816.627846
Key.backspace,1791212816.8432443,1791212816.9273236
Key.backspace,1791212817.0014248,1791212817.1001463
t,1791212817.0715978,1791212817.1646776
e,1791212817.2372966,1791212817.3957868
Key.space,1791212817.3789854,1791212817.534893
f,1791212817.7592497,1791212817.8407016
Key.backspace,1791212818.0075738,1791212818.086472
r,1791212818.0890152,1791212818.223381
y,1791212818.2359188,1791212818.2511303
n,1791212818.4161394,1791212818.5092068
Key.backspace,1791212818.707104,1791212818.7557542
Key.backspace,1791212818.8590026,1791212818.924782
u,1791212819.1146915,1791212819.1872315
n,1791212819.2937624,1791212819.3797507
Key.space,1791212819.3578763,1791212819.5083807
f,1791212819.565919,1791212819.679693
o,1791212819.7232234,1791212819.8177211
Key.backspace,1791212820.0054996,1791212820.089236
r,1791212820.1092322,1791212820.2060156
o,1791212820.232715,1791212820.3078518
m,1791212820.412319,1791212820.4803028
Key.space,1791212820.4637609,1791212820.604688
p,1791212820.6417062,1791212820.7384787
e,1791212820.735411,1791212820.8281395
Key.backspace,1791212820.9835877,1791212821.0766826
r,1791212821.126255,1791212821.2397633
o,1791212821.2150521,1791212821.308452
n,1791212821.3807278,1791212821.4846776
b,1791212821.3832786,1791212821.4949677
Key.backspace,1791212821.7457576,1791212821.8065827
Key.backspace,1791212821.9083135,1791212821.986468
b,1791212822.2880385,1791212822.3916566
l,1791212822.4033718,1791212822.4846878
e,1791212822.5306132,1791212822.620647
m,1791212822.6346805,1791212822.7404883
Key.space,1791212822.7446742,1791212822.871787
w,1791212823.0386174,1791212823.172959
o,1791212823.226864,1791212823.3028812
u,1791212823.4161956,1791212823.491935
l,1791212823.621578,1791212823.7177136
d,1791212823.6980555,1791212823.774455
Key.space,1791212823.7755845,1791212823.937488
w,1791212823.9056218,1791212824.02623
r,1791212824.0272353,1791212824.1437216
i,1791212824.4882119,1791212824.58224
t,1791212824.5635238,1791212824.692002
e,1791212824.8047562,1791212824.9262712
Key.space,1791212824.9543755,1791212825.09161
p,1791212825.0616443,1791212825.1682231
l,1791212825.2799199,1791212825.3677793
a,1791212825.3509347,1791212825.4770555
c,1791212825.5249097,1791212825.6169136
3,1791212825.746832,1791212825.7724478
e,1791212825.749254,1791212825.8415184
Key.space,1791212825.8685875,1791212826.029288
Key.backspace,1791212826.1076672,1791212826.1685133
Key.backspace,1791212826.2495434,1791212826.3069892
Key.backspace,1791212826.3998015,1791212826.4709125
e,1791212826.4846323,1791212826.5865734
Key.space,1791212826.553073,1791212826.7085018
s,1791212826.6724856,1791212826.7893534
e,1791212826.7652698,1791212826.9084485
t,1791212826.996925,1791212827.0912533
Key.space,1791212827.1250236,1791212827.220978
h,1791212827.530119,1791212827.6718025
o,1791212827.6371543,1791212827.7317297
l,1791212827.8175056,1791212827.926472
d,1791212827.8998532,1791212828.0094552
Key.space,1791212827.9835255,1791212828.1092663
t,1791212828.209793,1791212828.3164504
h,1791212828.2911534,1791212828.3667293
i,1791212828.4700196,1791212828.5549107
n,1791212828.586865,1791212828.7117145
k,1791212828.7448857,1791212828.8313472
Key.space,1791212828.8193946,1791212828.975876
Key.space,1791212829.0001512,1791212829.0397377
t,1791212829.0018618,1791212829.1078022
e,1791212829.2456903,1791212829.3746967
l,1791212829.3707287,1791212829.4444752
l,1791212829.5373483,1791212829.6051242
Key.space,1791212829.6133428,1791212829.7767775
m,1791212829.7745075,1791212829.8612156
u,1791212829.9844563,1791212830.0573883
s,1791212830.069443,1791212830.1765037
Key.space,1791212830.3527756,1791212830.4844935
Key.backspace,1791212830.5684202,1791212830.6667886
t,1791212830.6675515,1791212830.800817
Key.space,1791212830.7782574,1791212830.902564
o,1791212831.0013475,1791212831.0852506
n,1791212831.1925242,1791212831.2604916
l,1791212831.3908534,1791212831.472928
u,1791212831.5232525,1791212831.5327706
y,1791212831.4864726,1791212831.5680084
Key.space,1791212831.6182215,1791212831.7568686
Key.backspace,1791212831.8537862,1791212831.9329128
Key.backspace,1791212832.0001001,1791212832.101776
Key.space,1791212832.2080333,1791212832.3561804
f,1791212832.3960426,1791212832.5436444
i,1791212832.5476365,1791212832.6512444
r,1791212832.6460452,1791212832.826253
s,1791212832.7904067,1791212832.9392517
t,1791212833.006229,1791212833.1513023
o,1791212833.1665163,1791212833.2914188
Key.space,1791212833.0513973,1791212833.3151789
e,1791212833.3045468,1791212833.4233956
r,1791212833.3099074,1791212833.4249
Key.backspace,1791212833.6428845,1791212833.7433927
Key.backspace,1791212833.8105464,1791212833.9046028
r,1791212833.855419,1791212833.9653904
d,1791212834.0572872,1791212834.1701357
e,1791212834.2334402,1791212834.3460257
r,1791212834.413342,1791212834.5203428
Key.space,1791212834.5046508,1791212834.6346972
s,1791212834.6331933,1791212834.7285185
e,1791212834.753126,1791212834.880702
e,1791212834.967289,1791212835.1035705
m,1791212835.1106627,1791212835.202991
Key.space,1791212835.1510174,1791212835.3249183
e,1791212835.2390516,1791212835.385733
e,1791212835.529231,1791212835.6646657
a,1791212835.6268399,1791212835.7445052
Key.backspace,1791212835.935887,1791212835.9994667
Key.backspace,1791212836.0777335,1791212836.1694784
a,1791212836.1855645,1791212836.3437016
r,1791212836.4109125,1791212836.564582
l,1791212836.7139072,1791212836.829954
y,1791212836.8453968,1791212836.9687877
Key.space,1791212837.0940752,1791212837.2281833
g,1791212837.7284946,1791212837.8161788
e,1791212837.8173115,1791212837.9329317
n,1791212837.959073,1791212838.084889
e,1791212838.0049732,1791212838.1413305
r,1791212838.2727287,1791212838.4197636
a,1791212838.4014678,1791212838.5009327
l,1791212838.4949062,1791212838.6045072
Key.space,1791212838.611137,1791212838.7763956
d,1791212838.7150075,1791212838.8552697
a,1791212838.8250556,1791212838.94669
t,1791212839.0153248,1791212839.1368296
Key.backspace,1791212839.3212056,1791212839.4186714
y,1791212839.409098,1791212839.5192683
Key.space,1791212839.7188451,1791212839.8701358
a,1791212839.8363197,1791212839.9866214
l,1791212839.9617362,1791212840.0632453
s,1791212840.0954509,1791212840.2101362
o,1791212840.202026,1791212840.2735415
Key.space,1791212840.2552152,1791212840.4168477
m,1791212840.4024355,1791212840.4762225
u,1791212840.6065257,1791212840.6950505
c,1791212840.7289073,1791212840.8512466
h,1791212840.8159256,1791212840.9020169
Key.space,1791212840.8693116,1791212840.9938426
a,1791212840.9819443,1791212841.1077363
t,1791212841.1057317,1791212841.2184868
Key.space,1791212841.2396197,1791212841.377556
w,1791212841.3398252,1791212841.4601123
h,1791212841.3795602,1791212841.4703343
i,1791212841.5860894,1791212841.6868079
l,1791212841.8446958,1791212841.9784367
e,1791212842.0564027,1791212842.1865654
Key.space,1791212842.1589968,1791212842.274567
v,1791212842.3431246,1791212842.432314
e,1791212842.4237943,1791212842.5125422
r,1791212842.5828054,1791212842.7085297
y,1791212842.6351967,1791212842.7228053
Key.space,1791212842.766639,1791212842.9272084
d,1791212842.9615061,1791212843.0935543
u,1791212843.1068344,1791212843.1669986
r,1791212843.2232025,1791212843.404366
i,1791212843.3618145,1791212843.4450507
n,1791212843.5444613,1791212843.65082
g,1791212843.6067312,1791212843.7504628
Key.space,1791212843.7448606,1791212843.8901575
s,1791212843.8749943,1791212844.0007358
u,1791212844.006683,1791212844.093822
c,1791212844.1394103,1791212844.2604413
h,1791212844.2812643,1791212844.3518016
n,1791212844.2827466,1791212844.3554127
Key.space,1791212844.3619704,1791212844.5218515
Key.backspace,1791212844.6082659,1791212844.6772861
Key.backspace,1791212844.7597814,1791212844.839479
Key.space,1791212844.8560638,1791212844.9809742
o,1791212844.95766,1791212845.0760922
f,1791212845.0874615,1791212845.209374
Key.space,1791212845.1974628,1791212845.3298118
w,1791212845.3203642,1791212845.455554
e,1791212845.430345,1791212845.594797
e,1791212845.68241,1791212845.750131
Key.space,1791212845.6310434,1791212845.7932029
l,1791212845.8017435,1791212845.9181502
i,1791212846.0076654,1791212846.0865405
Key.backspace,1791212846.2247665,1791212846.2929144
Key.backspace,1791212846.3748515,1791212846.4429793
Key.backspace,1791212846.5428963,1791212846.6267292
l,1791212846.7077966,1791212846.778662
i,1791212846.8852587,1791212846.9829643
t,1791212846.9490526,1791212847.024523
t,1791212847.0987704,1791212847.2149339
l,1791212847.2564578,1791212847.3569655
e,1791212847.320637,1791212847.454798
Key.space,1791212847.4344695,1791212847.5512314
g,1791212847.6763816,1791212847.8023937
o,1791212847.720932,1791212847.8155177
v,1791212847.9933069,1791212848.1249406
e,1791212848.238861,1791212848.3361683
r,1791212848.4519424,1791212848.5637193
n,1791212848.6955004,1791212848.7954416
Key.space,1791212848.7798994,1791212848.9120903
o,1791212848.9936707,1791212849.084459
r,1791212849.0762968,1791212849.1822767
Key.space,1791212849.204395,1791212849.3518655
s,1791212849.317238,1791212849.4488285
a,1791212849.4098897,1791212849.545706
m,1791212849.5890334,1791212849.697998
e,1791212849.7677906,1791212849.9094396
Key.space,1791212849.8823347,1791212850.0099163
t,1791212850.557225,1791212850.6770113
h,1791212850.6685934,1791212850.7483675
e,1791212850.7643788,1791212850.875263
r,1791212850.9404457,1791212851.0246668
e,1791212851.0904193,1791212851.1894462
Key.space,1791212851.1548615,1791212851.2987049
h,1791212851.273112,1791212851.346457
e,1791212851.2998338,1791212851.410704
r,1791212851.4690027,1791212851.5443795
e,1791212851.6130204,1791212851.7265353
Key.space,1791212851.6945143,1791212851.8468175
l,1791212851.8033316,1791212851.8948145
a,1791212851.8787904,1791212852.0244772
r,1791212851.9991465,1791212852.112926
g,1791212852.1372857,1791212852.2343662
e,1791212852.2632594,1791212852.366858
Key.space,1791212852.3571358,1791212852.5019588
m,1791212852.4518976,1791212852.5804472
a,1791212852.5497293,1791212852.6554773
y,1791212852.73128,1791212852.8369935
Key.space,1791212852.8748958,1791212853.0149944
a,1791212853.0644813,1791212853.1777897
Key.space,1791212853.3178744,1791212853.454397
g,1791212853.62235,1791212853.720829
r,1791212853.8330772,1791212853.9682982
e,1791212854.031679,1791212854.1927972
t,1791212854.187282,1791212854.273445
a,1791212854.1521015,1791212854.295555
Key.space,1791212854.351641,1791212854.537973
c,1791212854.4999187,1791212854.621017
h,1791212854.738605,1791212854.8546777
o,1791212855.1685884,1791212855.2650418
l,1791212855.3484719,1791212855.4450638
Key.backspace,1791212855.5944676,1791212855.6527746
Key.backspace,1791212855.7370636,1791212855.806898
i,1791212856.024519,1791212856.1007195
.,1791212856.2046087,1791212856.2610433
l,1791212856.194969,1791212856.2657483
d,1791212856.249398,1791212856.3789537
Key.space,1791212856.3644457,1791212856.535961
Key.backspace,1791212856.6023579,1791212856.666322
Key.backspace,1791212856.7533722,1791212856.826219
Key.backspace,1791212857.0178628,1791212857.0816407
d,1791212857.2066998,1791212857.3372746
Key.space,1791212857.2499638,1791212857.416268
w,1791212857.4406877,1791212857.5918014
e,1791212857.5593731,1791212857.721574
Key.space,1791212857.704516,1791212857.8391402
f,1791212857.9620786,1791212858.065688
e,1791212858.1653802,1791212858.323861
w,1791212858.2590883,1791212858.4010253
Key.space,1791212858.3755236,1791212858.5202112
o,1791212858.630121,1791212858.7256403
w,1791212858.9289522,1791212859.0569837
n,1791212859.0725129,1791212859.1683366
Key.space,1791212859.1748207,1791212859.3024933
l,1791212859.3713,1791212859.4481015
i,1791212859.550739,1791212859.6249223
f,1791212859.6064658,1791212859.7088869
e,1791212859.7995403,1791212859.913002
Key.space,1791212859.8911304,1791212860.003054
l,1791212860.0004838,1791212860.084882
e,1791212860.2522104,1791212860.379218
a,1791212860.3812132,1791212860.492662
v,1791212860.548647,1791212860.6604428
e,1791212860.690981,1791212860.8066826
Key.space,1791212860.774747,1791212860.902297
s,1791212861.0427577,1791212861.1496978
h,1791212861.2481055,1791212861.3619542
o,1791212861.341794,1791212861.4158864
u,1791212861.524418,1791212861.583771
l,1791212861.7322176,1791212861.8358843
d,1791212861.8556519,1791212861.9751027
Key.space,1791212861.9692724,1791212862.0976627
c,1791212863.0247483,1791212863.1710453
o,1791212863.0926516,1791212863.1729114
m,1791212863.2624652,1791212863.338917
e,1791212863.3409247,1791212863.4890347
Key.space,1791212863.464873,1791212863.6008117
s,1791212863.8907435,1791212863.9931946
h,1791212864.1268349,1791212864.1967525
e,1791212864.2186546,1791212864.3273475
Key.space,1791212864.3065364,1791212864.4562194
s,1791212864.4320421,1791212864.506229
t,1791212864.5820532,1791212864.6968226
i,1791212864.660708,1791212864.7331738
l,1791212864.8248508,1791212864.9049175
l,1791212864.9846811,1791212865.0563562
Key.space,1791212865.077288,1791212865.2191265
k,1791212865.632211,1791212865.7180252
e,1791212865.7414222,1791212865.8201914
e,1791212865.9051905,1791212866.0343797
p,1791212866.1045089,1791212866.1992483
Key.space,1791212866.2474835,1791212866.429826
c,1791212866.415774,1791212866.5368838
a,1791212866.4898658,1791212866.6130333
n,1791212866.6145377,1791212866.6875293
Key.space,1791212866.7551084,1791212866.8724663
s,1791212866.881684,1791212866.9998362
c,1791212867.0946558,1791212867.2135859
h,1791212867.3421426,1791212867.4589477
o,1791212867.464497,1791212867.5363648
o,1791212867.6231291,1791212867.7046256
l,1791212867.8213534,1791212867.9132314
Key.space,1791212867.9327664,1791212868.083079
o,1791212868.0293558,1791212868.0989425
n,1791212868.2087257,1791212868.286834
Key.space,1791212868.341294,1791212868.4685795
t,1791212868.570989,1791212868.687015
h,1791212868.6876082,1791212868.7711906
r,1791212868.8068316,1791212868.9286504
o,1791212868.946759,1791212869.0629342
u,1791212869.1795554,1791212869.2868094
g,1791212869.341307,1791212869.4272501
h,1791212869.431777,1791212869.512818
Key.space,1791212869.5559552,1791212869.6943026
g,1791212869.8032188,1791212869.8979218
r,1791212869.882105,1791212869.9851003
e,1791212870.0684514,1791212870.2006435
a,1791212870.165604,1791212870.2761693
t,1791212870.214164,1791212870.2871315
Key.space,1791212870.3758311,1791212870.5081096
w,1791212870.4919958,1791212870.6283824
o,1791212870.6375499,1791212870.719431
r,1791212871.0162666,1791212871.1363158
l,1791212871.1975012,1791212871.271269
d,1791212871.3593369,1791212871.471359
Key.space,1791212871.4490116,1791212871.5992422
y,1791212872.0986667,1791212872.2027307
o,1791212872.1651788,1791212872.2480457
u,1791212872.3514762,1791212872.4172003
Key.space,1791212872.4417741,1791212872.5707252
s,1791212872.6892133,1791212872.8094027
e,1791212872.8535552,1791212872.9253328
e,1791212873.019239,1791212873.1387703
m,1791212873.2085958,1791212873.295508
Key.space,1791212873.2830098,1791212873.4192145
s,1791212873.3773746,1791212873.5290446
a,1791212873.5036242,1791212873.6348405
m,1791212873.566015,1791212873.6534767
e,1791212873.6695812,1791212873.7981083
Key.space,1791212873.7875643,1791212873.9141505
m,1791212873.853728,1791212873.9436812
a,1791212873.96139,1791212874.0758162
n,1791212874.0679245,1791212874.167562
y,1791212874.1933265,1791212874.31241
Key.space,1791212874.3244405,1791212874.447398
p,1791212874.4198666,1791212874.48337
l,1791212874.5740705,1791212874.6680558
a,1791212874.6075017,1791212874.7154145
y,1791212874.8087924,1791212874.9392316
Key.space,1791212874.9736993,1791212875.1317391
w,1791212875.175998,1791212875.251627
Key.backspace,1791212875.4008048,1791212875.4803653
c,1791212875.4968414,1791212875.6108384
o,1791212875.5924766,1791212875.6852052
u,1791212875.8019004,1791212875.8751671
l,1791212875.9951422,1791212876.1056259
d,1791212876.4253714,1791212876.5485208
y,1791212876.701034,1791212876.7886467
t,1791212876.6985354,1791212876.7944205
Key.space,1791212876.8142846,1791212876.92679
Key.backspace,1791212877.1707375,1791212877.2407198
Key.backspace,1791212877.3209662,1791212877.3945057
Key.backspace,1791212877.4985309,1791212877.561682
Key.space,1791212877.7657568,1791212877.9303226
m,1791212877.9177942,1791212878.006007
a,1791212878.0385346,1791212878.1500719
n,1791212878.1511564,1791212878.2346048
y,1791212878.2872074,1791212878.3838558
Key.space,1791212878.513553,1791212878.6474233
t,1791212879.1776314,1791212879.309236
h,1791212879.3358338,1791212879.4035308
i,1791212879.5023017,1791212879.576583
n,1791212879.5987387,1791212879.7092042
k,1791212879.7310233,1791212879.8253112
Key.backspace,1791212880.1984067,1791212880.2668295
g,1791212880.2105327,1791212880.3485632
Key.space,1791212880.3569207,1791212880.4885495
t,1791212880.523369,1791212880.662785
u,1791212880.6416326,1791212880.7205205
r,1791212880.8003457,1791212880.905025
n,1791212880.9090252,1791212881.0015156
Key.space,1791212881.0246196,1791212881.175465
c,1791212881.2805614,1791212881.368303
o,1791212881.3531382,1791212881.466835
u,1791212881.86832,1791212881.947611
r,1791212881.9496195,1791212882.071675
s,1791212882.1292655,1791212882.26693
e,1791212882.231581,1791212882.3880548
Key.space,1791212882.338315,1791212882.5173268
w,1791212882.4195702,1791212882.5475416
o,1791212882.5274112,1791212882.6093855
r,1791212882.6495237,1791212882.7813132
l,1791212882.755954,1791212882.8644602
Key.space,1791212882.8815868,1791212883.0139139
Key.backspace,1791212883.2147827,1791212883.2713103
Key.backspace,1791212883.3669183,1791212883.4293406
l,1791212883.558277,1791212883.6527052
Key.space,1791212883.7465873,1791212883.874825
a,1791212883.8332975,1791212883.9063056
Key.backspace,1791212884.0205705,1791212884.0608559
Key.backspace,1791212884.1627398,1791212884.2185047
Key.backspace,1791212884.308826,1791212884.4066682
k,1791212884.6804671,1791212884.7550838
Key.space,1791212884.7668405,1791212884.9164817
a,1791212884.878881,1791212884.9942396
l,1791212885.028658,1791212885.0829086
l,1791212885.1492302,1791212885.2270184
Key.space,1791212885.2427356,1791212885.3970623
l,1791212885.3485737,1791212885.4408374
i,1791212885.5509908,1791212885.6467345
f,1791212885.6070766,1791212885.7056046
e,1791212885.8223126,1791212885.9659393
Key.space,1791212885.977638,1791212886.157491
a,1791212886.107534,1791212886.2784207
s,1791212886.212063,1791212886.3559175
k,1791212886.316363,1791212886.423805
Key.space,1791212886.4337454,1791212886.5865855
m,1791212886.5865855,1791212886.6634567
i,1791212886.8008902,1791212886.8882055
g,1791212886.908904,1791212886.9840453
h,1791212887.0335307,1791212887.133444
t,1791212887.1088686,1791212887.207977
Key.space,1791212887.2435338,1791212887.3637197
w,1791212887.3676772,1791212887.447405
Key.backspace,1791212887.627722,1791212887.689162
o,1791212887.892863,1791212887.9833288
l,1791212888.0710177,1791212888.1532362
d,1791212888.1263819,1791212888.2298944
Key.space,1791212888.2393987,1791212888.3505912
h,1791212888.506534,1791212888.5884664
a,1791212888.620531,1791212888.7385828
n,1791212888.7267592,1791212888.8331661
d,1791212888.840577,1791212888.9624403
Key.space,1791212888.922837,1791212889.0540874
t,1791212889.1552637,1791212889.2384746
Key.backspace,1791212889.4752676,1791212889.5272152
n,1791212889.6691735,1791212889.7421834
o,1791212889.8632245,1791212889.9516556
t,1791212889.930574,1791212890.029647
Key.space,1791212890.0482364,1791212890.1919606
e,1791212890.2354612,1791212890.377619
a,1791212890.3513083,1791212890.4860716
c,1791212890.506265,1791212890.6523292
h,1791212890.6386502,1791212890.7204032
Key.space,1791212890.7340484,1791212890.9007533
o,1791212891.1756704,1791212891.2674174
w,1791212891.2892969,1791212891.3913603
n,1791212891.4497027,1791212891.5278428
Key.space,1791212891.5233653,1791212891.6541154
j,1791212891.6962678,1791212891.7376862
t,1791212891.9297445,1791212891.9483259
Key.backspace,1791212892.0117133,1791212892.1064148
Key.backspace,1791212892.261696,1791212892.3690407
t,1791212892.3795547,1791212892.480584
h,1791212892.5236053,1791212892.5785847
o,1791212892.7150545,1791212892.8079388
s,1791212892.8029454,1791212892.9528258
e,1791212892.8904047,1791212893.0372775
Key.space,1791212892.987087,1791212893.15648
j,1791212893.1094053,1791212893.1971962
u,1791212893.2963252,1791212893.3827944
s,1791212893.363822,1791212893.47464
t,1791212893.53141,1791212893.6551182
Key.space,1791212893.6622877,1791212893.8190975
n,1791212894.3562832,1791212894.453293
u,1791212894.6534324,1791212894.7433758
m,1791212895.38646,1791212895.391822
",",1791212895.5489948,1791212895.6324017
Key.backspace,1791212895.9183187,1791212895.9838383
b,1791212896.1470346,1791212896.2443192
e,1791212896.225205,1791212896.3064315
r,1791212896.3820777,1791212896.494513
Key.space,1791212896.4766195,1791212896.592884
g,1791212896.7765598,1791212896.8988886
o,1791212896.881052,1791212896.9788396
v,1791212897.2607784,1791212897.3645673
e,1791212897.3350012,1791212897.4247704
r,1791212897.4828732,1791212897.602239
n,1791212897.5951881,1791212897.6804655
Key.space,1791212897.6525161,1791212897.8407116
e,1791212897.8506453,1791212898.0069509
a,1791212897.9563377,1791212898.086294
w,1791212898.1037061,1791212898.1717978
Key.esc,1791212898.5698638,1791212898.641647
Key.esc,1791212943.8715725,1791212943.950947
w,1791212958.559942,1791212958.6745348
h,1791212958.6844447,1791212958.7663543
e,1791212958.7225733,1791212958.8122916
r,1791212958.9025238,1791212958.9831212
e,1791212959.0565746,1791212959.2030396
h,1791212959.2226148,1791212959.2929857
Key.space,1791212959.1560986,1791212959.305027
o,1791212959.4167624,1791212959.4843807
",",1791212959.5841334,1791212959.625155
m,1791212959.5709865,1791212959.6352036
e,1791212959.637853,1791212959.754839
Key.space,1791212959.7163668,1791212959.863106
m,1791212959.7727761,1791212959.8846052
Key.backspace,1791212960.044395,1791212960.1027412
Key.backspace,1791212960.183213,1791212960.2503834
Key.backspace,1791212960.339053,1791212960.4007015
Key.backspace,1791212960.4926052,1791212960.558926
e,1791212960.5778453,1791212960.6716404
Key.space,1791212960.6575315,1791212960.767057
m,1791212960.7261257,1791212960.815876
u,1791212960.948004,1791212961.025739
s,1791212961.0551689,1791212961.1416864
t,1791212961.1594484,1791212961.30213
Key.space,1791212961.2763658,1791212961.411365
k,1791212961.3313518,1791212961.4300077
e,1791212961.44167,1791212961.5516374
e,1791212961.6356184,1791212961.7713182
p,1791212961.724195,1791212961.8210466
Key.space,1791212961.8292494,1791212962.0172563
t,1791212961.9116693,1791212962.069136
a,1791212962.0497549,1791212962.1708648
k,1791212962.1459749,1791212962.2275991
e,1791212962.2314093,1791212962.3651874
Key.space,1791212962.346449,1791212962.4334416
o,1791212962.378037,1791212962.4630988
n,1791212962.5771444,1791212962.6751766
e,1791212962.6303139,1791212962.756473
Key.space,1791212962.7705214,1791212962.9068193
f,1791212962.8743265,1791212962.9930282
d,1791212962.8793254,1791212962.9940364
Key.backspace,1791212963.2406254,1791212963.3283925
e,1791212963.3885992,1791212963.562482
w,1791212963.498406,1791212963.643005
Key.space,1791212963.6267703,1791212963.7770905
a,1791212963.8513303,1791212963.9458127
n,1791212963.9507375,1791212964.0171335
o,1791212964.140519,1791212964.2187364
t,1791212964.2756183,1791212964.374144
h,1791212964.368738,1791212964.447734
e,1791212964.4810917,1791212964.5635257
r,1791212964.6473176,1791212964.7263832
Key.space,1791212964.7129393,1791212964.856301
o,1791212964.9364464,1791212965.0122473
c,1791212964.9002671,1791212965.0216317
u,1791212965.1205502,1791212965.1762087
l,1791212965.283767,1791212965.383742
d,1791212965.3338313,1791212965.4683943
Key.space,1791212965.4814534,1791212965.5953639
i,1791212965.550414,1791212965.6235275
t,1791212965.6827965,1791212965.7887952
Key.space,1791212965.783103,1791212965.8812997
a,1791212965.8637273,1791212965.9937913
h,1791212966.037812,1791212966.1394565
g,1791212966.0500112,1791212966.155586
i,1791212966.2166784,1791212966.2837706
a,1791212966.17652,1791212966.2934387
Key.backspace,1791212966.403815,1791212966.4692745
Key.backspace,1791212966.5636256,1791212966.6193843
Key.backspace,1791212966.7232661,1791212966.7745786
Key.backspace,1791212966.8647656,1791212966.9204245
g,1791212966.9771268,1791212967.0794044
a,1791212967.0804026,1791212967.1992903
i,1791212967.1405568,1791212967.2146888
n,1791212967.3161876,1791212967.391059
Key.space,1791212967.412839,1791212967.5487814
w,1791212967.5909605,1791212967.7149518
i,1791212967.7108116,1791212967.7905526
t,1791212967.8311527,1791212967.964991
h,1791212967.9149504,1791212967.9807181
o,1791212968.0925198,1791212968.1842606
u,1791212968.279107,1791212968.359161
t,1791212968.3385801,1791212968.447009
Key.space,1791212968.434371,1791212968.557129
m,1791212968.5112925,1791212968.599204
u,1791212968.705685,1791212968.7919593
c,1791212968.8264713,1791212968.934159
h,1791212968.916541,1791212968.9954839
Key.space,1791212968.9714222,1791212969.1430962
f,1791212969.0894394,1791212969.212092
o,1791212969.1884043,1791212969.2757952
r,1791212969.2979329,1791212969.4507976
o,1791212969.4416976,1791212969.5079014
Key.space,1791212969.4177406,1791212969.5634098
p,1791212969.591262,1791212969.6835446
e,1791212969.691927,1791212969.8095634
n,1791212969.8331432,1791212969.9058018
Key.space,1791212969.9068713,1791212970.0440946
a,1791212970.0979893,1791212970.2085462
Key.space,1791212970.232145,1791212970.366845
k,1791212970.3360322,1791212970.4232762
e,1791212970.4155512,1791212970.4903443
e,1791212970.575423,1791212970.679546
p,1791212970.7442722,1791212970.8114228
Key.space,1791212970.8927622,1791212971.0110927
n,1791212971.0286324,1791212971.1049688
e,1791212971.088791,1791212971.1649754
e,1791212971.2368908,1791212971.3492014
t,1791212971.5205376,1791212971.6375575
Key.backspace,1791212971.7696068,1791212971.8507078
d,1791212971.8584757,1791212971.9792686
Key.space,1791212971.9543188,1791212972.0687962
g,1791212972.3162138,1791212972.4243538
o,1791212972.4362998,1791212972.5009375
v,1791212972.7030094,1791212972.7800276
e,1791212972.776071,1791212972.8605826
r,1791212972.9334855,1791212973.050396
n,1791212973.0301318,1791212973.1242235
Key.space,1791212973.1864955,1791212973.3117285
t,1791212973.3272088,1791212973.4294753
e,1791212973.5176778,1791212973.6279871
l,1791212973.6123219,1791212973.662245
l,1791212973.7483609,1791212973.8274627
Key.space,1791212973.8478124,1791212973.9761589
o,1791212974.0431106,1791212974.123633
v,1791212974.2563164,1791212974.3375442
e,1791212974.312405,1791212974.388024
r,1791212974.4619951,1791212974.5874746
Key.space,1791212974.5654132,1791212974.6957781
o,1791212974.6711535,1791212974.7559395
n,1791212974.9610288,1791212975.0348349
l,1791212975.185286,1791212975.2703936
u,1791212975.250266,1791212975.3538992
Key.space,1791212975.4424953,1791212975.5695195
Key.backspace,1791212975.7106872,1791212975.7747707
w,1791212975.821709,1791212975.9420722
Key.backspace,1791212976.324196,1791212976.3960764
Key.space,1791212976.5453002,1791212976.6146379
Key.backspace,1791212976.662427,1791212976.7532306
Key.backspace,1791212976.8310637,1791212976.9210045
y,1791212976.9025197,1791212977.0079644
Key.space,1791212977.0175614,1791212977.201871
w,1791212977.1797245,1791212977.3496754
a,1791212977.2965672,1791212977.4244237
y,1791212977.3442264,1791212977.4273703
Key.space,1791212977.5096204,1791212977.651577
s,1791212977.6340055,1791212977.7537198
i,1791212977.7195985,1791212977.793595
n,1791212977.8923583,1791212977.9846556
Key.space,1791212977.9681518,1791212978.0272267
c,1791212977.9667637,1791212978.0493033
c,1791212978.1617124,1791212978.1676655
Key.backspace,1791212978.313147,1791212978.3987095
Key.backspace,1791212978.4737937,1791212978.5542774
e,1791212978.7721324,1791212978.8652637
Key.space,1791212978.8586156,1791212978.991609
i,1791212978.9490068,1791212979.028524
n,1791212979.1354978,1791212979.207833
t,1791212979.1506975,1791212979.2452657
e,1791212979.3580632,1791212979.4330015
r,1791212979.5340416,1791212979.6147559
e,1791212979.6967795,1791212979.8523252
s,1791212979.8027682,1791212979.9350066
t,1791212979.996768,1791212980.1333535
m,1791212980.1547878,1791212980.2454965
Key.space,1791212980.1266303,1791212980.2773728
o,1791212980.4846456,1791212980.5839832
s,1791212980.5789738,1791212980.6760814
y,1791212980.7929692,1791212980.8672657
t,1791212980.7952096,1791212980.8745816
Key.space,1791212980.9080799,1791212981.0448625
Key.backspace,1791212981.3776991,1791212981.4475493
Key.backspace,1791212981.5249093,1791212981.5996451
Key.backspace,1791212981.7762759,1791212981.8749173
t,1791212981.8889697,1791212981.9777405
Key.space,1791212981.9435349,1791212982.0840938
n,1791212982.1155546,1791212982.1931093
e,1791212982.1581771,1791212982.2537537
e,1791212982.3273091,1791212982.4215047
d,1791212982.528586,1791212982.646184
Key.space,1791212982.6328373,1791212982.7594469
o,1791212982.7440379,1791212982.8314548
f,1791212982.8738654,1791212982.9797187
Key.space,1791212982.9576151,1791212983.0949788
f,1791212983.0903003,1791212983.2406194
o,1791212983.174459,1791212983.3269086
r,1791212983.4148593,1791212983.5342114
m,1791212983.6506674,1791212983.7662098
Key.space,1791212983.7994378,1791212983.945233
a,1791212984.0516193,1791212984.158355
b,1791212984.294331,1791212984.4127982
o,1791212984.3988867,1791212984.4905086
u,1791212984.6097198,1791212984.6669364
t,1791212984.6943786,1791212984.808395
Key.space,1791212984.8104079,1791212984.942427
c,1791212985.6554663,1791212985.7816522
h,1791212985.9060218,1791212985.9959347
i,1791212986.002937,1791212986.080343
l,1791212986.1695127,1791212986.2674677
d,1791212986.2920768,1791212986.3919554
Key.space,1791212986.3736918,1791212986.505582
n,1791212986.5174334,1791212986.6019576
o,1791212986.7289596,1791212986.82384
Key.space,1791212986.8054285,1791212986.9479058
s,1791212986.9093084,1791212987.0223856
c,1791212987.1090188,1791212987.2142599
h,1791212987.374755,1791212987.4287903
j,1791212987.3344474,1791212987.4366846
o,1791212987.432495,1791212987.4989212
Key.backspace,1791212987.6470523,1791212987.7205427
Key.backspace,1791212987.8018706,1791212987.8764403
Key.backspace,1791212987.9502978,1791212988.0284054
h,1791212988.3324249,1791212988.4105415
o,1791212988.4084823,1791212988.4687562
o,1791212988.5370543,1791212988.6075194
l,1791212988.713071,1791212988.8077002
Key.space,1791212988.792649,1791212988.9404142
o,1791212988.9350517,1791212988.9683359
Key.backspace,1791212989.204106,1791212989.2891986
w,1791212989.297173,1791212989.399421
h,1791212989.4137897,1791212989.495878
e,1791212989.5484774,1791212989.6608424
n,1791212989.6326,1791212989.7177088
Key.space,1791212989.799769,1791212989.945785
w,1791212989.963266,1791212990.0252438
Key.backspace,1791212990.143673,1791212990.2494674
t,1791212990.4165177,1791212990.5135567
i,1791212990.4955058,1791212990.5607157
m,1791212990.6641517,1791212990.7517817
e,1791212990.6917229,1791212990.8233662
Key.space,1791212990.791295,1791212990.9413989
w,1791212990.9834797,1791212991.0822535
Key.backspace,1791212991.3105075,1791212991.3887577
m,1791212991.504401,1791212991.5848413
o,1791212991.7147272,1791212991.7886214
v,1791212991.7404172,1791212991.8364828
e,1791212991.949658,1791212992.0650144
Key.space,1791212992.0518007,1791212992.1863067
h,1791212992.4727159,1791212992.5441823
e,1791212992.558879,1791212992.668531
Key.space,1791212992.6923196,1791212992.842657
f,1791212993.0906234,1791212993.1624694
a,1791212993.145584,1791212993.2914135
c,1791212993.2841032,1791212993.4377038
t,1791212993.4116397,1791212993.4954977
Key.space,1791212993.5662506,1791212993.710477
u,1791212993.9162369,1791212993.9996467
n,1791212994.106217,1791212994.197874
d,1791212994.3501904,1791212994.4938688
e,1791212994.5657291,1791212994.6655214
r,1791212994.7661226,1791212994.8790045
Key.space,1791212994.901775,1791212994.9638796
v,1791212994.9855967,1791212995.0902917
e,1791212995.0835412,1791212995.183678
r,1791212995.2387016,1791212995.3714797
y,1791212995.3149974,1791212995.4001145
Key.space,1791212995.4587786,1791212995.5968294
f,1791212995.5439286,1791212995.7322345
i,1791212995.6708233,1791212995.7746537
n,1791212995.8633728,1791212995.9386082
d,1791212995.91531,1791212996.0403786
Key.space,1791212996.0184627,1791212996.1205468
p,1791212996.1210508,1791212996.1648753
o,1791212996.1185465,1791212996.180453
Key.backspace,1791212996.5121825,1791212996.6031477
d,1791212996.6227214,1791212996.733148
Key.backspace,1791212996.99472,1791212997.0946667
r,1791212997.066386,1791212997.1807497
d,1791212997.2788286,1791212997.3943753
e,1791212997.4531171,1791212997.567797
r,1791212997.6491225,1791212997.7809618
Key.space,1791212997.8035922,1791212997.9740157
t,1791212997.9416778,1791212998.0490925
h,1791212998.0915303,1791212998.1773224
a,1791212998.4858303,1791212998.5851245
n,1791212998.5939188,1791212998.6609848
Key.space,1791212998.7031243,1791212998.8203616
h,1791212998.8622198,1791212998.9387462
p,1791212999.076302,1791212999.141051
o,1791212999.0979075,1791212999.141051
w,1791212999.1877751,1791212999.2858965
Key.backspace,1791212999.4120011,1791212999.4657178
Key.backspace,1791212999.570877,1791212999.6342149
Key.backspace,1791212999.9010546,1791212999.977916
o,1791213000.0609124,1791213000.1584084
w,1791213000.1708558,1791213000.272779
Key.space,1791213000.2662563,1791213000.4032671
g,1791213000.5775716,1791213000.6743069
e,1791213000.690412,1791213000.7745245
t,1791213000.876447,1791213000.976203
Key.space,1791213000.9548137,1791213001.0644426
n,1791213001.103647,1791213001.1868117
o,1791213001.3427203,1791213001.4170487
Key.space,1791213001.4506056,1791213001.552424
b,1791213001.6662807,1791213001.7496748
e,1791213001.727661,1791213001.8119452
f,1791213001.929933,1791213002.0333557
o,1791213002.0737329,1791213002.143718
r,1791213002.1210058,1791213002.2225106
e,1791213002.299421,1791213002.408753
Key.space,1791213002.3955119,1791213002.5239115
c,1791213002.590663,1791213002.7176752
o,1791213002.6634605,1791213002.73197
n,1791213002.8442833,1791213002.8995094
s,1791213002.9050379,1791213002.997629
i,1791213003.1055064,1791213003.1614413
d,1791213003.0843866,1791213003.2179928
e,1791213003.333725,1791213003.4455104
Key.backspace,1791213003.5637822,1791213003.6321733
Key.backspace,1791213003.701241,1791213003.7906122
Key.backspace,1791213003.8726382,1791213003.9476237
i,1791213004.0792868,1791213004.1602857
s,1791213004.2914062,1791213004.393473
d,1791213004.392294,1791213004.5399253
Key.backspace,1791213004.6967404,1791213004.789151
Key.backspace,1791213004.859754,1791213004.9408
d,1791213004.9245615,1791213005.0168827
e,1791213005.0932884,1791213005.2290556
r,1791213005.2928417,1791213005.4111106
Key.space,1791213005.4225292,1791213005.550839
s,1791213005.5163586,1791213005.6210847
h,1791213005.6231408,1791213005.6851294
e,1791213005.9022038,1791213006.0194583
Key.space,1791213006.047659,1791213006.1539683
g,1791213006.4265273,1791213006.5180426
r,1791213006.6271093,1791213006.7398384
e,1791213006.8228667,1791213006.96829
a,1791213006.9312203,1791213007.0370548
t,1791213007.0016315,1791213007.074537
Key.space,1791213007.1841123,1791213007.3117216
t,1791213007.332313,1791213007.4434164
u,1791213007.4537504,1791213007.539423
r,1791213007.5603914,1791213007.669701
n,1791213007.6837645,1791213007.7706654
Key.space,1791213007.7783306,1791213007.9106417
f,1791213008.141552,1791213008.2664604
i,1791213008.2323472,1791213008.3023014
n,1791213008.4137537,1791213008.4665272
d,1791213008.4810722,1791213008.583834
Key.space,1791213008.5705817,1791213008.6865618
l,1791213008.6767786,1791213008.7607067
i,1791213008.8706522,1791213008.9490213
f,1791213008.9066107,1791213009.0050764
e,1791213009.0971243,1791213009.202796
Key.space,1791213009.184262,1791213009.3438103
w,1791213009.3147895,1791213009.4537463
o,1791213009.4086738,1791213009.5002599
r,1791213009.7543,1791213009.8589053
l,1791213009.9181366,1791213010.0040545
d,1791213010.0400736,1791213010.1496568
Key.space,1791213010.133846,1791213010.2417183
s,1791213010.5464776,1791213010.631637
i,1791213010.6203372,1791213010.6940613
n,1791213010.7740552,1791213010.8615284
c,1791213010.8316915,1791213010.921332
w,1791213011.0786853,1791213011.1158817
e,1791213011.0720704,1791213011.1842155
Key.space,1791213011.1877298,1791213011.3854756
g,1791213011.395602,1791213011.5314934
o,1791213011.5415695,1791213011.631577
v,1791213011.6666842,1791213011.757642
e,1791213011.8589249,1791213011.9489381
r,1791213012.0319245,1791213012.1491442
n,1791213012.1672344,1791213012.2529552
Key.space,1791213012.2866232,1791213012.4059958
p,1791213012.4707544,1791213012.5704563
e,1791213012.5955744,1791213012.7143424
i,1791213012.7222373,1791213012.7562659
o,1791213012.7107432,1791213012.786475
p,1791213012.8911996,1791213012.9769995
Key.backspace,1791213013.1323912,1791213013.1888156
Key.backspace,1791213013.2986012,1791213013.3621967
p,1791213013.4609978,1791213013.552256
l,1791213013.6443658,1791213013.7328146
e,1791213013.7542262,1791213013.8852336
Key.space,1791213013.8558877,1791213013.9851687
w,1791213014.0556133,1791213014.1313946
r,1791213014.1413615,1791213014.2555816
Key.backspace,1791213014.285694,1791213014.3473759
Key.backspace,1791213014.4077477,1791213014.507745
r,1791213014.4694633,1791213014.5838425
e,1791213014.6255488,1791213014.7781043
a,1791213014.7116165,1791213014.8395176
l,1791213014.8305638,1791213014.9393842
Key.space,1791213014.9656081,1791213015.1020584
w,1791213015.1847758,1791213015.2854497
h,1791213015.398285,1791213015.5112157
i,1791213015.4958832,1791213015.5579004
l,1791213015.6554723,1791213015.73394
e,1791213015.738794,1791213015.8694685
Key.space,1791213015.8488424,1791213015.9990907
w,1791213016.0712988,1791213016.2327962
a,1791213016.2348182,1791213016.3723712
n,1791213016.4250724,1791213016.5087855
y,1791213016.5505595,1791213016.634636
t,1791213016.5490904,1791213016.6543334
Key.space,1791213016.648021,1791213016.8029544
Key.backspace,1791213016.9307866,1791213016.999069
Key.backspace,1791213017.0708628,1791213017.1743507
Key.space,1791213017.212748,1791213017.3388197
n,1791213017.335642,1791213017.4047744
e,1791213017.4059675,1791213017.5168374
e,1791213017.5834196,1791213017.7054906
d,1791213017.802753,1791213017.9313147
Key.space,1791213017.9388258,1791213018.086286
f,1791213018.0704737,1791213018.1194708
d,1791213018.0684755,1791213018.1929665
a,1791213018.1616993,1791213018.308766
Key.backspace,1791213018.6194928,1791213018.6389885
=,1791213018.6094718,1791213018.653666
Key.backspace,1791213018.7557526,1791213018.826376
Key.backspace,1791213018.939555,1791213019.0133138
a,1791213019.1007984,1791213019.2052824
y,1791213019.272803,1791213019.3681474
Key.space,1791213019.414095,1791213019.5457346
g,1791213019.6333737,1791213019.7188487
f,1791213019.627584,1791213019.7359002
o,1791213019.75601,1791213019.8437264
Key.backspace,1791213019.9723372,1791213020.0436141
Key.backspace,1791213020.1254141,1791213020.195521
o,1791213020.2743938,1791213020.3765306
r,1791213020.350374,1791213020.474881
Key.space,1791213020.4549625,1791213020.5723116
m,1791213020.5265274,1791213020.6147225
u,1791213020.7303412,1791213020.818156
c,1791213020.859951,1791213021.0024998
h,1791213020.9684374,1791213021.0545256
Key.space,1791213021.0085068,1791213021.165095
b,1791213021.670686,1791213021.7507086
e,1791213021.7450135,1791213021.8285463
f,1791213021.9446328,1791213022.0596693
o,1791213022.0973322,1791213022.172794
r,1791213022.1467388,1791213022.2487717
e,1791213022.3174672,1791213022.4413118
Key.space,1791213022.4215562,1791213022.5638225
s,1791213022.5837958,1791213022.6814353
i,1791213022.623459,1791213022.6936052
Key.backspace,1791213022.878219,1791213022.923615
Key.backspace,1791213023.0157814,1791213023.0757782
i,1791213023.190255,1791213023.2717988
n,1791213023.357496,1791213023.433864
c,1791213023.395064,1791213023.4793916
r,1791213023.5835376,1791213023.6913865
e,1791213023.7982192,1791213023.935517
a,1791213023.9279385,1791213024.09965
s,1791213024.0256155,1791213024.1690316
e,1791213024.1035526,1791213024.2590249
Key.space,1791213024.2857058,1791213024.4096668
e,1791213024.506176,1791213024.6511068
a,1791213024.6141384,1791213024.7705932
r,1791213024.747124,1791213024.8872046
l,1791213024.897321,1791213025.0021453
y,1791213025.0667632,1791213025.120991
u,1791213025.0391455,1791213025.1248412
Key.backspace,1791213025.3407474,1791213025.4185457
Key.backspace,1791213025.4985015,1791213025.5888762
y,1791213025.559676,1791213025.6810422
Key.space,1791213025.7732458,1791213025.97411
r,1791213025.97311,1791213026.0802898
Key.backspace,1791213026.294591,1791213026.3942337
g,1791213026.4175184,1791213026.5218363
e,1791213026.6296568,1791213026.7305756
Key.backspace,1791213026.9178925,1791213027.00041
Key.backspace,1791213027.0927541,1791213027.1660535
f,1791213027.1781092,1791213027.264128
e,1791213027.3760412,1791213027.4306166
e,1791213027.5211167,1791213027.6189492
l,1791213027.6594112,1791213027.7454097
Key.space,1791213027.7754111,1791213027.903592
l,1791213027.884024,1791213027.9857635
e,1791213027.9632854,1791213028.0963168
a,1791213028.054312,1791213028.1831517
v,1791213028.1854072,1791213028.2953222
e,1791213028.2979114,1791213028.4302511
Key.space,1791213028.399289,1791213028.5405898
w,1791213028.5352886,1791213028.5904245
w,1791213028.6651828,1791213028.792202
o,1791213028.8888974,1791213028.970498
Key.backspace,1791213029.1043937,1791213029.1805325
Key.backspace,1791213029.2666378,1791213029.324975
o,1791213029.402577,1791213029.4842744
r,1791213029.5012522,1791213029.609593
l,1791213029.61711,1791213029.7271163
d,1791213029.720819,1791213029.85035
Key.space,1791213029.8388395,1791213029.9486458
t,1791213030.175178,1791213030.2810707
h,1791213030.2872798,1791213030.366339
i,1791213030.4827008,1791213030.562694
n,1791213030.6486409,1791213030.7779853
g,1791213030.8951192,1791213030.993544
Key.space,1791213031.060326,1791213031.1635253
l,1791213031.2760623,1791213031.3713188
e,1791213031.3638053,1791213031.5133488
a,1791213031.475588,1791213031.631081
d,1791213031.6160054,1791213031.747942
Key.space,1791213031.7489526,1791213031.880895
f,1791213032.1160932,1791213032.241424
o,1791213032.200626,1791213032.271297
l,1791213032.3649135,1791213032.4396982
l,1791213032.5253317,1791213032.5979738
o,1791213032.7092896,1791213032.7984047
w,1791213032.8043554,1791213032.9240599
Key.space,1791213032.9185421,1791213033.034875
b,1791213033.0408745,1791213033.1304636
a,1791213033.122521,1791213033.2180798
c,1791213033.2566998,1791213033.3686442
k,1791213033.5167248,1791213033.6174996
Key.space,1791213033.6531591,1791213033.773229
i,1791213033.7884288,1791213033.8590817
n,1791213033.9568439,1791213034.0341506
Key.space,1791213034.0463066,1791213034.15475
p,1791213034.2005918,1791213034.2730153
l,1791213034.3590062,1791213034.444409
a,1791213034.4969358,1791213034.6024911
n,1791213034.6165047,1791213034.6954985
Key.space,1791213034.759676,1791213034.8676083
m,1791213034.8683527,1791213034.9520302
o,1791213035.068667,1791213035.139627
s,1791213035.119016,1791213035.2317061
t,1791213035.266624,1791213035.3839552
Key.space,1791213035.3436396,1791213035.4641461
e,1791213035.4903946,1791213035.6176488
y,1791213035.6214821,1791213035.7155845
e,1791213035.6990967,1791213035.842203
Key.space,1791213035.8203554,1791213035.9393969
b,1791213035.9383893,1791213036.0372808
e,1791213036.0016935,1791213036.102032
c,1791213036.2172258,1791213036.3750026
y,1791213036.4351816,1791213036.5232623
a,1791213036.3547473,1791213036.5721512
s,1791213036.5337818,1791213036.7213764
e,1791213036.6797485,1791213036.760467
Key.space,1791213036.8149734,1791213036.9548671
f,1791213037.193248,1791213037.348802
o,1791213037.2849472,1791213037.3625417
l,1791213037.4431455,1791213037.5164208
l,1791213037.5888577,1791213037.6904054
o,1791213037.8108485,1791213037.8923557
w,1791213037.910492,1791213038.0187542
Key.space,1791213037.9966288,1791213038.1176589
u,1791213038.1307206,1791213038.187282
i,1791213038.1368744,1791213038.1879227
Key.backspace,1791213038.4749043,1791213038.540741
Key.backspace,1791213038.6190698,1791213038.698303
i,1791213038.7473016,1791213038.8731234
n,1791213038.9704485,1791213039.073508
c,1791213039.0240266,1791213039.1345289
r,1791213039.221916,1791213039.3273995
e,1791213039.3937802,1791213039.5335603
a,1791213039.493492,1791213039.6782212
s,1791213039.6079366,1791213039.7332032
e,1791213039.6896715,1791213039.8150232
Key.space,1791213039.795781,1791213039.9321923
l,1791213039.9377913,1791213040.0403328
a,1791213040.0505164,1791213040.1716747
t,1791213040.28794,1791213040.4203672
e,1791213040.524682,1791213040.6441822
Key.space,1791213040.6451821,1791213040.7653043
l,1791213040.7117279,1791213040.8014145
i,1791213040.9010355,1791213041.0027454
f,1791213040.9485354,1791213041.0406308
e,1791213041.1405787,1791213041.2479198
Key.space,1791213041.23682,1791213041.4063528
i,1791213041.3992276,1791213041.489114
n,1791213041.5743887,1791213041.65866
y,1791213041.707019,1791213041.7646346
t,1791213041.700903,1791213041.7842042
o,1791213041.7786775,1791213041.8687253
Key.space,1791213041.9062872,1791213042.02454
Key.backspace,1791213042.0853446,1791213042.154398
Key.backspace,1791213042.2294514,1791213042.2956557
Key.backspace,1791213042.384208,1791213042.4710798
o,1791213042.573906,1791213042.6620693
Key.space,1791213042.6605558,1791213042.813192
w,1791213043.0657961,1791213043.19394
i,1791213043.2014945,1791213043.2902827
t,1791213043.376131,1791213043.5213306
h,1791213043.4958458,1791213043.5837297
Key.space,1791213043.5666437,1791213043.723227
f,1791213043.6774428,1791213043.7902226
e,1791213043.8864906,1791213043.9636712
e,1791213044.0502973,1791213044.1822648
l,1791213044.2094305,1791213044.293168
Key.space,1791213044.326919,1791213044.4654434
i,1791213044.4295757,1791213044.493345
n,1791213044.6208334,1791213044.749244
t,1791213044.6734424,1791213044.7953858
r,1791213044.9295151,1791213045.0951161
Key.backspace,1791213045.306297,1791213045.4240234
e,1791213045.4184835,1791213045.5465965
r,1791213045.6424417,1791213045.773306
e,1791213045.840426,1791213046.0084314
s,1791213045.9492095,1791213046.0806923
t,1791213046.1244514,1791213046.228321
Key.space,1791213046.22062,1791213046.3602757
n,1791213046.3682015,1791213046.494207
a,1791213046.4041893,1791213046.5491154
t,1791213046.5925221,1791213046.7147737
i,1791213046.6984348,1791213046.7668219
o,1791213046.8502388,1791213046.9546726
m,1791213046.9355083,1791213047.0108595
n,1791213046.9306514,1791213047.0249567
Key.space,1791213047.115283,1791213047.2395701
Key.backspace,1791213047.3177898,1791213047.3835247
Key.backspace,1791213047.4556992,1791213047.5460002
Key.space,1791213047.6093102,1791213047.7158463
b,1791213047.7477388,1791213047.8435793
e,1791213047.8203707,1791213047.937666
a,1791213047.974905,1791213048.1152923
c,1791213048.0710194,1791213048.2264168
Key.backspace,1791213048.437345,1791213048.4909182
Key.backspace,1791213048.585277,1791213048.6279407
c,1791213048.9357424,1791213049.0957205
a,1791213049.1277468,1791213049.2802815
y,1791213049.3986022,1791213049.5007577
Key.backspace,1791213050.2841356,1791213050.376882
u,1791213050.735147,1791213050.8386931
s,1791213050.8106112,1791213050.9494154
e,1791213050.908658,1791213051.0427692
Key.space,1791213050.9804075,1791213051.116742
h,1791213051.2940812,1791213051.3558843
t,1791213051.3563886,1791213051.4461615
Key.backspace,1791213051.7621102,1791213051.8145564
Key.backspace,1791213051.887695,1791213051.953314
t,1791213051.9696064,1791213052.0793002
h,1791213052.1182587,1791213052.2089937
e,1791213052.2295694,1791213052.355437
n,1791213052.323275,1791213052.418033
Key.space,1791213052.4316008,1791213052.5945632
f,1791213052.5495982,1791213052.6713283
e,1791213052.7533445,1791213052.8495903
e,1791213052.9262536,1791213053.0589063
l,1791213053.0680397,1791213053.162981
Key.space,1791213053.2111757,1791213053.331665
l,1791213053.3200557,1791213053.4250605
a,1791213053.4202385,1791213053.524259
y,1791213053.626184,1791213053.677187
t,1791213053.6296833,1791213053.6841407
Key.backspace,1791213053.9749238,1791213054.0745754
Key.backspace,1791213054.1302881,1791213054.2467496
t,1791213054.2424266,1791213054.3424878
e,1791213054.4454138,1791213054.5912082
Key.space,1791213054.5847626,1791213054.6819763
p,1791213054.6889846,1791213054.8103006
a,1791213054.7706587,1791213054.918187
r,1791213054.8702774,1791213055.0127747
t,1791213055.089247,1791213055.199422
Key.space,1791213055.2303283,1791213055.3571475
o,1791213055.3875415,1791213055.4543145
n,1791213055.5525346,1791213055.623221
Key.backspace,1791213055.856916,1791213055.9213004
Key.backspace,1791213056.0138576,1791213056.1139743
i,1791213056.2117639,1791213056.2892742
n,1791213056.38166,1791213056.467661
t,1791213056.4581401,1791213056.5061255
e,1791213056.9377828,1791213057.099274
r,1791213057.2032735,1791213057.2711062
e,1791213057.3672273,1791213057.5060616
s,1791213057.4570525,1791213057.608371
t,1791213057.6513712,1791213057.7508914
Key.space,1791213057.7225704,1791213057.865864
g,1791213058.1650665,1791213058.2611504
o,1791213058.3151925,1791213058.4129114
v,1791213058.3810346,1791213058.4709892
e,1791213058.5690022,1791213058.66687
r,1791213058.7284951,1791213058.8508613
n,1791213058.8849485,1791213058.9935458
Key.space,1791213058.9886522,1791213059.106516
p,1791213059.2060883,1791213059.2887454
u,1791213059.4152715,1791213059.4905233
b,1791213059.581095,1791213059.68913
l,1791213059.7058246,1791213059.7819877
i,1791213059.8718536,1791213059.9574752
c,1791213059.9413831,1791213060.0438669
Key.space,1791213060.057928,1791213060.167136
n,1791213060.2289329,1791213060.3057168
o,1791213060.4265692,1791213060.5177448
t,1791213060.4823046,1791213060.5912824
Key.space,1791213060.63196,1791213060.73959
l,1791213060.7291467,1791213060.8413224
a,1791213060.8517022,1791213060.9901996
t,1791213061.0286517,1791213061.1442556
e,1791213061.2275183,1791213061.3611703
Key.space,1791213061.3232193,1791213061.4642253
e,1791213061.5457199,1791213061.6903386
v,1791213061.6915762,1791213061.7904289
e,1791213061.7925446,1791213061.9423668
n,1791213061.9282336,1791213062.0086243
Key.space,1791213062.0098438,1791213062.1576045
h,1791213062.2206798,1791213062.3064735
0,1791213062.4645562,1791213062.524921
Key.backspace,1791213062.8183355,1791213062.9065046
o,1791213063.0329847,1791213063.124205
w,1791213063.158325,1791213063.2809048
e,1791213063.360773,1791213063.5067031
v,1791213063.6055977,1791213063.7005193
e,1791213063.6860461,1791213063.8211436
r,1791213063.899168,1791213064.0404704
Key.space,1791213064.036543,1791213064.1653204
h,1791213064.1904633,1791213064.274411
e,1791213064.3072777,1791213064.4324691
l,1791213064.4357817,1791213064.5127625
p,1791213064.607398,1791213064.6935494
Key.space,1791213064.701437,1791213064.854994
c,1791213064.8173678,1791213064.9534962
o,1791213064.8916469,1791213064.9713316
m,1791213065.0520425,1791213065.1332054
e,1791213065.1071804,1791213065.2179732
Key.space,1791213065.2232945,1791213065.3757572
h,1791213065.3157012,1791213065.3933437
e,1791213065.3832908,1791213065.5090683
a,1791213065.4759977,1791213065.6240704
d,1791213065.5995777,1791213065.7112958
Key.space,1791213065.6813943,1791213065.8433826
e,1791213065.8134387,1791213065.9597504
a,1791213065.9283264,1791213066.0763247
r,1791213066.0606081,1791213066.2045135
l,1791213066.1946914,1791213066.2849565
u,1791213066.3454263,1791213066.4530778
Key.backspace,1791213066.6732578,1791213066.775878
y,1791213066.7522304,1791213066.8766432
Key.space,1791213066.8823268,1791213067.0606902
e,1791213067.040616,1791213067.1633425
w,1791213067.0308552,1791213067.1683438
o,1791213067.09243,1791213067.1943276
Key.backspace,1791213067.3671272,1791213067.444204
Key.backspace,1791213067.5227985,1791213067.5903292
o,1791213067.674686,1791213067.7850244
w,1791213067.7928047,1791213067.9240339
l,1791213067.9586482,1791213068.074741
Key.backspace,1791213068.2230892,1791213068.307379
Key.backspace,1791213068.3776278,1791213068.4479458
r,1791213068.4818625,1791213068.6160922
l,1791213068.6230645,1791213068.7271497
d,1791213068.7375925,1791213068.8728652
Key.space,1791213068.8564515,1791213069.0239172
a,1791213069.2006116,1791213069.3014548
g,1791213069.383655,1791213069.4739249
f,1791213069.3777518,1791213069.4906085
t,1791213069.498136,1791213069.6028242
Key.backspace,1791213069.845131,1791213069.9218102
Key.backspace,1791213069.9996064,1791213070.0719116
y,1791213070.3125083,1791213070.3243275
t,1791213070.2525454,1791213070.3343406
e,1791213070.3229425,1791213070.4111922
r,1791213070.493347,1791213070.6144624
Key.space,1791213070.6204607,1791213070.780867
w,1791213070.8139288,1791213070.950738
o,1791213070.9187827,1791213071.0471728
r,1791213071.0925484,1791213071.2190259
l,1791213071.2111444,1791213071.321105
d,1791213071.5255113,1791213071.662812
Key.backspace,1791213071.7116735,1791213071.7843277
Key.backspace,1791213071.850724,1791213071.9588163
d,1791213071.925319,1791213072.0429811
Key.space,1791213071.9963362,1791213072.1361322
a,1791213072.126675,1791213072.2563791
n,1791213072.2604709,1791213072.3544104
y,1791213072.3494418,1791213072.4617789
Key.space,1791213072.473242,1791213072.6132774
h,1791213073.0762575,1791213073.1754143
e,1791213073.1618836,1791213073.265173
e,1791213073.3491538,1791213073.4855359
n,1791213073.4879246,1791213073.593426
e,1791213073.6275377,1791213073.7455964
r,1791213073.8081007,1791213073.9519403
a,1791213073.8973606,1791213074.054023
Key.space,1791213074.0735447,1791213074.1764574
o,1791213074.1582947,1791213074.2460148
r,1791213074.5164928,1791213074.6360326
Key.space,1791213074.696339,1791213074.8346965
n,1791213074.8563852,1791213074.9503698
e,1791213074.930607,1791213075.0410619
e,1791213075.1048565,1791213075.2245
d,1791213075.311989,1791213075.474368
Key.space,1791213075.405025,1791213075.5723665
w,1791213075.5404854,1791213075.6862035
o,1791213075.6705508,1791213075.7624881
r,1791213075.7523837,1791213075.8950999
d,1791213075.9945185,1791213076.1571865
Key.space,1791213076.3744075,1791213076.5512118
o,1791213076.7193778,1791213076.8179622
m,1791213076.9117067,1791213076.9771202
Key.space,1791213077.081628,1791213077.1054666
Key.backspace,1791213077.1851153,1791213077.2458384
Key.backspace,1791213077.3177707,1791213077.4077182
Key.backspace,1791213077.5203621,1791213077.627888
o,1791213077.7378159,1791213077.7896762
i,1791213077.7315114,1791213077.800063
n,1791213077.7937133,1791213077.869338
Key.space,1791213077.9242213,1791213078.0433736
l,1791213077.975612,1791213078.084099
i,1791213078.1896772,1791213078.2863917
n,1791213078.3732748,1791213078.4672225
e,1791213078.441151,1791213078.5874658
Key.space,1791213078.5524487,1791213078.687777
Key.esc,1791213079.3279078,1791213079.4205248
Key.esc,1791213452.464416,1791213452.570709
l,1791213462.1427553,1791213462.2386944
a,1791213462.2045462,1791213462.3002985
r,1791213462.3128746,1791213462.4164743
g,1791213462.456197,1791213462.542724
e,1791213462.5085125,1791213462.6345158
Key.space,1791213462.6201892,1791213462.7596312
p,1791213462.889031,1791213463.021257
r,1791213463.0192475,1791213463.131883
e,1791213463.2333915,1791213463.2754505
w,1791213463.2015152,1791213463.2857926
Key.backspace,1791213463.525266,1791213463.641516
Key.backspace,1791213463.745187,1791213463.8333018
e,1791213463.9274924,1791213463.9832208
s,1791213464.2691395,1791213464.4057796
e,1791213464.373589,1791213464.517319
n,1791213464.5418062,1791213464.629973
t,1791213464.6454873,1791213464.755917
Key.space,1791213464.728914,1791213464.8677976
o,1791213464.8301685,1791213464.9283836
w,1791213464.9403756,1791213465.0687
n,1791213465.0865142,1791213465.156448
Key.space,1791213465.132722,1791213465.3055658
t,1791213465.2725697,1791213465.3826041
h,1791213465.3702776,1791213465.444269
e,1791213465.5033574,1791213465.6138718
n,1791213465.6004212,1791213465.6862824
Key.space,1791213465.687281,1791213465.8228261
h,1791213465.8543267,1791213465.9342837
o,1791213466.0714855,1791213466.1403863
m,1791213466.2218413,1791213466.3013542
e,1791213466.2908747,1791213466.4077206
Key.space,1791213466.3939817,1791213466.5286481
f,1791213466.504277,1791213466.6369386
i,1791213466.5639791,1791213466.6384475
n,1791213466.7248216,1791213466.806224
d,1791213466.7640846,1791213466.8996773
Key.space,1791213466.893665,1791213467.0319223
u,1791213466.9731896,1791213467.0574114
s,1791213467.1059935,1791213467.2197216
Key.space,1791213467.2349322,1791213467.2836208
Key.backspace,1791213467.4569435,1791213467.5175798
Key.backspace,1791213467.599353,1791213467.6567714
Key.backspace,1791213467.740982,1791213467.8146565
a,1791213467.835136,1791213468.0256374
s,1791213467.9427855,1791213468.081938
Key.space,1791213468.050868,1791213468.1883686
b,1791213468.2853174,1791213468.3798199
e,1791213468.3536963,1791213468.4351585
c,1791213468.5557055,1791213468.6791296
o,1791213468.6732404,1791213468.7492392
m,1791213468.851072,1791213468.953808
e,1791213468.970069,1791213469.0539558
Key.space,1791213469.0402205,1791213469.1698852
h,1791213469.2247467,1791213469.299705
w,1791213469.207327,1791213469.3330865
i,1791213469.4115217,1791213469.494244
c,1791213469.50854,1791213469.6341596
h,1791213469.612669,1791213469.6861866
Key.space,1791213469.65571,1791213469.825697
a,1791213469.7784836,1791213469.9541893
s,1791213469.8977025,1791213470.0101721
i,1791213470.025986,1791213470.1127238
Key.space,1791213469.9797115,1791213470.1158996
n,1791213470.211482,1791213470.2944705
Key.backspace,1791213470.4301586,1791213470.4899766
Key.backspace,1791213470.5642295,1791213470.6482499
Key.backspace,1791213470.7339566,1791213470.788572
Key.backspace,1791213470.8636863,1791213470.9401624
Key.space,1791213470.9917295,1791213471.1216023
i,1791213471.169649,1791213471.2313817
n,1791213471.3200715,1791213471.3958015
t,1791213471.3468,1791213471.447843
e,1791213471.54361,1791213471.641363
r,1791213471.7092834,1791213471.7998056
e,1791213471.854609,1791213471.973707
s,1791213471.936768,1791213472.0636308
t,1791213472.1259625,1791213472.269596
Key.space,1791213472.2472405,1791213472.4235315
a,1791213472.3776064,1791213472.5432093
l,1791213472.5378926,1791213472.6273327
s,1791213472.6699257,1791213472.7727277
o,1791213472.7707102,1791213472.839491
Key.space,1791213472.779763,1791213472.8792021
g,1791213472.9968839,1791213473.0712888
t,1791213472.9711058,1791213473.095649
Key.backspace,1791213473.3313093,1791213473.3978372
Key.backspace,1791213473.4706583,1791213473.5575585
g,1791213473.7102308,1791213473.8008478
r,1791213473.7568152,1791213473.8244746
e,1791213473.921066,1791213474.077926
a,1791213474.0263844,1791213474.1502473
t,1791213474.094021,1791213474.1583102
Key.space,1791213474.2480066,1791213474.3844082
s,1791213474.4582043,1791213474.5786748
e,1791213474.5902312,1791213474.7028918
t,1791213474.8047886,1791213474.926357
Key.space,1791213474.908377,1791213475.0383577
o,1791213474.9787338,1791213475.0661361
n,1791213475.1698496,1791213475.2607057
e,1791213475.2467167,1791213475.3835537
Key.space,1791213475.3411963,1791213475.4753492
g,1791213475.6172931,1791213475.729027
o,1791213475.76522,1791213475.8429415
v,1791213475.8271909,1791213475.9119804
e,1791213476.0115,1791213476.0931027
r,1791213476.1776068,1791213476.30792
n,1791213476.4146838,1791213476.5047655
Key.space,1791213476.5188508,1791213476.6515086
h,1791213476.8476937,1791213476.9215517
e,1791213476.9575872,1791213477.0597289
l,1791213477.09335,1791213477.1717327
p,1791213477.2812593,1791213477.3587942
Key.space,1791213477.4017513,1791213477.5544908
t,1791213477.5183575,1791213477.6428094
o,1791213477.6086547,1791213477.6626663
o,1791213477.73201,1791213477.8106349
Key.space,1791213477.808052,1791213477.9626446
d,1791213477.9450588,1791213478.0130582
s,1791213477.9430482,1791213478.0365412
e,1791213478.016578,1791213478.1586492
Key.backspace,1791213478.269116,1791213478.3284304
Key.backspace,1791213478.4212651,1791213478.4637694
e,1791213478.5884905,1791213478.6643994
e,1791213478.7606251,1791213478.8527746
m,1791213478.9513478,1791213479.0234828
Key.space,1791213479.0711606,1791213479.183305
s,1791213479.4066012,1791213479.5423918
e,1791213479.53441,1791213479.6333811
e,1791213479.7180235,1791213479.7877228
Key.space,1791213479.9347596,1791213480.0686784
y,1791213480.0335357,1791213480.1588855
o,1791213480.1313403,1791213480.1957529
u,1791213480.3010678,1791213480.3645005
Key.space,1791213480.3695953,1791213480.4709744
h,1791213480.59937,1791213480.6714287
a,1791213480.6887243,1791213480.7890208
v,1791213480.8269744,1791213480.9140427
e,1791213480.9052837,1791213481.0248332
Key.space,1791213481.015311,1791213481.141647
[,1791213481.12642,1791213481.1793938
p,1791213481.12542,1791213481.187442
a,1791213481.1889417,1791213481.3073194
Key.backspace,1791213481.529164,1791213481.631257
Key.backspace,1791213481.7185485,1791213481.7804532
a,1791213481.8826833,1791213482.0064526
r,1791213481.9962747,1791213482.1169844
t,1791213482.2086022,1791213482.2986171
t,1791213482.3840504,1791213482.4448855
Key.space,1791213482.4004066,1791213482.5842054
t,1791213482.5485091,1791213482.6206677
Key.backspace,1791213482.7583373,1791213482.813796
Key.backspace,1791213482.9064426,1791213482.9577286
Key.backspace,1791213483.0593846,1791213483.1177826
Key.space,1791213483.1264174,1791213483.2726533
t,1791213483.2026856,1791213483.3390808
h,1791213483.347899,1791213483.42698
e,1791213483.4745471,1791213483.6264179
s,1791213483.5678685,1791213483.7024977
e,1791213483.6797357,1791213483.8419924
Key.space,1791213483.804342,1791213483.9349275
y,1791213483.958994,1791213484.0477223
e,1791213484.0144558,1791213484.1431634
a,1791213484.1071837,1791213484.2466397
r,1791213484.2408483,1791213484.3493836
r,1791213484.425035,1791213484.5272841
Key.space,1791213484.6513197,1791213484.779606
Key.backspace,1791213484.8087065,1791213484.8782458
Key.backspace,1791213484.955189,1791213485.0344622
Key.space,1791213485.0499215,1791213485.180973
i,1791213485.1310022,1791213485.2047958
k,1791213485.164706,1791213485.205796
n,1791213485.3199956,1791213485.408278
Key.backspace,1791213485.5670657,1791213485.6231608
Key.backspace,1791213485.7039363,1791213485.7860029
Key.backspace,1791213485.8813927,1791213485.9330485
k,1791213486.0364122,1791213486.1322994
n,1791213486.2083693,1791213486.280465
o,1791213486.3982582,1791213486.4790287
w,1791213486.4927425,1791213486.6029942
u,1791213486.6470828,1791213486.7251706
Key.space,1791213486.645071,1791213486.79969
s,1791213486.7913375,1791213486.8998854
e,1791213486.874804,1791213486.9727335
Key.space,1791213486.9814494,1791213487.116516
r,1791213487.084334,1791213487.2146945
u,1791213487.1746187,1791213487.2498026
n,1791213487.3629,1791213487.4544978
Key.space,1791213487.447969,1791213487.629032
t,1791213487.582702,1791213487.7228367
o,1791213487.6703525,1791213487.740896
o,1791213487.7961457,1791213487.89572
d,1791213487.9917424,1791213487.998191
Key.space,1791213487.8682008,1791213488.0057552
d,1791213488.0042403,1791213488.0700464
s,1791213487.9869106,1791213488.0830793
h,1791213488.2579553,1791213488.3736222
o,1791213488.353621,1791213488.4278061
u,1791213488.551762,1791213488.6145732
l,1791213488.771172,1791213488.893242
Key.space,1791213489.1175401,1791213489.2498634
w,1791213489.3652828,1791213489.5244954
e,1791213489.4756293,1791213489.637558
Key.space,1791213489.6027472,1791213489.7793052
n,1791213490.0164893,1791213490.0851827
e,1791213490.0676258,1791213490.1510046
e,1791213490.2542496,1791213490.3625455
e,1791213490.4461322,1791213490.5342734
d,1791213490.6225846,1791213490.7546976
Key.space,1791213490.6365488,1791213490.8484757
h,1791213490.8145652,1791213490.8928542
e,1791213491.4181128,1791213491.5502043
l,1791213491.542774,1791213491.6341264
p,1791213491.7229705,1791213491.816252
Key.space,1791213491.8625252,1791213491.9862132
a,1791213492.1407177,1791213492.3003385
s,1791213492.262329,1791213492.4039173
k,1791213492.3896255,1791213492.479845
Key.space,1791213492.480847,1791213492.6447046
s,1791213492.6073058,1791213492.721225
c,1791213492.7670033,1791213492.9042883
h,1791213493.0246644,1791213493.1511075
o,1791213493.2095704,1791213493.3052928
o,1791213493.385407,1791213493.4791234
l,1791213493.574095,1791213493.6887195
Key.space,1791213493.681042,1791213493.8233888
r,1791213493.741791,1791213493.9212234
u,1791213493.8739786,1791213493.9370964
n,1791213494.0317383,1791213494.1319294
Key.space,1791213494.092769,1791213494.270438
a,1791213494.2242403,1791213494.3680172
t,1791213494.3730445,1791213494.5216775
Key.space,1791213494.5241914,1791213494.6705887
f,1791213494.634765,1791213494.7546046
o,1791213494.7789204,1791213494.8828359
r,1791213494.8387165,1791213494.971398
Key.space,1791213494.9626806,1791213495.0859396
m,1791213495.0645447,1791213495.160593
o,1791213495.2603755,1791213495.3558269
v,1791213495.2710936,1791213495.393771
r,1791213495.5487123,1791213495.5922499
e,1791213495.515821,1791213495.6048443
Key.space,1791213495.5825083,1791213495.7203531
Key.backspace,1791213495.8805523,1791213495.9459443
Key.backspace,1791213496.0165176,1791213496.1096697
e,1791213496.1006432,1791213496.2132435
Key.backspace,1791213496.4644363,1791213496.573994
Key.space,1791213496.5935993,1791213496.7406085
a,1791213496.7253428,1791213496.8535063
a,1791213496.9477797,1791213497.0294166
g,1791213496.9331052,1791213497.0314162
a,1791213497.1789143,1791213497.319557
i,1791213497.317031,1791213497.4001937
n,1791213497.4909556,1791213497.5778892
Key.space,1791213497.6072571,1791213497.689252
Key.backspace,1791213497.7637467,1791213497.8293388
Key.backspace,1791213497.901444,1791213497.9812722
Key.backspace,1791213498.0619035,1791213498.137248
Key.backspace,1791213498.2115595,1791213498.2953024
i,1791213498.3776145,1791213498.4576426
n,1791213498.5515416,1791213498.6497831
Key.space,1791213498.6886704,1791213498.8287096
e,1791213498.8469782,1791213498.995986
a,1791213498.9783075,1791213499.129302
c,1791213499.1248841,1791213499.25766
h,1791213499.246095,1791213499.3388438
Key.space,1791213499.3697507,1791213499.5137038
c,1791213499.4847786,1791213499.6240065
a,1791213499.5872965,1791213499.7375338
n,1791213499.7081392,1791213499.7867525
Key.space,1791213499.7877529,1791213499.9263027
l,1791213499.9379992,1791213500.0664926
a,1791213500.008209,1791213500.129931
t,1791213500.1804905,1791213500.2886417
e,1791213500.38444,1791213500.5012193
Key.space,1791213500.4780583,1791213500.6160562
w,1791213500.6013567,1791213500.7114522
h,1791213500.7314184,1791213500.806579
e,1791213500.7577047,1791213500.895994
r,1791213500.950963,1791213501.0674293
e,1791213501.1354136,1791213501.2758343
Key.space,1791213501.261496,1791213501.395725
n,1791213501.4602122,1791213501.5538764
Key.backspace,1791213501.7714143,1791213501.8592644
m,1791213501.9893296,1791213502.072782
i,1791213502.1997313,1791213502.28856
b,1791213502.3170874,1791213502.3740158
g,1791213502.3110356,1791213502.3872406
h,1791213502.433446,1791213502.5218258
Key.backspace,1791213502.7832258,1791213502.855077
Key.backspace,1791213502.9361162,1791213503.0206902
g,1791213503.1529975,1791213503.276316
Key.backspace,1791213503.657799,1791213503.756126
h,1791213503.9127722,1791213503.984512
t,1791213503.9959128,1791213504.10174
Key.space,1791213504.0943756,1791213504.198648
p,1791213504.2223766,1791213504.3189645
a,1791213504.2780879,1791213504.4169755
r,1791213504.4667373,1791213504.598352
t,1791213504.666505,1791213504.796648
Key.space,1791213504.784716,1791213504.8924284
n,1791213505.063358,1791213505.144947
e,1791213505.1036248,1791213505.1956494
e,1791213505.257286,1791213505.3776312
d,1791213505.485669,1791213505.6146991
Key.space,1791213505.6416466,1791213505.8172996
t,1791213505.7654445,1791213505.8798528
o,1791213505.8612452,1791213505.9317427
o,1791213506.0177803,1791213506.0893173
Key.space,1791213506.1250954,1791213506.2294574
i,1791213506.2114494,1791213506.2753541
n,1791213506.36757,1791213506.4572034
t,1791213506.4582021,1791213506.5747662
o,1791213506.6094599,1791213506.7114048
Key.space,1791213506.6429422,1791213506.7951107
s,1791213506.7931008,1791213506.923534
o,1791213506.9438634,1791213507.017141
Key.space,1791213506.9670231,1791213507.1073797
t,1791213507.178289,1791213507.2699232
h,1791213507.3061683,1791213507.3847842
e,1791213507.385959,1791213507.5181987
Key.space,1791213507.494367,1791213507.6004715
a,1791213507.6266766,1791213507.7525086
g,1791213507.7713614,1791213507.8625052
a,1791213507.8783004,1791213508.0140884
i,1791213507.9959722,1791213508.066784
m,1791213508.1730683,1791213508.256623
t,1791213508.29416,1791213508.4167633
Key.backspace,1791213508.5585504,1791213508.612714
Key.backspace,1791213508.6928923,1791213508.736405
n,1791213508.838824,1791213508.9250665
t,1791213508.9205492,1791213509.0266883
Key.space,1791213509.0443618,1791213509.1326203
Key.backspace,1791213509.4190736,1791213509.4899762
Key.backspace,1791213509.5652752,1791213509.6359837
s,1791213509.7280636,1791213509.8250148
t,1791213509.893682,1791213510.0099876
Key.space,1791213510.0147405,1791213510.1313026
a,1791213510.1251256,1791213510.2615802
n,1791213510.212807,1791213510.2892206
o,1791213510.413885,1791213510.499757
t,1791213510.543325,1791213510.6736372
h,1791213510.7055912,1791213510.795756
e,1791213510.7917297,1791213510.9213557
r,1791213511.0002322,1791213511.13793
Key.space,1791213511.1496193,1791213511.277487
e,1791213511.998528,1791213512.0343204
g,1791213511.9388015,1791213512.0609922
e,1791213512.2665021,1791213512.4164076
n,1791213512.5707011,1791213512.660007
Key.backspace,1791213512.8480506,1791213512.9178126
Key.backspace,1791213513.0043485,1791213513.0734098
e,1791213513.1763356,1791213513.2685165
n,1791213513.2364645,1791213513.3427694
Key.backspace,1791213513.7615418,1791213513.8572032
Key.backspace,1791213513.972781,1791213514.0463233
n,1791213514.2116241,1791213514.2994654
e,1791213514.335251,1791213514.4568486
r,1791213514.5250359,1791213514.6890862
a,1791213514.6373506,1791213514.770993
l,1791213514.7094038,1791213514.8030298
Key.space,1791213514.829083,1791213514.9644766
o,1791213514.966637,1791213515.0366116
c,1791213514.9219265,1791213515.047334
m,1791213515.129569,1791213515.2248204
e,1791213515.1771858,1791213515.3074007
Key.space,1791213515.3211172,1791213515.426951
l,1791213515.4014874,1791213515.472849
i,1791213515.574682,1791213515.6468167
t,1791213515.6012306,1791213515.71037
t,1791213515.7730634,1791213515.8983562
l,1791213515.9546728,1791213516.0481288
e,1791213516.040441,1791213516.17484
Key.space,1791213516.1446877,1791213516.260082
p,1791213516.2298958,1791213516.3166306
u,1791213516.4388688,1791213516.5147862
b,1791213516.680083,1791213516.7938967
l,1791213516.796095,1791213516.861369
i,1791213516.9746733,1791213517.0431051
c,1791213517.0360072,1791213517.1540837
Key.space,1791213517.1340902,1791213517.254323
u,1791213517.3526936,1791213517.440177
n,1791213517.5388024,1791213517.640768
d,1791213517.6075747,1791213517.6954703
e,1791213517.7677445,1791213517.8512368
r,1791213517.9534457,1791213518.1227102
Key.space,1791213518.1364505,1791213518.2476718
a,1791213518.1636362,1791213518.3676765
s,1791213518.2934237,1791213518.437827
Key.space,1791213518.4388719,1791213518.5858326
t,1791213518.5605366,1791213518.669183
h,1791213518.717769,1791213518.7975116
e,1791213518.768732,1791213518.8795414
r,1791213518.953605,1791213519.0452127
e,1791213519.1190708,1791213519.262845
Key.space,1791213519.239611,1791213519.3592484
m,1791213519.2777398,1791213519.3783634
o,1791213519.48553,1791213519.5914817
r,1791213519.4733024,1791213519.5929995
e,1791213519.6610217,1791213519.7728062
Key.space,1791213519.7483566,1791213519.8932304
t,1791213520.0147884,1791213520.1507118
h,1791213520.1449862,1791213520.222602
e,1791213520.2569067,1791213520.3762238
Key.backspace,1791213520.6130652,1791213520.6840236
a,1791213520.6709216,1791213520.786844
n,1791213520.8483074,1791213520.922502
Key.space,1791213520.9136236,1791213521.048048
a,1791213521.051177,1791213521.176391
t,1791213521.2204835,1791213521.3462327
Key.space,1791213521.366795,1791213521.4805543
c,1791213521.5088315,1791213521.6624942
o,1791213521.6386821,1791213521.706458
u,1791213521.8110561,1791213521.8776941
l,1791213521.989232,1791213522.0814743
d,1791213522.0192745,1791213522.145625
Key.space,1791213522.164612,1791213522.3154037
s,1791213522.3214314,1791213522.4557543
m,1791213522.463796,1791213522.5480561
a,1791213522.5997453,1791213522.6910472
l,1791213522.692558,1791213522.7553499
l,1791213522.8332515,1791213522.9073186
Key.space,1791213522.891649,1791213523.0094686
s,1791213523.0616856,1791213523.1015687
a,1791213523.3229716,1791213523.4556737
Key.backspace,1791213523.7493732,1791213523.8190043
Key.backspace,1791213523.896701,1791213523.947728
a,1791213523.968478,1791213524.0725951
g,1791213524.1077175,1791213524.184271
a,1791213524.2061918,1791213524.3261461
i,1791213524.339665,1791213524.4225235
j,1791213524.5423539,1791213524.6004636
n,1791213524.5405135,1791213524.6082633
Key.space,1791213524.6961567,1791213524.8022778
Key.backspace,1791213524.8897614,1791213524.952348
Key.backspace,1791213525.0461862,1791213525.122728
Key.space,1791213525.154421,1791213525.312546
w,1791213525.266832,1791213525.4143105
o,1791213525.3362436,1791213525.4327447
r,1791213525.5306315,1791213525.6686215
l,1791213525.6625772,1791213525.7505014
d,1791213525.761732,1791213525.885679
Key.space,1791213525.8645627,1791213526.0032501
m,1791213525.9163918,1791213526.0069559
o,1791213526.1134999,1791213526.2115734
s,1791213526.1593924,1791213526.3029819
t,1791213526.2873755,1791213526.4252663
Key.space,1791213526.4332964,1791213526.5754735
n,1791213526.488368,1791213526.5764737
e,1791213526.5864134,1791213526.6831136
Key.backspace,1791213526.7967296,1791213526.8950725
Key.backspace,1791213526.9537532,1791213527.0476835
b,1791213527.1896803,1791213527.2934039
e,1791213527.3248355,1791213527.4618194
t,1791213527.6493878,1791213527.736992
w,1791213527.852702,1791213527.96973
e,1791213527.998363,1791213528.0915403
e,1791213528.1704302,1791213528.2704563
n,1791213528.316026,1791213528.4184499
Key.space,1791213528.450219,1791213528.5754383
k,1791213528.5583055,1791213528.6385343
n,1791213528.7404177,1791213528.8043253
o,1791213528.9426205,1791213529.0238597
w,1791213529.0308816,1791213529.180094
Key.space,1791213529.1599383,1791213529.289104
g,1791213529.3026977,1791213529.4426582
r,1791213529.590556,1791213529.7464073
o,1791213529.6765785,1791213529.7546592
u,1791213529.8648765,1791213529.9244285
p,1791213530.052948,1791213530.1218402
Key.space,1791213530.1662924,1791213530.3047664
o,1791213530.3915005,1791213530.469504
n,1791213530.5792482,1791213530.6569626
Key.space,1791213530.6052616,1791213530.7654226
w,1791213530.7737043,1791213530.867531
i,1791213530.8529165,1791213530.911618
l,1791213531.037385,1791213531.0913002
l,1791213531.1731596,1791213531.271702
Key.space,1791213531.3090043,1791213531.481464
e,1791213531.4011555,1791213531.5655634
a,1791213531.5400572,1791213531.668841
r,1791213531.6673248,1791213531.7910018
l,1791213531.8333278,1791213531.9117172
u,1791213531.9550776,1791213531.9972107
y,1791213531.9469175,1791213532.0594895
Key.space,1791213532.104609,1791213532.2415516
Key.backspace,1791213532.3145542,1791213532.383617
Key.backspace,1791213532.455911,1791213532.544189
Key.space,1791213532.5628073,1791213532.7198334
i,1791213532.6965237,1791213532.7784894
t,1791213532.7961082,1791213532.935035
Key.space,1791213532.9285066,1791213533.064416
n,1791213533.4669445,1791213533.5365899
o,1791213533.6544266,1791213533.758515
t,1791213533.7004268,1791213533.8396883
Key.space,1791213533.8202186,1791213533.9458354
w,1791213533.956425,1791213534.044289
h,1791213534.0104,1791213534.0807903
o,1791213534.220486,1791213534.3265224
Key.space,1791213534.3399768,1791213534.4866447
m,1791213534.4567845,1791213534.5509977
i,1791213534.673792,1791213534.719201
u,1791213534.6711075,1791213534.7259197
g,1791213534.7696822,1791213534.8638763
Key.backspace,1791213535.0112832,1791213535.0671713
Key.backspace,1791213535.1593742,1791213535.2274582
Key.backspace,1791213535.6068587,1791213535.6853676
i,1791213535.8553445,1791213535.9499283
g,1791213535.9839032,1791213536.0736196
h,1791213536.103291,1791213536.1956086
t,1791213536.203257,1791213536.3204885
Key.space,1791213536.3214877,1791213536.4331677
m,1791213536.5702205,1791213536.7013192
a,1791213536.7237837,1791213536.830139
y,1791213536.9107294,1791213536.9827178
Key.space,1791213537.0384572,1791213537.182461
d,1791213537.1457968,1791213537.2513914
e,1791213537.3203633,1791213537.4540777
v,1791213537.4304447,1791213537.526976
e,1791213537.524599,1791213537.6684992
l,1791213537.7426941,1791213537.837791
p,1791213538.1706877,1791213538.2669091
Key.backspace,1791213538.5638216,1791213538.6549993
o,1791213538.7341583,1791213538.8191447
p,1791213538.9060268,1791213538.994988
Key.space,1791213538.9726446,1791213539.1132092
h,1791213539.275687,1791213539.402903
o,1791213539.3799367,1791213539.457201
m,1791213539.5631862,1791213539.6483583
e,1791213539.617686,1791213539.7438903
Key.space,1791213539.7227197,1791213539.905795
g,1791213539.9231524,1791213540.06705
o,1791213540.0615454,1791213540.130708
o,1791213540.2037754,1791213540.2968984
d,1791213540.3082259,1791213540.4374251
Key.space,1791213540.4146616,1791213540.6035943
t,1791213540.5711184,1791213540.6883152
h,1791213540.69703,1791213540.7703278
a,1791213540.716473,1791213540.8506804
t,1791213540.8425121,1791213540.9797282
Key.space,1791213540.961807,1791213541.0921102
s,1791213541.0797791,1791213541.2142274
o,1791213541.2152295,1791213541.3004293
Key.space,1791213541.2641335,1791213541.4088445
s,1791213541.3826663,1791213541.502645
e,1791213541.508178,1791213541.6460824
e,1791213541.7188056,1791213541.8371263
m,1791213541.8903644,1791213542.0009632
Key.space,1791213542.0670457,1791213542.2141924
h,1791213542.3737128,1791213542.4782755
e,1791213542.4719608,1791213542.5829144
r,1791213542.6443603,1791213542.731905
e,1791213542.8015232,1791213542.9414952
p,1791213542.9351141,1791213543.013164
Key.space,1791213542.8988814,1791213543.0434134
i,1791213543.117517,1791213543.1951306
s,1791213543.171135,1791213543.2809203
Key.backspace,1791213543.3911686,1791213543.465308
Key.backspace,1791213543.529231,1791213543.6036136
o,1791213543.6727827,1791213543.7849193
s,1791213543.7527323,1791213543.832722
s,1791213543.923583,1791213544.0376034
i,1791213544.0716672,1791213544.1576548
b,1791213544.226941,1791213544.3336616
l,1791213544.3268795,1791213544.4356625
e,1791213544.4535587,1791213544.5692816
Key.space,1791213544.5830326,1791213544.777166
w,1791213544.7648246,1791213544.8925369
h,1791213544.8631237,1791213544.9346492
i,1791213545.0418289,1791213545.160151
t,1791213545.0866034,1791213545.1981916
e,1791213545.2857552,1791213545.4037657
Key.space,1791213545.3403525,1791213545.5344443
t,1791213545.5052621,1791213545.6425474
h,1791213545.5884583,1791213545.6680048
i,1791213545.8170216,1791213545.9137144
n,1791213545.9459758,1791213546.0804014
k,1791213546.1299555,1791213546.236485
Key.space,1791213546.3003893,1791213546.4215624
n,1791213546.572167,1791213546.6466365
Key.backspace,1791213546.829473,1791213546.864306
m,1791213546.989703,1791213547.081119
e,1791213547.0603805,1791213547.1949592
a,1791213547.1516392,1791213547.26961
n,1791213547.2434976,1791213547.3218539
Key.space,1791213547.3639708,1791213547.530992
h,1791213547.4709017,1791213547.5533416
e,1791213547.5800152,1791213547.7256913
a,1791213547.687117,1791213547.8497891
d,1791213547.8135045,1791213547.98311
Key.space,1791213547.9431882,1791213548.1266198
a,1791213548.0275342,1791213548.2590508
s,1791213548.1129198,1791213548.2929373
m,1791213548.3235736,1791213548.41583
Key.space,1791213548.262559,1791213548.4272742
Key.backspace,1791213548.6091223,1791213548.6958375
s,1791213548.8211405,1791213548.9493835
u,1791213548.922816,1791213549.01163
c,1791213549.0533984,1791213549.1944454
h,1791213549.1484237,1791213549.2243502
Key.space,1791213549.2872174,1791213549.4344053
o,1791213549.3783529,1791213549.4547405
n,1791213549.5403771,1791213549.6225657
e,1791213549.6062112,1791213549.7303653
Key.space,1791213549.7097764,1791213549.8199239
p,1791213549.8363154,1791213549.9543443
e,1791213549.872581,1791213549.9667382
r,1791213550.032492,1791213550.1612787
s,1791213550.3224294,1791213550.4385679
p,1791213550.4738889,1791213550.5493
m,1791213550.6725938,1791213550.742098
Key.backspace,1791213550.9226384,1791213550.9960032
Key.backspace,1791213551.066696,1791213551.1453006
o,1791213551.2351081,1791213551.3347855
n,1791213551.4472399,1791213551.5538788
Key.space,1791213551.5573962,1791213551.716918
d,1791213552.0056171,1791213552.1289387
o,1791213552.1029205,1791213552.1779222
w,1791213552.2513213,1791213552.3537061
n,1791213552.3395922,1791213552.4193618
Key.space,1791213552.4593189,1791213552.6068614
p,1791213552.601277,1791213552.6737514
l,1791213552.761611,1791213552.8497999
a,1791213552.804849,1791213552.9128683
y,1791213552.9976869,1791213553.119648
Key.space,1791213553.15085,1791213553.2947464
f,1791213553.6871383,1791213553.7573526
d,1791213553.6826081,1791213553.7604685
Key.backspace,1791213554.0507169,1791213554.1327152
Key.backspace,1791213554.2404642,1791213554.324138
f,1791213554.3782997,1791213554.4989166
e,1791213554.6165316,1791213554.8098104
w,1791213554.7426379,1791213554.8906076
Key.space,1791213554.8784194,1791213555.0099642
a,1791213554.9865382,1791213555.114416
r,1791213555.1564837,1791213555.2925146
o,1791213555.2460418,1791213555.3265095
u,1791213555.418933,1791213555.495566
n,1791213555.597994,1791213555.700193
d,1791213555.702713,1791213555.8009198
Key.space,1791213555.7577574,1791213555.9130974
b,1791213556.0213928,1791213556.103763
a,1791213556.1017447,1791213556.2074172
c,1791213556.2251284,1791213556.3817594
k,1791213556.3410125,1791213556.4315834
Key.space,1791213556.458914,1791213556.6214678
n,1791213556.5831718,1791213556.6797433
a,1791213557.0641508,1791213557.169515
t,1791213557.2307749,1791213557.349776
Key.backspace,1791213557.4393315,1791213557.506476
Key.backspace,1791213557.572858,1791213557.666303
a,1791213557.8885868,1791213558.016432
t,1791213558.0589068,1791213558.2044666
i,1791213558.160435,1791213558.2367704
o,1791213558.3141584,1791213558.404989
n,1791213558.3740456,1791213558.4918842
Key.space,1791213558.5769162,1791213558.7229757
f,1791213558.7065246,1791213558.8089304
o,1791213558.8008494,1791213558.8724825
r,1791213558.956435,1791213559.0802116
Key.space,1791213559.0721347,1791213559.1867676
u,1791213559.118793,1791213559.1978438
p,1791213559.3425238,1791213559.4241505
Key.space,1791213559.4068646,1791213559.5447204
n,1791213559.6000507,1791213559.695187
u,1791213559.8127062,1791213559.8736346
m,1791213559.9735155,1791213560.0694163
b,1791213560.1775024,1791213560.2734878
e,1791213560.2784896,1791213560.379439
r,1791213560.4369974,1791213560.5614116
m,1791213560.5810375,1791213560.6668823
Key.space,1791213560.5209131,1791213560.6729116
o,1791213560.7749333,1791213560.8595624
s,1791213560.7610486,1791213560.881518
t,1791213560.9335728,1791213561.0732644
Key.space,1791213561.089809,1791213561.2646008
b,1791213561.3930826,1791213561.4749348
e,1791213561.46621,1791213561.5742214
g,1791213561.8718886,1791213561.9919674
i,1791213562.0533745,1791213562.0565422
i,1791213562.787432,1791213562.871798
n,1791213562.9605505,1791213563.0385659
Key.space,1791213563.048221,1791213563.1876242
Key.space,1791213563.2325604,1791213563.249725
b,1791213563.2226584,1791213563.340112
u,1791213563.3711216,1791213563.440288
t,1791213563.4681182,1791213563.6028948
Key.space,1791213563.5864668,1791213563.7139292
l,1791213564.6034322,1791213564.7096148
a,1791213564.6832569,1791213564.8228803
r,1791213564.7976487,1791213564.941456
g,1791213564.9951885,1791213565.0674155
e,1791213565.0834515,1791213565.2247157
Key.space,1791213565.1975567,1791213565.3174374
s,1791213565.447611,1791213565.5690384
y,1791213565.5678349,1791213565.651655
s,1791213565.6817024,1791213565.7749095
t,1791213565.8410509,1791213565.9440825
e,1791213566.0426502,1791213566.1888266
m,1791213566.1401994,1791213566.2288108
Key.space,1791213566.2386162,1791213566.397489
s,1791213566.3732467,1791213566.462787
u,1791213566.4543667,1791213566.5305011
Key.backspace,1791213566.6943233,1791213566.7501862
Key.backspace,1791213566.8125281,1791213566.8863223
n,1791213566.9725685,1791213567.0827138
u,1791213567.0385263,1791213567.1067324
m,1791213567.2129467,1791213567.2859564
b,1791213567.3933494,1791213567.4708667
e,1791213567.445035,1791213567.5499218
r,1791213567.5883594,1791213567.712529
Key.space,1791213567.6741848,1791213567.824039
o,1791213567.7827327,1791213567.8568656
l,1791213567.9625723,1791213568.0473235
d,1791213568.061608,1791213568.1955428
l,1791213568.201089,1791213568.2768106
Key.space,1791213568.151029,1791213568.293331
o,1791213568.373892,1791213568.4691877
o,1791213568.5335228,1791213568.6131372
p,1791213568.7094004,1791213568.8015816
Key.space,1791213568.816815,1791213568.972727
n,1791213568.9872718,1791213569.0767074
e,1791213569.0715766,1791213569.23985
w,1791213569.1796303,1791213569.3195724
Key.space,1791213569.309224,1791213569.4394305
i,1791213569.3691926,1791213569.4434505
n,1791213569.5314112,1791213569.6188672
Key.space,1791213569.6472464,1791213569.815275
t,1791213569.7530253,1791213569.8627653
e,1791213569.9528883,1791213570.1130242
l,1791213570.0628433,1791213570.139338
l,1791213570.2026708,1791213570.2901757
Key.space,1791213570.236642,1791213570.4027627
h,1791213570.4377778,1791213570.5655904
o,1791213570.524504,1791213570.5982525
u,1791213570.698226,1791213570.764212
s,1791213570.8065464,1791213570.8861232
r,1791213570.8578975,1791213571.0544682
s,1791213571.0241756,1791213571.1940346
Key.space,1791213571.2045698,1791213571.3801956
a,1791213571.3523114,1791213571.4825213
t,1791213571.5184674,1791213571.6527324
Key.space,1791213571.6544113,1791213571.7891533
w,1791213571.8128152,1791213571.9551547
t,1791213572.0106273,1791213572.1227195
r,1791213572.0086288,1791213572.1426039
Key.backspace,1791213572.3153088,1791213572.399449
i,1791213572.6650794,1791213572.7664485
t,1791213572.791478,1791213572.9262693
r,1791213573.0596626,1791213573.109494
e,1791213573.0295234,1791213573.1557684
Key.space,1791213573.2118728,1791213573.3896248
w,1791213573.4054716,1791213573.5451567
e,1791213573.523955,1791213573.6596768
n,1791213573.6910949,1791213573.78143
Key.backspace,1791213573.9296155,1791213573.9833446
Key.backspace,1791213574.0768716,1791213574.147572
e,1791213574.1897252,1791213574.3055055
Key.backspace,1791213574.3312593,1791213574.396819
Key.backspace,1791213574.484254,1791213574.5826435
e,1791213574.596315,1791213574.6966317
n,1791213574.7450879,1791213574.8292565
d,1791213574.823945,1791213574.9281719
Key.space,1791213574.9266632,1791213575.0575273
w,1791213575.0226634,1791213575.152566
e,1791213575.1606193,1791213575.3148468
l,1791213575.3183782,1791213575.3780413
l,1791213575.4642806,1791213575.5365133
Key.space,1791213575.5057242,1791213575.6698565
g,1791213575.6500454,1791213575.784514
o,1791213575.7860188,1791213575.8787453
Key.space,1791213575.870058,1791213576.0225341
r,1791213576.018034,1791213576.1542146
i,1791213576.1582243,1791213576.2705936
g,1791213576.3199136,1791213576.4479477
h,1791213576.4432805,1791213576.5313706
t,1791213576.5430672,1791213576.6732519
Key.space,1791213576.667516,1791213576.8093584
p,1791213576.9976268,1791213577.0773718
e,1791213577.0406034,1791213577.1192527
r,1791213577.1953316,1791213577.344973
s,1791213577.3252316,1791213577.4557145
o,1791213577.3931239,1791213577.4678
n,1791213577.5699446,1791213577.6388104
Key.space,1791213577.5911055,1791213577.7765589
c,1791213577.7399018,1791213577.8496702
Key.backspace,1791213577.996856,1791213578.069394
d,1791213578.091408,1791213578.2169428
o,1791213578.2014139,1791213578.2850864
w,1791213578.3349447,1791213578.439085
n,1791213578.4328558,1791213578.510136
Key.space,1791213578.5046217,1791213578.6499486
w,1791213578.652467,1791213578.8071253
e,1791213578.7746506,1791213578.9119146
l,1791213578.9245408,1791213578.9738185
l,1791213579.0478861,1791213579.1325643
Key.space,1791213579.2844005,1791213579.4402306
h,1791213579.400106,1791213579.4797826
a,1791213579.49657,1791213579.6199262
n,1791213579.6224346,1791213579.732731
d,1791213579.7068639,1791213579.844684
Key.space,1791213579.8198712,1791213579.9574177
a,1791213579.9269023,1791213580.0928833
l,1791213580.056703,1791213580.1082022
l,1791213580.1843424,1791213580.2607627
Key.space,1791213580.3271215,1791213580.482671
o,1791213580.584615,1791213580.6575646
n,1791213580.7862322,1791213580.8575366
e,1791213580.8113582,1791213580.9368436
Key.space,1791213580.9214013,1791213581.0687327
s,1791213581.0171535,1791213581.1191163
Key.space,1791213581.1598356,1791213581.2030475
c,1791213581.1768615,1791213581.3051498
o,1791213582.1811907,1791213582.2672331
n,1791213582.3741033,1791213582.420877
Key.esc,1791213582.9532185,1791213583.0324671
d,1791213683.4237328,1791213683.5329354
o,1791213683.4904385,1791213683.6053789
Key.space,1791213683.6145673,1791213683.787092
h,1791213683.7493749,1791213683.8594751
i,1791213683.8556833,1791213683.9470725
g,1791213683.9553804,1791213684.076872
h,1791213684.0878694,1791213684.161033
Key.space,1791213684.12681,1791213684.2612052
b,1791213684.4250498,1791213684.5114598
e,1791213684.4855976,1791213684.57734
f,1791213684.7012262,1791213684.839911
o,1791213684.8695147,1791213684.9607198
r,1791213684.9369047,1791213685.03017
e,1791213685.1163762,1791213685.2566867
i,1791213685.2467265,1791213685.3241901
Key.space,1791213685.213529,1791213685.3723056
n,1791213685.414381,1791213685.4895828
Key.space,1791213685.4825325,1791213685.6681333
s,1791213685.5921583,1791213685.7501645
c,1791213685.842551,1791213685.9500787
h,1791213686.0665312,1791213686.1638458
o,1791213686.174895,1791213686.248218
o,1791213686.3177726,1791213686.3947453
l,1791213686.477818,1791213686.5741577
Key.space,1791213686.5628393,1791213686.719717
t,1791213686.68662,1791213686.8017688
i,1791213686.7557845,1791213686.8350065
m,1791213686.9186125,1791213687.0167546
e,1791213686.948619,1791213687.071828
Key.space,1791213687.0463815,1791213687.219741
s,1791213687.171078,1791213687.3310714
y,1791213687.297206,1791213687.3957307
a,1791213687.2937024,1791213687.455367
Key.space,1791213687.488672,1791213687.6292243
a,1791213687.5733535,1791213687.713302
r,1791213687.7056203,1791213687.8389995
o,1791213687.765408,1791213687.843009
i,1791213687.9435081,1791213688.0127044
h,1791213688.1373692,1791213688.1966348
Key.backspace,1791213688.3616219,1791213688.4370394
Key.backspace,1791213688.5088937,1791213688.6094987
u,1791213688.7149289,1791213688.7835834
n,1791213688.8735807,1791213688.9600537
d,1791213688.9646945,1791213689.079131
Key.space,1791213689.0453377,1791213689.1772654
g,1791213689.4966538,1791213689.6264248
o,1791213689.624916,1791213689.6897368
o,1791213689.766502,1791213689.8639045
d,1791213689.8779237,1791213689.9978652
Key.space,1791213689.9817495,1791213690.1022122
s,1791213690.3049111,1791213690.4142268
m,1791213690.3929758,1791213690.4601083
a,1791213690.525318,1791213690.6451554
l,1791213690.636446,1791213690.6907895
l,1791213690.7567897,1791213690.8364913
Key.space,1791213690.84365,1791213691.0275965
b,1791213691.0087497,1791213691.124337
y,1791213691.1021984,1791213691.167728
Key.space,1791213691.2342222,1791213691.3662121
b,1791213691.3462307,1791213691.4664397
e,1791213691.4574656,1791213691.5391386
g,1791213691.6652012,1791213691.7716568
i,1791213691.7255452,1791213691.8150842
n,1791213691.9113212,1791213692.028399
Key.space,1791213691.962913,1791213692.1040907
s,1791213692.0995724,1791213692.2168102
t,1791213692.2831905,1791213692.3973796
a,1791213692.4076107,1791213692.543218
n,1791213692.546741,1791213692.6376781
d,1791213692.675377,1791213692.8002155
Key.space,1791213692.8069263,1791213692.9493504
b,1791213693.0421615,1791213693.1609545
u,1791213693.1994174,1791213693.2674954
t,1791213693.2888238,1791213693.3792937
Key.space,1791213693.3674264,1791213693.491161
m,1791213693.4936683,1791213693.5904522
a,1791213693.569985,1791213693.704546
n,1791213693.7080646,1791213693.79014
y,1791213693.7911391,1791213693.9124587
Key.space,1791213693.958559,1791213694.108186
s,1791213694.1297145,1791213694.2440917
m,1791213694.252132,1791213694.342704
a,1791213694.4023538,1791213694.5215688
l,1791213694.530406,1791213694.5983164
l,1791213694.662253,1791213694.754501
Key.space,1791213694.747836,1791213694.890252
g,1791213694.9166167,1791213695.0222843
o,1791213695.0336773,1791213695.114381
Key.space,1791213695.1282706,1791213695.2665994
f,1791213695.2266905,1791213695.3529348
i,1791213695.3766859,1791213695.454645
r,1791213695.4525692,1791213695.6238208
s,1791213695.5957892,1791213695.7471337
t,1791213695.760805,1791213695.883081
Key.space,1791213695.8706217,1791213696.0110984
w,1791213696.022848,1791213696.1611252
o,1791213696.0973687,1791213696.1787488
r,1791213696.226566,1791213696.381279
l,1791213696.4516892,1791213696.5678911
Key.backspace,1791213696.7555308,1791213696.832633
k,1791213696.917739,1791213697.0174336
Key.space,1791213697.0271692,1791213697.1614382
a,1791213697.1690102,1791213697.3550262
s,1791213697.3031075,1791213697.4416082
k,1791213697.4277472,1791213697.5046961
Key.space,1791213697.5495913,1791213697.68982
t,1791213697.6436667,1791213697.743858
e,1791213697.8582108,1791213697.9257963
h,1791213697.9046173,1791213697.9622355
Key.backspace,1791213698.1852758,1791213698.241628
Key.backspace,1791213698.3226655,1791213698.3962564
h,1791213698.5000753,1791213698.578674
e,1791213698.5664937,1791213698.6568165
r,1791213698.734434,1791213698.8164682
e,1791213698.8983517,1791213699.0068336
Key.space,1791213699.0144947,1791213699.1445737
a,1791213699.2920454,1791213699.442322
n,1791213699.4501493,1791213699.5312028
y,1791213699.5545862,1791213699.664023
Key.space,1791213699.6737723,1791213699.8195596
h,1791213700.455634,1791213700.5211058
a,1791213700.5675561,1791213700.6813316
n,1791213700.6626015,1791213700.7410395
d,1791213700.7674556,1791213700.8624709
Key.space,1791213700.8353345,1791213700.9773123
w,1791213700.957033,1791213701.0572371
o,1791213701.0315495,1791213701.1033187
u,1791213701.2040484,1791213701.2648172
l,1791213701.3838506,1791213701.4874957
d,1791213701.4115062,1791213701.5551891
Key.space,1791213701.5630033,1791213701.7356482
l,1791213701.7634358,1791213701.8564854
a,1791213701.8455114,1791213701.9720497
y,1791213702.0373855,1791213702.119978
Key.space,1791213702.1384544,1791213702.2435572
i,1791213702.296395,1791213702.41668
n,1791213702.5017636,1791213702.6120648
c,1791213702.5577683,1791213702.6577625
r,1791213702.7786736,1791213702.8946555
e,1791213702.980675,1791213703.1320467
a,1791213703.088303,1791213703.2821934
s,1791213703.2097137,1791213703.334414
e,1791213703.2765791,1791213703.43182
Key.space,1791213703.4210572,1791213703.5937524
a,1791213703.5958629,1791213703.7416947
l,1791213703.7141953,1791213703.7898839
l,1791213703.862972,1791213703.9566102
Key.space,1791213703.9552114,1791213704.0784476
w,1791213704.0392663,1791213704.1536047
e,1791213704.2591743,1791213704.3234048
r,1791213704.2502103,1791213704.3412373
Key.backspace,1791213704.5614974,1791213704.6791408
r,1791213704.8592334,1791213704.967351
i,1791213705.0107746,1791213705.0908127
t,1791213705.070951,1791213705.1773968
e,1791213705.3274567,1791213705.4833097
Key.space,1791213705.5193527,1791213705.6425002
n,1791213706.0493681,1791213706.1482387
a,1791213706.1345096,1791213706.2501051
Key.backspace,1791213706.3727202,1791213706.4376514
Key.backspace,1791213706.5241475,1791213706.582791
b,1791213706.7264147,1791213706.7985768
a,1791213706.78662,1791213706.9025445
c,1791213706.914252,1791213707.0523026
k,1791213707.0421116,1791213707.124488
Key.space,1791213707.139888,1791213707.2743542
d,1791213707.2412186,1791213707.3787045
o,1791213707.4037993,1791213707.4684746
Key.space,1791213707.476503,1791213707.6199698
o,1791213707.752637,1791213707.8364193
t,1791213707.852574,1791213707.9639885
h,1791213708.0080364,1791213708.0801196
e,1791213708.0685031,1791213708.1619911
t,1791213708.255168,1791213708.2950778
r,1791213708.2476578,1791213708.342399
Key.space,1791213708.324474,1791213708.4730496
o,1791213708.4376469,1791213708.5175846
n,1791213708.8377075,1791213708.9272025
e,1791213708.9474,1791213709.062986
Key.space,1791213709.025421,1791213709.181875
s,1791213709.193007,1791213709.311289
i,1791213709.2528503,1791213709.3295755
n,1791213709.4335063,1791213709.5118208
c,1791213709.5153482,1791213709.616585
e,1791213709.7357342,1791213709.8506868
Key.space,1791213709.8334389,1791213709.9869947
o,1791213710.1118166,1791213710.2144141
w,1791213710.243642,1791213710.3373244
n,1791213710.3564084,1791213710.4352932
Key.space,1791213710.430095,1791213710.5842452
k,1791213710.6025565,1791213710.6951003
e,1791213710.7064772,1791213710.8052216
e,1791213710.8786502,1791213710.9957488
p,1791213711.0123866,1791213711.106365
Key.space,1791213711.162418,1791213711.2999566
w,1791213711.258346,1791213711.4175265
e,1791213711.3742173,1791213711.5220654
Key.space,1791213711.4885278,1791213711.6142945
b,1791213711.8928494,1791213711.9604852
e,1791213711.9665375,1791213712.1523051
t,1791213712.218854,1791213712.2963777
w,1791213712.4187732,1791213712.583162
e,1791213712.5371208,1791213712.6333714
e,1791213712.7216113,1791213712.8134573
e,1791213712.8979921,1791213712.9401212
n,1791213712.9168456,1791213713.0248647
Key.space,1791213713.0909522,1791213713.2115967
h,1791213713.247028,1791213713.3427625
e,1791213713.3351796,1791213713.462941
r,1791213713.5316608,1791213713.6230347
e,1791213713.7071238,1791213713.8192883
Key.space,1791213713.7906055,1791213713.9472854
m,1791213714.0589879,1791213714.1851594
a,1791213714.1551137,1791213714.2587628
y,1791213714.332917,1791213714.445809
Key.space,1791213714.4836037,1791213714.6179512
a,1791213714.641101,1791213714.772045
Key.space,1791213714.7878091,1791213714.9143653
a,1791213714.9375465,1791213715.118316
b,1791213715.2569914,1791213715.382442
o,1791213715.4116747,1791213715.5121012
u,1791213715.6108522,1791213715.6815374
n,1791213715.779872,1791213715.880041
t,1791213715.8257945,1791213715.9384081
Key.space,1791213715.9537191,1791213716.1275973
c,1791213716.2323036,1791213716.3671448
a,1791213716.3821626,1791213716.5182087
l,1791213716.516557,1791213716.5825775
l,1791213716.6653337,1791213716.749992
Key.space,1791213716.7775555,1791213716.9109545
l,1791213716.881099,1791213716.9347112
i,1791213717.0529885,1791213717.1297035
k,1791213717.2295957,1791213717.3390884
e,1791213717.2737868,1791213717.4176745
Key.space,1791213717.4326365,1791213717.5838242
g,1791213717.683355,1791213717.7932234
o,1791213717.8072925,1791213717.875154
Key.space,1791213717.8572295,1791213718.0045278
s,1791213717.9833434,1791213718.0907822
c,1791213718.227239,1791213718.3113737
v,1791213718.1933987,1791213718.3168807
Key.backspace,1791213718.5130827,1791213718.6208808
Key.backspace,1791213718.803462,1791213718.8829215
Key.backspace,1791213718.9749238,1791213719.0276885
c,1791213719.1927345,1791213719.3490715
h,1791213719.4965825,1791213719.6243436
i,1791213719.6489432,1791213719.7161925
l,1791213719.8403735,1791213719.8816633
k,1791213719.8259206,1791213719.892066
d,1791213719.9105515,1791213720.0161996
Key.backspace,1791213720.1679037,1791213720.2257028
Key.backspace,1791213720.3142986,1791213720.386335
Key.backspace,1791213720.5250099,1791213720.5802531
l,1791213720.9251926,1791213721.0131533
d,1791213721.0766249,1791213721.1835878
Key.space,1791213721.1627684,1791213721.3153868
n,1791213721.3695872,1791213721.463197
o,1791213721.6185255,1791213721.6873426
Key.space,1791213721.7248163,1791213721.8716643
e,1791213721.9595513,1791213722.066363
a,1791213722.085297,1791213722.149419
c,1791213722.205663,1791213722.3430495
h,1791213722.3450499,1791213722.4196615
Key.space,1791213722.4107008,1791213722.5660563
d,1791213722.5281556,1791213722.6645176
o,1791213722.6610014,1791213722.740699
w,1791213722.814685,1791213722.9188771
n,1791213722.931535,1791213723.0044978
Key.space,1791213723.007536,1791213723.1484914
l,1791213723.1650915,1791213723.2523153
e,1791213723.2204301,1791213723.3371203
a,1791213723.35016,1791213723.5064523
d,1791213723.475299,1791213723.6057925
o,1791213723.6386507,1791213723.71649
Key.space,1791213723.5903976,1791213723.7452064
n,1791213723.819906,1791213723.8985367
Key.space,1791213723.9322925,1791213724.0817585
t,1791213724.0742602,1791213724.2083526
h,1791213724.1801093,1791213724.257416
Key.backspace,1791213724.4886003,1791213724.5550246
a,1791213724.620044,1791213724.7340045
k,1791213724.7826219,1791213724.8765175
e,1791213724.900846,1791213724.9942396
Key.space,1791213724.9854913,1791213725.1069918
b,1791213725.1402361,1791213725.2199435
e,1791213725.189034,1791213725.2854133
f,1791213725.4195697,1791213725.5095308
o,1791213725.5775719,1791213725.665517
r,1791213725.639242,1791213725.7514906
e,1791213725.8557675,1791213725.955055
Key.space,1791213725.993183,1791213726.1050806
l,1791213726.1311243,1791213726.218789
i,1791213726.3400817,1791213726.4032402
Key.backspace,1791213726.7815166,1791213726.8929605
o,1791213726.974491,1791213727.0634658
n,1791213727.1801097,1791213727.2638478
g,1791213727.2663493,1791213727.3622005
Key.space,1791213727.3864408,1791213727.562383
h,1791213727.5538769,1791213727.6216373
t,1791213727.5123253,1791213727.663954
u,1791213727.7645288,1791213727.8443818
Key.backspace,1791213728.2217133,1791213728.2656243
Key.backspace,1791213728.3765132,1791213728.3826709
i,1791213728.7667606,1791213728.8565974
n,1791213728.9864528,1791213729.0645087
Key.backspace,1791213729.2810543,1791213729.3528922
Key.backspace,1791213729.4317088,1791213729.5153952
h,1791213729.9338083,1791213730.03274
i,1791213730.0109115,1791213730.0906103
n,1791213730.190111,1791213730.2648897
g,1791213730.2291076,1791213730.3516777
Key.space,1791213730.3949666,1791213730.51125
a,1791213730.6168394,1791213730.7676473
g,1791213730.8186738,1791213730.9052978
a,1791213730.9391673,1791213731.0567913
i,1791213731.0578012,1791213731.1549602
n,1791213731.2757635,1791213731.3826404
Key.space,1791213731.377606,1791213731.5284696
h,1791213731.570089,1791213731.650208
a,1791213731.672019,1791213731.79033
n,1791213731.778254,1791213731.8739605
d,1791213731.914635,1791213732.018879
Key.space,1791213731.9984,1791213732.143526
o,1791213732.0875728,1791213732.1722157
f,1791213732.2063642,1791213732.3464348
Key.space,1791213732.3079462,1791213732.456347
b,1791213732.5582561,1791213732.6323757
u,1791213732.9496617,1791213733.0601282
t,1791213733.102574,1791213733.2004108
Key.space,1791213733.2034261,1791213733.3580062
s,1791213733.3768272,1791213733.4949949
t,1791213733.5892825,1791213733.7032301
a,1791213733.7052295,1791213733.8407152
t,1791213733.817584,1791213733.9288747
e,1791213734.0348344,1791213734.1540763
Key.space,1791213734.1409583,1791213734.3009727
a,1791213734.2353005,1791213734.4236665
s,1791213734.3638804,1791213734.4997063
k,1791213734.4608362,1791213734.5648396
Key.space,1791213734.5673594,1791213734.747374
f,1791213734.6786218,1791213734.782845
r,1791213734.872761,1791213735.0036893
o,1791213734.997387,1791213735.078756
m,1791213735.1818027,1791213735.2693374
Key.space,1791213735.321274,1791213735.4696152
b,1791213735.7206562,1791213735.8063927
e,1791213735.8120797,1791213735.8935437
g,1791213736.0503953,1791213736.1568105
i,1791213736.1525605,1791213736.2164655
n,1791213736.3366637,1791213736.451525
Key.space,1791213736.4464896,1791213736.556648
f,1791213737.1857069,1791213737.2852707
e,1791213737.392261,1791213737.5642972
w,1791213737.5126789,1791213737.6550324
Key.space,1791213737.6456456,1791213737.7889972
h,1791213737.8608384,1791213737.9394753
e,1791213737.9175072,1791213738.0167563
a,1791213738.0616786,1791213738.16873
d,1791213738.1351886,1791213738.297396
Key.space,1791213738.2605255,1791213738.4253159
h,1791213738.5174172,1791213738.6086442
Key.backspace,1791213738.8520827,1791213738.9464295
s,1791213738.9493158,1791213739.031538
c,1791213739.1234725,1791213739.2402163
h,1791213739.3932893,1791213739.4523816
o,1791213739.4530928,1791213739.523482
o,1791213739.6074867,1791213739.6756532
l,1791213739.7904482,1791213739.866465
Key.space,1791213739.9038062,1791213740.0403395
l,1791213740.0563822,1791213740.1327722
i,1791213740.2441936,1791213740.3121572
n,1791213740.420648,1791213740.516268
e,1791213740.4965515,1791213740.6144965
Key.space,1791213740.6144965,1791213740.7502866
o,1791213740.6812973,1791213740.781644
n,1791213740.873714,1791213740.960184
Key.space,1791213740.9611843,1791213741.1229208
h,1791213741.1276464,1791213741.2082276
a,1791213741.244527,1791213741.359932
n,1791213741.439042,1791213741.5500128
d,1791213741.5805135,1791213741.67275
Key.space,1791213741.6422873,1791213741.7934084
m,1791213741.8150094,1791213741.9011254
a,1791213741.9153671,1791213742.0272608
n,1791213742.0333052,1791213742.1091764
y,1791213742.1387439,1791213742.241623
Key.space,1791213742.272924,1791213742.420413
l,1791213742.3806152,1791213742.4770827
i,1791213742.578841,1791213742.6574147
t,1791213742.5992904,1791213742.709031
t,1791213742.8001509,1791213742.9089248
l,1791213742.9869359,1791213743.0584333
e,1791213743.0633106,1791213743.1745257
Key.space,1791213743.1528993,1791213743.2674012
t,1791213743.425764,1791213743.5225089
h,1791213743.6089468,1791213743.7111022
r,1791213743.753049,1791213743.89011
o,1791213743.9471788,1791213744.0365875
u,1791213744.140102,1791213744.22513
g,1791213744.2743196,1791213744.3485181
h,1791213744.3800373,1791213744.4619188
Key.space,1791213744.5077946,1791213744.6575854
e,1791213744.7665417,1791213744.90852
a,1791213744.9198055,1791213745.0496671
c,1791213745.0341582,1791213745.1747496
h,1791213745.1802807,1791213745.2616935
Key.space,1791213745.235189,1791213745.3836405
g,1791213745.4765499,1791213745.5920427
i,1791213745.550243,1791213745.6456172
Key.backspace,1791213745.826669,1791213745.8873334
Key.backspace,1791213745.981126,1791213746.0505707
f,1791213746.2721152,1791213746.3949604
i,1791213746.347135,1791213746.4132922
n,1791213746.5291255,1791213746.6453607
d,1791213746.6675503,1791213746.7792876
Key.space,1791213746.7506194,1791213746.8954394
l,1791213746.883517,1791213746.9611945
o,1791213747.0649037,1791213747.1530259
o,1791213747.2352245,1791213747.2980132
l,1791213747.4234185,1791213747.4980667
Key.backspace,1791213747.7201412,1791213747.7871802
k,1791213747.8684769,1791213747.95525
Key.space,1791213747.9773788,1791213748.0983696
o,1791213748.1139393,1791213748.2001574
l,1791213748.2785378,1791213748.3635547
d,1791213748.3602748,1791213748.4980683
o,1791213748.538391,1791213748.634424
Key.space,1791213748.4827213,1791213748.6354299
f,1791213748.6506698,1791213748.7685394
f,1791213748.8480065,1791213748.9840157
Key.space,1791213749.0356507,1791213749.1803563
m,1791213749.1518679,1791213749.2442265
i,1791213749.3742042,1791213749.4580016
g,1791213749.4757288,1791213749.606634
h,1791213749.6307316,1791213749.7146294
t,1791213749.744486,1791213749.8850818
Key.space,1791213749.8771002,1791213750.0064504
t,1791213750.1972804,1791213750.3035975
o,1791213750.2650325,1791213750.3516839
o,1791213750.4331565,1791213750.5267255
Key.space,1791213750.5066888,1791213750.671226
t,1791213750.6395245,1791213750.7758012
u,1791213750.7690752,1791213750.8188198
y,1791213750.7511647,1791213750.8213384
r,1791213750.9216013,1791213751.0674286
Key.backspace,1791213751.152811,1791213751.2146208
Key.backspace,1791213751.2930448,1791213751.3551595
Key.backspace,1791213751.4372354,1791213751.512974
u,1791213751.71876,1791213751.802295
r,1791213751.8654327,1791213751.9838119
n,1791213751.9783196,1791213752.0912983
Key.space,1791213752.1352,1791213752.2622776
l,1791213752.4227965,1791213752.500668
i,1791213752.626746,1791213752.7026966
n,1791213752.801052,1791213752.8884597
e,1791213752.920655,1791213753.0883696
Key.space,1791213753.006262,1791213753.2026463
n,1791213753.2061474,1791213753.3023
e,1791213753.2620537,1791213753.4342132
w,1791213753.3826878,1791213753.5252328
Key.space,1791213753.4662774,1791213753.6080887
f,1791213753.7304406,1791213753.8639445
i,1791213753.834463,1791213753.922468
n,1791213754.0198386,1791213754.1206584
d,1791213754.162458,1791213754.2899501
Key.space,1791213754.268377,1791213754.436895
h,1791213754.7344644,1791213754.8168657
e,1791213754.7952716,1791213754.919649
a,1791213754.9206495,1791213755.0450659
d,1791213755.044058,1791213755.2094772
Key.space,1791213755.1853297,1791213755.3378682
s,1791213755.4637372,1791213755.6350527
a,1791213755.603489,1791213755.7451513
m,1791213755.6872828,1791213755.7913756
e,1791213755.817374,1791213755.9492795
Key.space,1791213755.8951552,1791213756.0493934
p,1791213756.031243,1791213756.1290464
a,1791213756.0555315,1791213756.1958888
r,1791213756.175222,1791213756.3352535
t,1791213756.4145985,1791213756.5266237
Key.space,1791213756.53624,1791213756.6926312
o,1791213756.7501228,1791213756.8484566
y,1791213756.7364907,1791213756.8522398
u,1791213756.989729,1791213757.0719454
t,1791213757.0433846,1791213757.1710486
Key.space,1791213757.1483207,1791213757.2918508
i,1791213757.2799625,1791213757.378264
f,1791213757.7328796,1791213757.8764217
Key.space,1791213757.8917553,1791213758.0214407
a,1791213758.0523245,1791213758.1845057
t,1791213758.226407,1791213758.3572724
Key.space,1791213758.3502321,1791213758.4925592
t,1791213758.4443748,1791213758.5815313
i,1791213758.5420835,1791213758.613316
m,1791213758.7174613,1791213758.7948563
e,1791213758.7553048,1791213758.866689
Key.space,1791213758.8591495,1791213759.0229642
c,1791213758.9896863,1791213759.1453683
a,1791213759.1018426,1791213759.2336154
l,1791213759.2153907,1791213759.26466
l,1791213759.347392,1791213759.4252887
Key.space,1791213759.442767,1791213759.5672286
o,1791213759.5458694,1791213759.6134691
n,1791213759.7197578,1791213759.7952724
Key.space,1791213759.8368335,1791213759.9748778
p,1791213759.9412434,1791213760.027085
a,1791213760.0394614,1791213760.1646404
r,1791213760.1228492,1791213760.2719696
r,1791213760.3853986,1791213760.414639
t,1791213760.353876,1791213760.4311616
Key.backspace,1791213760.7579079,1791213760.8604362
Key.space,1791213760.9211504,1791213761.0551126
m,1791213761.0480773,1791213761.154325
e,1791213761.1578443,1791213761.2997382
a,1791213761.2576976,1791213761.3578465
n,1791213761.372324,1791213761.4783573
Key.space,1791213761.5364685,1791213761.6800504
a,1791213761.724836,1791213761.844527
n,1791213761.8166397,1791213761.8946688
y,1791213761.9629602,1791213762.0735457
Key.space,1791213762.1050014,1791213762.3026
w,1791213762.5019264,1791213762.6218002
h,1791213762.6363657,1791213762.7090907
e,1791213762.71009,1791213762.845721
r,1791213762.893538,1791213763.0030372
e,1791213763.0668411,1791213763.2017896
Key.space,1791213763.1873891,1791213763.3227437
m,1791213763.3388736,1791213763.4473348
a,1791213763.3767452,1791213763.4876251
y,1791213763.5789254,1791213763.6831923
Key.space,1791213763.6852028,1791213763.8052804
o,1791213763.7917292,1791213763.886923
v,1791213763.899617,1791213764.0205936
e,1791213764.135429,1791213764.2487576
r,1791213764.331357,1791213764.43078
Key.space,1791213764.4327834,1791213764.5795503
c,1791213764.5729752,1791213764.7048714
o,1791213764.643081,1791213764.7150319
u,1791213764.7991252,1791213764.875599
l,1791213764.9979308,1791213765.11388
d,1791213765.1313508,1791213765.246439
Key.space,1791213765.224203,1791213765.3723626
l,1791213765.3698454,1791213765.4665346
i,1791213765.6407177,1791213765.7197077
n,1791213765.8224428,1791213765.978354
e,1791213765.9732907,1791213766.1000164
Key.space,1791213766.055663,1791213766.2050061
o,1791213766.1765828,1791213766.2796118
r,1791213766.260353,1791213766.392319
Key.space,1791213766.3797412,1791213766.5446885
c,1791213766.546698,1791213766.6667597
o,1791213766.6100082,1791213766.6752903
u,1791213766.777682,1791213766.8477027
r,1791213766.862155,1791213766.9876418
s,1791213767.0587614,1791213767.1889522
e,1791213767.159189,1791213767.2894435
Key.space,1791213767.2644203,1791213767.4422152
y,1791213767.4074752,1791213767.543272
o,1791213767.493266,1791213767.5987191
u,1791213767.7011623,1791213767.7614317
Key.space,1791213767.7785208,1791213767.8967624
b,1791213768.0757728,1791213768.1594555
e,1791213768.1835287,1791213768.3112671
Key.space,1791213768.2747614,1791213768.423187
w,1791213768.42168,1791213768.533505
i,1791213768.5510051,1791213768.6195323
l,1791213768.7398198,1791213768.7995355
l,1791213768.8749354,1791213768.9496844
m,1791213769.079331,1791213769.1567035
Key.space,1791213768.9725854,1791213769.1742039
e,1791213769.1567035,1791213769.2940948
a,1791213769.2485294,1791213769.3696597
n,1791213769.3377352,1791213769.4177663
Key.space,1791213769.4435165,1791213769.6019714
f,1791213769.5558696,1791213769.7133698
o,1791213769.6552484,1791213769.7225375
l,1791213769.8124251,1791213769.886363
l,1791213769.9627988,1791213770.044586
o,1791213770.1544387,1791213770.2283745
w,1791213770.228882,1791213770.3602476
Key.space,1791213770.3542423,1791213770.4774232
m,1791213770.4162834,1791213770.511967
e,1791213770.5427465,1791213770.5677834
o,1791213770.7477076,1791213770.8170595
Key.backspace,1791213770.9775007,1791213771.0384612
Key.backspace,1791213771.1239133,1791213771.184175
o,1791213771.2592924,1791213771.3708458
v,1791213771.3070037,1791213771.4149504
e,1791213771.526957,1791213771.6539814
Key.space,1791213771.6792145,1791213771.808524
a,1791213771.7644975,1791213771.8917663
t,1791213771.9352202,1791213772.0585089
Key.space,1791213772.0729816,1791213772.2147415
s,1791213772.2056308,1791213772.3510447
t,1791213772.42465,1791213772.5350392
a,1791213772.5566533,1791213772.6888428
t,1791213772.7237976,1791213772.833734
e,1791213772.9578855,1791213773.0998876
Key.space,1791213773.1557963,1791213773.289047
m,1791213773.5621696,1791213773.6298883
s,1791213774.0095515,1791213774.09372
o,1791213774.0866022,1791213774.1776366
Key.backspace,1791213774.321678,1791213774.3854907
Key.backspace,1791213774.7498436,1791213774.8298798
o,1791213774.9347608,1791213775.0035794
s,1791213774.9941263,1791213775.0951116
t,1791213775.1708705,1791213775.2923224
Key.space,1791213775.2948267,1791213775.4054313
o,1791213775.4467735,1791213775.531197
n,1791213775.6368763,1791213775.7073731
l,1791213775.8250716,1791213775.8992784
y,1791213775.9033096,1791213775.994976
Key.space,1791213776.008772,1791213776.137598
w,1791213776.1755185,1791213776.3164535
h,1791213776.3114533,1791213776.3886662
e,1791213776.4205024,1791213776.5452754
n,1791213776.5132892,1791213776.609102
Key.space,1791213776.614618,1791213776.747625
u,1791213776.7890635,1791213776.8652961
s,1791213776.8767393,1791213777.008486
e,1791213776.9587207,1791213777.0726018
Key.space,1791213777.0486019,1791213777.2646675
f,1791213777.2317364,1791213777.3226445
r,1791213777.4098396,1791213777.525113
o,1791213777.4966755,1791213777.562318
m,1791213777.6422446,1791213777.7196732
Key.space,1791213777.7044613,1791213777.8636668
s,1791213777.8144302,1791213777.9402528
m,1791213777.9167433,1791213778.0063381
a,1791213778.113656,1791213778.2171905
;,1791213778.218704,1791213778.2623296
l,1791213778.218197,1791213778.266838
l,1791213778.3538795,1791213778.4342353
Key.backspace,1791213778.693731,1791213778.767622
Key.backspace,1791213778.8534248,1791213778.942238
l,1791213779.0717642,1791213779.1625352
l,1791213779.283132,1791213779.3620417
Key.backspace,1791213779.558197,1791213779.6473825
Key.space,1791213779.7116559,1791213779.850984
b,1791213779.9252138,1791213780.0248864
e,1791213780.2287588,1791213780.3254483
t,1791213780.37803,1791213780.4408517
w,1791213780.4928837,1791213780.6093132
e,1791213780.6892748,1791213780.7676098
e,1791213780.8542893,1791213780.9366558
n,1791213780.957546,1791213781.0411081
Key.space,1791213781.0550532,1791213781.191644
g,1791213781.2850387,1791213781.3631954
e,1791213781.406787,1791213781.5091732
n,1791213781.6012979,1791213781.729639
e,1791213781.8010983,1791213781.9285524
r,1791213782.0371563,1791213782.166336
a,1791213782.1467183,1791213782.2845266
l,1791213782.2789464,1791213782.3778765
Key.space,1791213782.3579855,1791213782.5162618
r,1791213782.4417224,1791213782.57668
e,1791213782.644829,1791213782.7563958
a,1791213782.7263138,1791213782.8764508
l,1791213782.8487008,1791213782.9475915
Key.space,1791213783.036352,1791213783.1522577
p,1791213783.1300163,1791213783.2376344
r,1791213783.2725255,1791213783.4100564
e,1791213783.4885151,1791213783.5838213
s,1791213783.622399,1791213783.790281
e,1791213783.7564356,1791213783.897997
n,1791213783.8781111,1791213783.972579
t,1791213784.0068252,1791213784.1255312
Key.space,1791213784.1075172,1791213784.2688787
l,1791213784.1891327,1791213784.2846665
a,1791213784.262385,1791213784.4529915
s,1791213784.3809633,1791213784.5092642
y,1791213784.6034873,1791213784.7071645
t,1791213784.6333144,1791213784.7111824
Key.space,1791213784.7009802,1791213784.8653471
Key.backspace,1791213784.9352324,1791213784.9995284
Key.backspace,1791213785.067611,1791213785.136689
Key.backspace,1791213785.2091935,1791213785.2948816
t,1791213785.415963,1791213785.5245733
Key.space,1791213785.6534169,1791213785.7843428
s,1791213785.731261,1791213785.859883
h,1791213785.85487,1791213785.923379
o,1791213786.053845,1791213786.1327438
w,1791213786.0909479,1791213786.2075663
Key.space,1791213786.2050471,1791213786.3722599
f,1791213786.3338122,1791213786.4384093
i,1791213786.3963835,1791213786.4705899
r,1791213786.5443263,1791213786.6642764
s,1791213786.719135,1791213786.850197
r,1791213786.8263586,1791213786.8704727
y,1791213786.996671,1791213787.12259
Key.space,1791213787.223119,1791213787.3719802
w,1791213787.378018,1791213787.5017774
o,1791213787.466424,1791213787.5481517
u,1791213787.6503518,1791213787.7082114
l,1791213787.8214688,1791213787.9198503
d,1791213787.9104118,1791213788.0145373
Key.space,1791213787.9842718,1791213788.1223464
m,1791213788.080902,1791213788.1519191
o,1791213788.2723663,1791213788.3450532
s,1791213788.3511372,1791213788.5122352
t,1791213788.6357148,1791213788.7595758
Key.space,1791213788.751699,1791213788.9433331
t,1791213788.897407,1791213789.0495121
h,1791213788.9953246,1791213789.0730329
o,1791213789.2111633,1791213789.3052068
s,1791213789.253096,1791213789.4147947
e,1791213789.357352,1791213789.5135086
Key.space,1791213789.485007,1791213789.6209714
d,1791213789.604029,1791213789.733606
o,1791213789.723905,1791213789.7964034
Key.space,1791213789.7910023,1791213789.9645283
f,1791213789.9358976,1791213790.0770013
i,1791213790.0754952,1791213790.1478236
r,1791213790.181248,1791213790.3869479
s,1791213790.3391333,1791213790.4915497
t,1791213790.50664,1791213790.64179
Key.space,1791213790.648309,1791213790.7642603
t,1791213790.7366376,1791213790.893707
h,1791213790.8371725,1791213790.9145098
i,1791213791.0163782,1791213791.1064703
n,1791213791.2272923,1791213791.3329816
g,1791213791.446471,1791213791.6000907
Key.space,1791213791.67833,1791213791.7801955
n,1791213791.7717988,1791213791.8399599
e,1791213791.8785763,1791213791.9700713
e,1791213792.0376549,1791213792.1738966
d,1791213792.2768407,1791213792.436308
Key.space,1791213792.3914893,1791213792.5378609
s,1791213792.543548,1791213792.7231946
m,1791213792.697854,1791213792.8089569
a,1791213792.7134986,1791213792.9073756
Key.backspace,1791213793.0710323,1791213793.1411903
a,1791213793.2827668,1791213793.3928301
Key.backspace,1791213793.535342,1791213793.600965
Key.backspace,1791213793.685418,1791213793.764873
a,1791213793.7486207,1791213793.862901
m,1791213793.9056137,1791213793.9851975
e,1791213793.9834554,1791213794.094891
Key.space,1791213794.0690007,1791213794.173692
n,1791213794.1875813,1791213794.2632692
a,1791213794.2693126,1791213794.3794756
t,1791213794.4389985,1791213794.5726035
i,1791213794.5678272,1791213794.6196084
o,1791213794.7169948,1791213794.830059
n,1791213794.850626,1791213794.9825315
Key.space,1791213795.070636,1791213795.1445973
s,1791213795.2072206,1791213795.31187
t,1791213795.46838,1791213795.594768
a,1791213795.6045382,1791213795.7324574
n,1791213795.7548919,1791213795.8684666
d,1791213795.8967185,1791213796.0020952
Key.space,1791213795.9781876,1791213796.0739274
b,1791213796.1301444,1791213796.210014
e,1791213796.1964226,1791213796.2839653
f,1791213796.4078994,1791213796.526353
o,1791213796.5604331,1791213796.636719
r,1791213796.6313376,1791213796.7221951
e,1791213796.8080978,1791213796.9219165
Key.space,1791213796.9556756,1791213797.086411
f,1791213797.0612445,1791213797.127257
o,1791213797.1311991,1791213797.211371
r,1791213797.2292979,1791213797.3315516
i,1791213797.3707535,1791213797.4388142
Key.space,1791213797.3386095,1791213797.4712207
n,1791213797.533248,1791213797.6054695
c,1791213797.553234,1791213797.6735964
r,1791213797.781089,1791213797.8711796
e,1791213797.9868126,1791213798.104566
a,1791213798.0914962,1791213798.2971456
s,1791213798.2170007,1791213798.3688114
e,1791213798.3274097,1791213798.4292495
Key.space,1791213798.418746,1791213798.5466619
e,1791213798.6053402,1791213798.7167373
v,1791213798.7974365,1791213798.8847778
e,1791213798.9413505,1791213799.0700061
n,1791213799.0720065,1791213799.1499665
Key.space,1791213799.1616986,1791213799.309953
s,1791213799.2440877,1791213799.3621645
e,1791213799.3408923,1791213799.490142
t,1791213799.5938118,1791213799.718615
Key.space,1791213799.7508433,1791213799.8948307
l,1791213799.8315058,1791213799.9200993
i,1791213800.0219579,1791213800.0863273
f,1791213800.0403433,1791213800.1279194
e,1791213800.2740993,1791213800.3976033
Key.space,1791213800.3842647,1791213800.5738041
s,1791213800.5395818,1791213800.7085948
a,1791213800.6781847,1791213800.7781954
t,1791213800.7481093,1791213800.8452654
Key.space,1791213800.976777,1791213801.082575
Key.backspace,1791213801.1376472,1791213801.1993024
Key.backspace,1791213801.2848015,1791213801.3685257
y,1791213801.4436772,1791213801.5556345
Key.space,1791213801.5869503,1791213801.751064
t,1791213801.7778563,1791213801.9192011
h,1791213801.9212012,1791213801.9930604
e,1791213802.0279357,1791213802.1447556
r,1791213802.2073693,1791213802.2946036
Key.backspace,1791213802.609542,1791213802.6813583
y,1791213802.8873692,1791213802.9733336
Key.space,1791213802.9591892,1791213803.120778
s,1791213803.0974593,1791213803.1373222
a,1791213803.132655,1791213803.3073142
n,1791213803.309323,1791213803.4067268
Key.esc,1791213804.5701504,1791213804.609827
b,1791218353.5598218,1791218354.0491588
o,1791218354.0440884,1791218354.0511596
t,1791218354.0521863,1791218354.057128
h,1791218354.054185,1791218354.0631328
Key.space,1791218354.0611405,1791218354.0656335
y,1791218354.068644,1791218354.071646
e,1791218354.0696442,1791218354.071646
a,1791218354.071646,1791218354.09712
r,1791218354.6713657,1791218354.7913826
Key.space,1791218354.8054125,1791218354.9407272
n,1791218355.0769064,1791218355.1659608
o,1791218355.287471,1791218355.3842294
t,1791218355.3369813,1791218355.4281163
Key.space,1791218355.4291165,1791218355.5999012
d,1791218355.5593607,1791218355.6935802
u,1791218355.6443722,1791218355.7318027
r,1791218355.8218968,1791218355.947943
i,1791218355.8761714,1791218355.9637768
n,1791218356.0577855,1791218356.1619933
g,1791218356.1659334,1791218356.2618015
Key.space,1791218356.2528229,1791218356.4112124
g,1791218356.3695548,1791218356.4792926
o,1791218356.5018697,1791218356.5878282
Key.space,1791218356.6079657,1791218356.7485113
t,1791218356.7437305,1791218356.8587615
o,1791218356.8928509,1791218356.9489439
Key.space,1791218356.9335034,1791218357.0385911
s,1791218357.0273561,1791218357.13409
h,1791218357.221104,1791218357.3303163
o,1791218357.2947452,1791218357.3821938
u,1791218357.4868987,1791218357.5604143
l,1791218357.6687462,1791218357.757113
d,1791218357.7644656,1791218357.8659427
Key.space,1791218357.839473,1791218357.973026
m,1791218357.9072604,1791218357.9842331
o,1791218358.0944853,1791218358.179124
r,1791218358.1113722,1791218358.2048016
w,1791218358.3089275,1791218358.3626175
Key.space,1791218358.3928702,1791218358.529296
Key.backspace,1791218358.661569,1791218358.7398155
Key.backspace,1791218358.81713,1791218358.8894618
e,1791218358.893642,1791218358.9893928
Key.space,1791218358.979129,1791218359.1160104
v,1791218359.2172437,1791218359.2509236
b,1791218359.144192,1791218359.2658706
o,1791218359.2458947,1791218359.3158982
Key.backspace,1791218359.5455477,1791218359.6078649
Key.backspace,1791218359.6875172,1791218359.7657104
o,1791218359.8610198,1791218359.9579988
t,1791218360.021487,1791218360.1079955
h,1791218360.1316059,1791218360.212223
Key.space,1791218360.2135494,1791218360.3329833
t,1791218360.2993233,1791218360.40467
h,1791218360.4125595,1791218360.4669669
e,1791218360.5327299,1791218360.638359
y,1791218360.6199734,1791218360.7066803
Key.space,1791218360.697981,1791218360.8507543
s,1791218360.8183815,1791218360.9265962
t,1791218361.0165224,1791218361.132689
i,1791218361.0986457,1791218361.1704082
l,1791218361.2826245,1791218361.342395
l,1791218361.4142742,1791218361.48327
Key.space,1791218361.48836,1791218361.6413238
s,1791218361.6091592,1791218361.7211275
u,1791218361.704168,1791218361.8022106
c,1791218362.0313146,1791218362.1541052
h,1791218362.1787765,1791218362.2469878
Key.space,1791218362.2459445,1791218362.3760197
t,1791218362.4780195,1791218362.56204
r,1791218362.4897928,1791218362.566033
Key.backspace,1791218362.8175695,1791218362.8871155
e,1791218363.0957212,1791218363.195659
l,1791218363.2289445,1791218363.2772684
l,1791218363.3782074,1791218363.4415357
Key.space,1791218363.4395387,1791218363.5441437
f,1791218363.5777395,1791218363.667602
e,1791218363.7743273,1791218363.8555918
e,1791218363.9418247,1791218364.0443132
l,1791218364.048859,1791218364.12315
Key.space,1791218364.134052,1791218364.2700522
w,1791218364.2105744,1791218364.356894
Key.backspace,1791218364.5269573,1791218364.5832405
w,1791218364.8347008,1791218364.9591548
i,1791218364.9891837,1791218365.0760994
l,1791218365.2043374,1791218365.2630997
l,1791218365.354175,1791218365.4207058
Key.space,1791218365.4629698,1791218365.6010423
c,1791218365.6433194,1791218365.7658677
o,1791218365.7184553,1791218365.784545
u,1791218365.8901608,1791218365.9419818
l,1791218366.0886981,1791218366.183184
d,1791218366.1522796,1791218366.2462597
Key.space,1791218366.2872288,1791218366.4110677
p,1791218366.3939083,1791218366.4830565
r,1791218366.488874,1791218366.554194
o,1791218366.9697242,1791218367.0497775
g,1791218367.1638527,1791218367.2757757
r,1791218367.3898234,1791218367.5259647
a,1791218367.5108852,1791218367.615823
m,1791218367.6504092,1791218367.7536032
Key.space,1791218367.792462,1791218367.9042222
e,1791218368.0612435,1791218368.1785817
c,1791218368.315044,1791218368.4509318
Key.backspace,1791218368.7387216,1791218368.8268838
a,1791218368.8210995,1791218368.9190366
c,1791218368.9731035,1791218369.0892076
h,1791218369.19617,1791218369.264967
Key.space,1791218369.2447805,1791218369.3746173
r,1791218369.4361598,1791218369.579498
a,1791218369.5679479,1791218369.6841779
Key.backspace,1791218369.85428,1791218369.9295437
Key.backspace,1791218369.9981956,1791218370.0781858
e,1791218370.0359948,1791218370.1476192
a,1791218370.1168118,1791218370.2325606
r,1791218370.2435863,1791218370.3772357
l,1791218370.4439857,1791218370.5480003
y,1791218370.7175868,1791218370.774172
Key.space,1791218371.2808766,1791218371.455907
t,1791218371.4503436,1791218371.5630794
e,1791218371.6670372,1791218371.769337
l,1791218371.8304405,1791218371.8845773
l,1791218371.970632,1791218372.056405
Key.space,1791218372.040946,1791218372.177836
h,1791218372.2540438,1791218372.3791714
o,1791218372.330128,1791218372.4126182
m,1791218372.5065436,1791218372.5890846
e,1791218372.5526881,1791218372.664778
Key.space,1791218372.6728506,1791218372.79296
y,1791218372.7964823,1791218372.9192429
p,1791218372.9202445,1791218373.0097928
Key.space,1791218373.0370095,1791218373.156331
Key.backspace,1791218373.268287,1791218373.3436177
Key.backspace,1791218373.4270027,1791218373.5018194
Key.backspace,1791218373.5913363,1791218373.680505
u,1791218373.7786257,1791218373.870399
p,1791218373.9458342,1791218374.0401828
Key.space,1791218374.08754,1791218374.1858602
p,1791218374.5659258,1791218374.668193
r,1791218374.904709,1791218374.9930978
o,1791218375.0472317,1791218375.1385438
g,1791218375.128595,1791218375.1970315
r,1791218375.3005922,1791218375.464972
a,1791218375.42139,1791218375.5396845
m,1791218375.5208757,1791218375.6189494
Key.space,1791218375.644739,1791218375.768595
m,1791218375.8208344,1791218375.9240968
a,1791218375.9205916,1791218376.0348353
n,1791218376.0384684,1791218376.115804
Key.space,1791218376.0965629,1791218376.2328138
k,1791218376.2689688,1791218376.3508854
n,1791218376.450486,1791218376.524676
o,1791218376.6784325,1791218376.7679112
w,1791218376.856331,1791218376.9836643
Key.space,1791218376.9739828,1791218377.107377
c,1791218377.24371,1791218377.3900268
a,1791218377.3712049,1791218377.4979405
n,1791218377.4959233,1791218377.5718892
Key.space,1791218377.565792,1791218377.7217305
t,1791218377.696343,1791218377.8068686
h,1791218377.799055,1791218377.8738172
i,1791218377.9740064,1791218378.0592837
n,1791218378.153653,1791218378.244354
g,1791218378.2161407,1791218378.3295934
Key.space,1791218378.3114944,1791218378.4431539
b,1791218378.7408302,1791218378.8390653
a,1791218378.8087604,1791218378.9465303
c,1791218378.9824002,1791218379.1189885
k,1791218379.1200037,1791218379.1945636
Key.space,1791218379.1723876,1791218379.3007412
l,1791218379.3341413,1791218379.4208758
o,1791218379.5278375,1791218379.6167932
o,1791218379.6889198,1791218379.757389
p,1791218379.883075,1791218379.997046
Key.space,1791218380.0143332,1791218380.1387649
h,1791218380.2021143,1791218380.28696
a,1791218380.312298,1791218380.4236128
n,1791218380.4420133,1791218380.5459685
d,1791218380.533729,1791218380.6532772
Key.space,1791218380.6193535,1791218380.747933
h,1791218380.7132757,1791218380.7912877
e,1791218380.801321,1791218380.928244
a,1791218380.8956406,1791218381.038894
d,1791218381.0324728,1791218381.1518059
Key.space,1791218381.1137316,1791218381.2579443
t,1791218381.2637067,1791218381.387192
o,1791218381.3821466,1791218381.4441993
o,1791218381.5195875,1791218381.6044323
Key.space,1791218381.599583,1791218381.7219083
m,1791218381.7259886,1791218381.803755
a,1791218381.7957194,1791218381.8919454
k,1791218381.9329479,1791218382.0228374
e,1791218381.9909189,1791218382.1183083
Key.space,1791218382.103076,1791218382.2223623
b,1791218382.1970494,1791218382.2708223
y,1791218382.3911707,1791218382.4747927
Key.space,1791218382.488854,1791218382.610093
s,1791218382.60461,1791218382.7326493
t,1791218382.8127768,1791218382.9242425
a,1791218382.9412844,1791218383.0612817
t,1791218383.073294,1791218383.2036276
e,1791218383.278214,1791218383.4149833
m,1791218383.4243522,1791218383.5034523
Key.space,1791218383.372814,1791218383.5088804
o,1791218383.6111042,1791218383.70751
r,1791218383.5969515,1791218383.712626
e,1791218383.787297,1791218383.8961549
Key.backspace,1791218383.9325407,1791218383.9871056
Key.backspace,1791218384.0722044,1791218384.1458297
Key.backspace,1791218384.22741,1791218384.3097138
o,1791218384.3778415,1791218384.4795222
r,1791218384.397517,1791218384.4898274
e,1791218384.5738223,1791218384.6800776
o,1791218384.657305,1791218384.7442994
Key.space,1791218384.6632693,1791218384.8025556
u,1791218384.8640046,1791218384.9509792
t,1791218384.9296098,1791218384.9902687
Key.space,1791218385.0900853,1791218385.1861167
t,1791218385.1055956,1791218385.21388
Key.backspace,1791218385.590468,1791218385.6723256
Key.backspace,1791218385.738851,1791218385.8190677
Key.backspace,1791218385.9024296,1791218385.9667137
Key.backspace,1791218386.0610325,1791218386.1394527
o,1791218386.2306497,1791218386.3211584
t,1791218386.4045599,1791218386.4766498
u,1791218386.4186592,1791218386.5228877
Key.backspace,1791218386.8241868,1791218386.8865886
Key.backspace,1791218386.9747748,1791218387.0377388
u,1791218387.1604977,1791218387.2328236
t,1791218387.2343338,1791218387.288733
Key.space,1791218387.2979956,1791218387.4129033
m,1791218387.4158535,1791218387.5358756
a,1791218387.527813,1791218387.659533
y,1791218387.7296042,1791218387.8295066
Key.space,1791218387.8516955,1791218387.9820428
p,1791218387.8913903,1791218388.004209
o,1791218388.101465,1791218388.1998947
s,1791218388.1793401,1791218388.2680192
s,1791218388.3437867,1791218388.4492238
i,1791218388.465762,1791218388.5541072
b,1791218388.6218138,1791218388.7356403
l,1791218388.6833894,1791218388.7755363
e,1791218388.903941,1791218389.0422747
l,1791218389.0713341,1791218389.172907
Key.space,1791218389.0703335,1791218389.1944642
i,1791218389.2829235,1791218389.3725448
n,1791218389.4669738,1791218389.562693
e,1791218389.54866,1791218389.6229184
Key.space,1791218389.623913,1791218389.7529001
a,1791218389.7426202,1791218389.8631375
n,1791218389.8341742,1791218389.9188066
Key.space,1791218389.9689739,1791218390.1027033
y,1791218390.0904999,1791218390.182564
Key.backspace,1791218390.5363708,1791218390.614701
Key.backspace,1791218390.692528,1791218390.756672
Key.backspace,1791218390.8439534,1791218390.9264398
t,1791218390.9149873,1791218391.0116472
Key.backspace,1791218391.24283,1791218391.3118966
n,1791218391.612265,1791218391.6974158
y,1791218391.7920947,1791218391.9037876
Key.space,1791218391.883721,1791218392.0279083
a,1791218391.9994512,1791218392.1366057
o,1791218392.1922839,1791218392.2731826
r,1791218392.1487458,1791218392.2980433
u,1791218392.3756766,1791218392.4477034
n,1791218392.558719,1791218392.6593168
d,1791218392.6370797,1791218392.7376237
Key.space,1791218392.706065,1791218392.8468173
a,1791218392.9227028,1791218393.0202498
d,1791218393.0127323,1791218393.1586924
Key.backspace,1791218393.2570252,1791218393.3005576
Key.backspace,1791218393.3847563,1791218393.454193
d,1791218393.4329426,1791218393.5384035
a,1791218393.501068,1791218393.6358843
t,1791218393.7474246,1791218393.7869139
y,1791218393.7127318,1791218393.7884593
Key.space,1791218393.8565311,1791218393.9665153
Key.backspace,1791218394.2808425,1791218394.3488803
Key.backspace,1791218394.420172,1791218394.5220513
Key.space,1791218394.5169675,1791218394.6491122
g,1791218394.6539826,1791218394.7870197
o,1791218394.7677283,1791218394.8573809
v,1791218394.8613935,1791218394.9913406
e,1791218395.0956728,1791218395.1959975
r,1791218395.2760963,1791218395.3859756
n,1791218395.395519,1791218395.495588
Key.space,1791218395.5095952,1791218395.6330876
f,1791218395.7140324,1791218395.7599368
d,1791218395.7076688,1791218395.817755
o,1791218395.8276806,1791218395.9089608
Key.backspace,1791218396.0922139,1791218396.177197
Key.backspace,1791218396.2535603,1791218396.3278096
Key.space,1791218396.406092,1791218396.5083938
Key.backspace,1791218396.7565825,1791218396.8559797
o,1791218396.9744205,1791218397.068631
Key.space,1791218397.0445924,1791218397.1981685
t,1791218397.1625853,1791218397.2844152
h,1791218397.3086562,1791218397.3938835
e,1791218397.3903959,1791218397.500979
r,1791218397.6237605,1791218397.724919
e,1791218397.7943072,1791218397.9106462
l,1791218397.9242055,1791218398.0023735
Key.space,1791218397.8708549,1791218398.0106006
i,1791218398.0999906,1791218398.1921084
f,1791218398.127871,1791218398.2299788
e,1791218398.3136692,1791218398.4142754
Key.space,1791218398.3855948,1791218398.5111277
g,1791218398.5699668,1791218398.6403754
o,1791218398.8060114,1791218398.8838003
o,1791218398.95825,1791218399.0495994
d,1791218399.0293624,1791218399.141813
Key.space,1791218399.1312523,1791218399.2899723
s,1791218399.2523406,1791218399.3880198
e,1791218399.3844106,1791218399.4880722
e,1791218399.5662124,1791218399.699582
Key.space,1791218399.7120132,1791218399.8725038
p,1791218399.7675934,1791218399.8757286
e,1791218399.8832865,1791218399.9897316
r,1791218400.0668874,1791218400.184637
s,1791218400.1703296,1791218400.292832
o,1791218400.2486432,1791218400.3192143
n,1791218400.4249983,1791218400.4886053
Key.space,1791218400.44268,1791218400.6165802
s,1791218400.562785,1791218400.680659
i,1791218400.6639829,1791218400.727176
n,1791218400.8244467,1791218400.9102945
c,1791218400.8410327,1791218400.940435
e,1791218401.0316317,1791218401.1493952
Key.space,1791218401.1185963,1791218401.2556806
w,1791218401.268656,1791218401.4061852
h,1791218401.3992124,1791218401.4586396
i,1791218401.5649793,1791218401.6545756
c,1791218401.6606808,1791218401.7959762
h,1791218401.7896597,1791218401.866866
Key.space,1791218401.861011,1791218402.003673
m,1791218402.0162213,1791218402.127609
a,1791218402.1693575,1791218402.2877467
k,1791218402.2957983,1791218402.3859487
e,1791218402.3955452,1791218402.4974036
Key.space,1791218402.5097835,1791218402.6239417
o,1791218402.569707,1791218402.7076292
w,1791218402.752176,1791218402.8648458
n,1791218402.8841038,1791218402.9680858
Key.space,1791218402.9474962,1791218403.0719488
g,1791218403.1361482,1791218403.1958444
Key.backspace,1791218403.5717354,1791218403.6390655
=,1791218403.5707443,1791218403.6403527
Key.backspace,1791218404.0711458,1791218404.1005363
b,1791218404.402863,1791218404.5320284
y,1791218404.5511763,1791218404.6408699
Key.space,1791218404.6486447,1791218404.7961643
t,1791218404.764214,1791218404.8945277
h,1791218404.8788805,1791218404.9693413
e,1791218404.992949,1791218405.0866768
r,1791218405.154373,1791218405.2648885
e,1791218405.3183208,1791218405.3838046
e,1791218405.4193485,1791218405.5095968
Key.space,1791218405.487645,1791218405.6039171
Key.backspace,1791218405.795666,1791218405.8665943
Key.backspace,1791218405.9556777,1791218406.0337574
Key.space,1791218406.0571709,1791218406.2138863
t,1791218406.1833692,1791218406.3413897
a,1791218406.3460078,1791218406.4496102
k,1791218406.473744,1791218406.5778842
e,1791218406.5872827,1791218406.7035277
Key.space,1791218406.6921625,1791218406.8118777
m,1791218406.7614179,1791218406.868248
a,1791218406.9229906,1791218407.023371
e,1791218407.0456645,1791218407.1863682
Key.backspace,1791218407.2833378,1791218407.336167
Key.backspace,1791218407.4144456,1791218407.484267
e,1791218407.4945989,1791218407.6032002
a,1791218407.541029,1791218407.6785789
n,1791218407.6591423,1791218407.7726853
Key.space,1791218407.7846005,1791218407.9231007
a,1791218407.9241004,1791218408.097239
Key.backspace,1791218408.3562052,1791218408.430835
m,1791218408.550142,1791218408.6140716
i,1791218408.7406905,1791218408.83603
g,1791218408.827086,1791218408.9069843
h,1791218408.9794846,1791218409.071723
t,1791218409.0757136,1791218409.1544192
Key.space,1791218409.1614742,1791218409.3462927
l,1791218409.67167,1791218409.7736204
e,1791218409.7429771,1791218409.8633413
a,1791218409.8396738,1791218409.989678
d,1791218409.9720101,1791218410.093191
Key.space,1791218410.0757916,1791218410.2040856
y,1791218410.2161646,1791218410.3112228
e,1791218410.2995472,1791218410.407638
a,1791218410.3659916,1791218410.5037563
r,1791218410.5118144,1791218410.659494
Key.space,1791218410.681809,1791218410.8062074
s,1791218410.8445911,1791218410.9884596
e,1791218410.9643304,1791218411.0971434
t,1791218411.1791756,1791218411.2824109
Key.space,1791218411.262441,1791218411.3966482
r,1791218411.3945873,1791218411.5741668
u,1791218411.510638,1791218411.581078
n,1791218411.6792088,1791218411.758503
Key.space,1791218411.706193,1791218411.8128314
n,1791218411.8630323,1791218411.9291983
e,1791218411.8589537,1791218411.981248
e,1791218412.0533988,1791218412.180726
Key.backspace,1791218412.3601768,1791218412.4250107
Key.backspace,1791218412.4911742,1791218412.5647647
Key.backspace,1791218412.6457038,1791218412.709979
n,1791218412.8246098,1791218412.893526
e,1791218412.8720877,1791218412.9580133
e,1791218413.0430014,1791218413.153733
d,1791218413.2621524,1791218413.3935661
Key.space,1791218413.4543138,1791218413.584794
a,1791218413.5302832,1791218413.7417166
s,1791218413.6478174,1791218413.8058834
Key.space,1791218413.8257642,1791218413.9558403
t,1791218413.9160705,1791218414.0528977
o,1791218414.0540059,1791218414.1236324
o,1791218414.2114844,1791218414.2659984
Key.space,1791218414.2595496,1791218414.354317
b,1791218414.4107232,1791218414.4768097
e,1791218414.4427793,1791218414.5146813
c,1791218414.6569033,1791218414.814509
a,1791218414.8094463,1791218414.968279
u,1791218414.9164095,1791218415.0008
s,1791218415.0759184,1791218415.2367685
e,1791218415.216331,1791218415.3209336
Key.space,1791218415.2888243,1791218415.4279764
i,1791218415.3869274,1791218415.4589467
Key.backspace,1791218415.888501,1791218416.004135
u,1791218416.0611722,1791218416.1768584
p,1791218416.1816096,1791218416.2871754
Key.space,1791218416.2617636,1791218416.4032528
a,1791218416.6579037,1791218416.7575884
l,1791218416.7774656,1791218416.8611097
o,1791218417.2315745,1791218417.2679334
Key.backspace,1791218417.4458613,1791218417.529686
s,1791218417.5540562,1791218417.6192243
o,1791218417.6369474,1791218417.738555
Key.space,1791218417.7311964,1791218417.8481326
e,1791218417.8643103,1791218417.9728281
a,1791218417.9944146,1791218418.1227093
c,1791218418.1309028,1791218418.2539234
h,1791218418.2443438,1791218418.3268967
Key.space,1791218418.3579817,1791218418.4885194
g,1791218418.7470732,1791218418.8568423
o,1791218418.80407,1791218418.900238
m,1791218419.001351,1791218419.083178
Key.backspace,1791218419.232786,1791218419.292189
Key.backspace,1791218419.3889518,1791218419.4387472
Key.backspace,1791218419.5285625,1791218419.5945525
h,1791218419.6462314,1791218419.7010317
o,1791218419.7177103,1791218419.7876537
m,1791218419.885692,1791218419.9656856
e,1791218419.966698,1791218420.0768564
Key.space,1791218420.0370693,1791218420.1760838
k,1791218420.0913498,1791218420.179781
n,1791218420.2709217,1791218420.3257244
o,1791218420.4579182,1791218420.5490425
w,1791218420.5419424,1791218420.663477
Key.space,1791218420.6659534,1791218420.8347344
l,1791218420.7579913,1791218420.8538747
e,1791218420.8934524,1791218421.0157518
a,1791218420.9844797,1791218421.1237872
d,1791218421.1173532,1791218421.2357426
l,1791218421.301177,1791218421.3242123
Key.space,1791218421.2556853,1791218421.3298109
Key.backspace,1791218421.5440648,1791218421.653313
r,1791218421.6488583,1791218421.7361443
e,1791218421.8268163,1791218421.9487488
a,1791218421.9013238,1791218422.0268703
l,1791218422.0512924,1791218422.1384337
Key.space,1791218422.150363,1791218422.414335
c,1791218422.3593452,1791218422.4966958
o,1791218422.4469948,1791218422.5143993
Key.space,1791218422.63062,1791218422.6786067
e,1791218422.7170525,1791218422.8309405
Key.backspace,1791218422.9781907,1791218423.0710454
Key.backspace,1791218423.7661788,1791218423.8314764
Key.backspace,1791218423.9136622,1791218424.0136325
o,1791218424.4616563,1791218424.5520408
m,1791218424.6510167,1791218424.7507799
e,1791218424.735678,1791218424.8503091
Key.space,1791218424.8221104,1791218424.961957
l,1791218424.975767,1791218425.067839
a,1791218425.1046698,1791218425.2564516
s,1791218425.2190206,1791218425.345933
t,1791218425.4629798,1791218425.5201466
Key.space,1791218425.552261,1791218425.675833
s,1791218425.7493198,1791218425.8760984
t,1791218425.9689975,1791218426.056583
a,1791218426.074803,1791218426.1886284
t,1791218426.2729485,1791218426.376704
e,1791218426.4749029,1791218426.575168
Key.space,1791218426.5687025,1791218426.7023773
t,1791218426.6707323,1791218426.7749724
h,1791218426.7689784,1791218426.8541377
i,1791218426.963356,1791218427.0701377
s,1791218427.0279832,1791218427.1476054
Key.space,1791218427.1371148,1791218427.2512152
t,1791218427.2377863,1791218427.3657758
h,1791218427.4162545,1791218427.503628
e,1791218427.499904,1791218427.645929
s,1791218427.6219137,1791218427.7716947
e,1791218427.7399423,1791218427.8501256
Key.space,1791218427.831559,1791218427.9637601
s,1791218427.9521222,1791218428.0941534
c,1791218428.1884751,1791218428.3239474
h,1791218428.4296205,1791218428.5480964
o,1791218428.5815988,1791218428.6276224
p,1791218428.5778291,1791218428.6295981
o,1791218428.7163045,1791218428.8022735
Key.backspace,1791218428.9849563,1791218429.052598
Key.backspace,1791218429.1310751,1791218429.200409
Key.backspace,1791218429.284727,1791218429.3603003
p,1791218429.4907055,1791218429.592291
Key.backspace,1791218429.9385645,1791218430.0470016
o,1791218430.267592,1791218430.354176
o,1791218430.4245167,1791218430.487019
l,1791218430.7058837,1791218430.8110294
Key.space,1791218430.9642136,1791218431.0509293
l,1791218431.266182,1791218431.37932
i,1791218431.4895287,1791218431.5918272
f,1791218431.6434062,1791218431.7179565
e,1791218431.8100069,1791218431.8499053
Key.space,1791218431.948104,1791218432.1363919
w,1791218432.147546,1791218432.2886612
h,1791218432.3112426,1791218432.3941686
e,1791218432.3966823,1791218432.5184453
n,1791218432.5604103,1791218432.6646209
Key.space,1791218432.67276,1791218432.8144236
l,1791218432.8170538,1791218432.8755815
o,1791218432.9755032,1791218433.0640354
n,1791218433.1585305,1791218433.2622151
g,1791218433.2588973,1791218433.3520534
Key.space,1791218433.3345442,1791218433.4724813
s,1791218433.4840949,1791218433.6171126
o,1791218433.6525443,1791218433.724897
Key.space,1791218433.7043316,1791218433.8364556
a,1791218433.9044242,1791218434.0289295
n,1791218434.050406,1791218434.1359715
d,1791218434.1499212,1791218434.25953
Key.space,1791218434.2394903,1791218434.3776453
w,1791218434.3557742,1791218434.480942
o,1791218434.413365,1791218434.5080779
r,1791218434.564112,1791218434.695845
l,1791218434.6970778,1791218434.7977815
d,1791218434.8031619,1791218434.924062
Key.space,1791218434.902096,1791218435.0239434
h,1791218435.0755923,1791218435.1639333
r,1791218435.2577252,1791218435.3340533
Key.backspace,1791218435.4799006,1791218435.5374396
Key.backspace,1791218435.605861,1791218435.6977801
g,1791218435.7530184,1791218435.8537695
r,1791218435.9509532,1791218436.0825427
o,1791218436.0003958,1791218436.0872698
u,1791218436.1744435,1791218436.2680492
p,1791218436.390812,1791218436.4808571
Key.space,1791218436.45867,1791218436.5897734
h,1791218436.76676,1791218436.8430214
e,1791218436.8783286,1791218437.006688
l,1791218436.992424,1791218437.0745595
p,1791218437.180674,1791218437.2341173
Key.space,1791218437.22649,1791218437.369206
l,1791218437.3742115,1791218437.4690685
a,1791218437.4345355,1791218437.5565982
t,1791218437.5969388,1791218437.7170346
e,1791218437.7981825,1791218437.937481
Key.space,1791218437.97121,1791218438.117467
a,1791218437.9913082,1791218438.1342652
t,1791218438.2012746,1791218438.31581
Key.space,1791218438.3778226,1791218438.5238192
f,1791218438.5096064,1791218438.6720448
o,1791218438.6730752,1791218438.731651
l,1791218438.8197043,1791218438.9046729
l,1791218438.9799342,1791218439.077819
o,1791218439.1778488,1791218439.289779
w,1791218439.271806,1791218439.3936145
Key.space,1791218439.391633,1791218439.5240672
g,1791218439.489125,1791218439.623438
o,1791218439.6163874,1791218439.7090335
Key.space,1791218439.7144983,1791218439.8564332
e,1791218439.8457584,1791218439.9822044
a,1791218439.976989,1791218440.1015944
r,1791218440.0965824,1791218440.2292929
l,1791218440.232406,1791218440.320128
y,1791218440.3367274,1791218440.463167
Key.space,1791218440.5043414,1791218440.6710382
o,1791218440.694389,1791218440.7708082
h,1791218440.6245663,1791218440.7769916
m,1791218440.8684356,1791218440.9510446
e,1791218440.941028,1791218441.0407598
Key.space,1791218441.0324142,1791218441.1310287
o,1791218441.0958283,1791218441.1959183
t,1791218441.2170002,1791218441.3245656
h,1791218441.3387582,1791218441.434234
e,1791218441.421473,1791218441.507395
r,1791218441.5806906,1791218441.692257
Key.space,1791218441.6931827,1791218441.8659692
o,1791218441.828045,1791218441.9115374
h,1791218441.7980554,1791218441.9191573
u,1791218442.065809,1791218442.1863096
s,1791218442.366288,1791218442.5301237
e,1791218442.4902809,1791218442.6293893
Key.space,1791218442.5997777,1791218442.7301893
g,1791218442.8217957,1791218442.9189327
e,1791218442.8858852,1791218442.989988
t,1791218443.0808492,1791218443.1649375
Key.space,1791218443.1590307,1791218443.2785642
r,1791218443.3036034,1791218443.4241626
i,1791218443.4905815,1791218443.6074307
g,1791218443.6731167,1791218443.7790856
h,1791218443.7944646,1791218443.8940358
t,1791218443.9433808,1791218444.0086854
Key.space,1791218444.116274,1791218444.2340584
p,1791218444.2242267,1791218444.3007922
l,1791218444.390764,1791218444.486108
a,1791218444.4408276,1791218444.564683
y,1791218444.659198,1791218444.7670019
Key.space,1791218444.81227,1791218444.9736497
a,1791218445.0237443,1791218445.1750076
g,1791218445.2696187,1791218445.3613856
f,1791218445.2868564,1791218445.3635335
t,1791218445.410107,1791218445.5121691
Key.backspace,1791218445.7041523,1791218445.7791655
Key.backspace,1791218445.8865788,1791218445.981877
f,1791218446.1360035,1791218446.235649
t,1791218446.2700143,1791218446.342607
e,1791218446.3436189,1791218446.4269335
r,1791218446.5140107,1791218446.63109
Key.space,1791218446.63109,1791218446.7710268
l,1791218446.805692,1791218446.9126074
a,1791218446.9285667,1791218447.0594397
t,1791218447.1092033,1791218447.2106638
e,1791218447.3043132,1791218447.452613
Key.space,1791218447.42448,1791218447.6424935
e,1791218447.5547328,1791218447.688449
a,1791218447.6898124,1791218447.88019
c,1791218447.8685586,1791218447.9969554
h,1791218447.9463503,1791218448.1872106
Key.space,1791218448.2530558,1791218448.3868
i,1791218448.4166534,1791218448.5115666
t,1791218448.4720302,1791218448.6036828
Key.space,1791218448.629433,1791218448.7568538
l,1791218448.7556853,1791218448.8698988
a,1791218448.7895613,1791218448.9339256
r,1791218448.9659379,1791218449.1261263
g,1791218449.1516957,1791218449.253983
e,1791218449.2718043,1791218449.4156275
Key.space,1791218449.3933418,1791218449.5192714
p,1791218449.5498357,1791218449.6398568
r,1791218449.6298804,1791218449.7460496
o,1791218449.7658212,1791218449.867838
g,1791218449.840964,1791218449.9376845
r,1791218450.0375948,1791218450.1970353
a,1791218450.1428087,1791218450.2684212
m,1791218450.194907,1791218450.2949746
Key.space,1791218450.3348067,1791218450.482107
h,1791218450.4532156,1791218450.553425
e,1791218450.512859,1791218450.6585958
Key.space,1791218450.6341734,1791218450.7804499
w,1791218450.7277057,1791218450.8542852
i,1791218450.8102198,1791218450.9042819
t,1791218450.9668822,1791218451.110787
h,1791218451.0384457,1791218451.126734
o,1791218451.2376297,1791218451.3267515
i,1791218451.4302409,1791218451.493138
u,1791218451.423201,1791218451.4941387
t,1791218451.452359,1791218451.5726578
Key.space,1791218451.5760736,1791218451.6746686
Key.backspace,1791218451.8812082,1791218451.9436395
Key.backspace,1791218452.0248623,1791218452.1070566
Key.backspace,1791218452.1756172,1791218452.2473972
y,1791218452.3371012,1791218452.4366126
Key.space,1791218452.5277283,1791218452.5718224
Key.backspace,1791218452.784368,1791218452.9074957
Key.backspace,1791218452.997818,1791218453.0935156
t,1791218453.1201344,1791218453.2118816
Key.space,1791218453.1961267,1791218453.316565
b,1791218453.3142748,1791218453.4075646
e,1791218453.4099987,1791218453.535882
Key.space,1791218453.496323,1791218453.6481705
s,1791218453.7126682,1791218453.8607287
t,1791218453.9447858,1791218454.058982
a,1791218454.0706856,1791218454.1986146
n,1791218454.1884997,1791218454.294298
d,1791218454.3209407,1791218454.424788
Key.space,1791218454.3625548,1791218454.5827265
o,1791218454.5466104,1791218454.650669
c,1791218454.5310273,1791218454.6538985
u,1791218454.7372365,1791218454.8263333
r,1791218454.7908885,1791218454.9084072
s,1791218454.9769943,1791218455.1147845
e,1791218455.0782712,1791218455.2066936
Key.space,1791218455.158667,1791218455.278418
o,1791218455.184965,1791218455.2804742
f,1791218455.3307981,1791218455.4162216
f,1791218455.5120385,1791218455.658016
Key.space,1791218455.6299026,1791218455.777145
u,1791218455.737223,1791218455.82196
n,1791218455.9275932,1791218456.0181587
d,1791218455.9857419,1791218456.0834737
e,1791218456.175987,1791218456.2756734
r,1791218456.3360658,1791218456.4397626
Key.space,1791218456.4114728,1791218456.540907
w,1791218456.5161598,1791218456.6555684
h,1791218456.658005,1791218456.729646
a,1791218456.7558854,1791218456.8780026
t,1791218456.9057891,1791218457.0211804
Key.space,1791218457.005792,1791218457.1333892
b,1791218457.1539896,1791218457.2441528
e,1791218457.2259438,1791218457.3126845
f,1791218457.438891,1791218457.5535429
o,1791218457.623738,1791218457.732997
r,1791218457.7604334,1791218457.8687956
e,1791218457.9425251,1791218458.0505395
Key.space,1791218458.0344636,1791218458.1944458
t,1791218458.1668422,1791218458.2846758
o,1791218458.2501698,1791218458.3206294
Key.space,1791218458.3680727,1791218458.5019972
l,1791218458.4502678,1791218458.558791
e,1791218458.5340645,1791218458.6487072
a,1791218458.6307538,1791218458.7735212
d,1791218458.7747934,1791218458.8763142
Key.space,1791218458.8350182,1791218458.9846628
f,1791218459.016528,1791218459.0869875
g,1791218459.0063143,1791218459.093787
Key.backspace,1791218459.3518476,1791218459.452093
r,1791218459.5970683,1791218459.6955574
e,1791218459.7842443,1791218459.9095879
a,1791218459.8796225,1791218459.9956162
t,1791218459.9897826,1791218460.065585
Key.space,1791218460.0955453,1791218460.291411
c,1791218460.2342625,1791218460.3739352
a,1791218460.3359072,1791218460.4739292
n,1791218460.4258716,1791218460.5383775
Key.space,1791218460.5700204,1791218460.6840825
h,1791218460.72345,1791218460.8217974
e,1791218460.8273351,1791218460.928478
l,1791218460.9734788,1791218461.0661793
p,1791218461.1621706,1791218461.2504225
Key.space,1791218461.2186499,1791218461.3465228
r,1791218461.360786,1791218461.476232
u,1791218461.4504483,1791218461.5271297
m,1791218461.6399245,1791218461.7288315
Key.space,1791218461.6846204,1791218461.8406687
w,1791218461.8334596,1791218461.9510891
o,1791218461.8883877,1791218461.9944048
Key.backspace,1791218462.144454,1791218462.1908772
w,1791218462.5247211,1791218462.6294668
Key.backspace,1791218462.752848,1791218462.8355455
o,1791218463.2365406,1791218463.351451
w,1791218463.3493605,1791218463.4611182
r,1791218463.5025141,1791218463.6278648
d,1791218463.7777674,1791218463.8917358
Key.space,1791218463.8816042,1791218464.0188828
t,1791218464.3662777,1791218464.4459293
h,1791218464.4801505,1791218464.5666683
e,1791218464.561104,1791218464.63844
r,1791218464.7188194,1791218464.8163238
e,1791218464.8660717,1791218464.9884748
Key.space,1791218464.981023,1791218465.0749757
p,1791218465.0128834,1791218465.0820763
l,1791218465.1670945,1791218465.2686012
a,1791218465.2448714,1791218465.3506494
n,1791218465.411082,1791218465.5212162
Key.space,1791218465.4604514,1791218465.6213906
c,1791218465.668799,1791218465.8202982
a,1791218465.7866175,1791218465.9111907
n,1791218465.8766794,1791218465.9645352
Key.space,1791218465.9524603,1791218466.1007218
a,1791218466.0466082,1791218466.1685958
n,1791218466.1167986,1791218466.19903
o,1791218466.3378568,1791218466.4415567
y,1791218466.4275382,1791218466.5134583
t,1791218466.4290247,1791218466.5260973
h,1791218466.6158319,1791218466.7136183
e,1791218466.7358832,1791218466.8520863
r,1791218466.9240494,1791218467.0378833
Key.space,1791218467.0534081,1791218467.20354
r,1791218467.25383,1791218467.3159215
e,1791218467.2356951,1791218467.3495395
Key.backspace,1791218467.6772833,1791218467.7840266
a,1791218467.8690903,1791218467.9803376
r,1791218468.076419,1791218468.1931055
l,1791218468.2558186,1791218468.3642266
y,1791218468.3449826,1791218468.4500928
Key.space,1791218468.5188146,1791218468.6431117
t,1791218468.7509835,1791218468.8665214
h,1791218468.8322055,1791218468.9242973
s,1791218468.9983516,1791218469.1602547
e,1791218469.092754,1791218469.2413318
Key.space,1791218469.232671,1791218469.4062223
t,1791218469.4600918,1791218469.5902617
e,1791218469.6867957,1791218469.7960382
l,1791218469.7888515,1791218469.8548915
l,1791218469.94597,1791218470.0135128
Key.space,1791218469.9597492,1791218470.1180565
a,1791218470.1692152,1791218470.3002653
o,1791218470.4037383,1791218470.4814084
r,1791218470.3356864,1791218470.497482
u,1791218470.5872414,1791218470.6640291
n,1791218470.7376533,1791218470.841537
d,1791218470.761448,1791218470.9048674
Key.space,1791218470.8918052,1791218471.0773468
b,1791218471.1258273,1791218471.2215555
o,1791218471.3463383,1791218471.4314919
t,1791218471.4415586,1791218471.54602
h,1791218471.577503,1791218471.674098
Key.space,1791218471.6043768,1791218471.740355
l,1791218471.87307,1791218471.9300327
k,1791218471.8649397,1791218471.9324286
e,1791218471.9460363,1791218472.0227282
e,1791218472.1147497,1791218472.2204022
Key.backspace,1791218472.29689,1791218472.3447692
Key.backspace,1791218472.6309638,1791218472.747061
e,1791218472.8641217,1791218472.9432826
Key.backspace,1791218473.097545,1791218473.1706307
Key.backspace,1791218473.2365391,1791218473.328857
e,1791218473.2943373,1791218473.4002492
e,1791218473.4527137,1791218473.5819128
p,1791218473.5534613,1791218473.6415718
Key.space,1791218473.6960766,1791218473.850058
m,1791218473.8055453,1791218473.9111373
1,1791218474.510224,1791218474.578847
Key.esc,1791218474.5158057,1791218474.5798535
