key_id,press_time,release_time
Key.ctrl_l,1788966719.9688191,1788966720.313931
",",1788966766.9487078,1788966767.0184593
Key.space,1788966767.0911753,1788966767.1982334
k,1788966767.8751652,1788966767.9600933
e,1788966767.9483037,1788966768.0630429
y,1788966768.2851384,1788966768.392228
Key.space,1788966768.4215088,1788966768.5700219
c,1788966768.5461497,1788966768.670105
o,1788966768.6118143,1788966768.6834424
l,1788966768.7747285,1788966768.8416028
l,1788966768.911275,1788966768.9798167
e,1788966768.9028897,1788966769.0100846
c,1788966769.1094816,1788966769.193383
Key.backspace,1788966769.3975515,1788966769.462642
Key.backspace,1788966769.5435297,1788966769.607075
Key.backspace,1788966769.697644,1788966769.7709005
l,1788966769.896162,1788966769.977002
e,1788966769.9794943,1788966770.0561228
c,1788966770.1679578,1788966770.2526438
t,1788966770.3664687,1788966770.4750993
o,1788966770.4967196,1788966770.5678818
r,1788966770.5758052,1788966770.716508
Key.space,1788966770.7041278,1788966770.8084795
s,1788966770.9680567,1788966771.0667937
t,1788966771.141243,1788966771.2409356
o,1788966771.1778266,1788966771.2761345
p,1788966771.3858125,1788966771.4980752
s,1788966771.9346013,1788966772.0118682
Key.space,1788966773.8416896,1788966773.9452336
a,1788966773.9212723,1788966774.0491316
b,1788966773.985189,1788966774.0814507
d,1788966774.1181371,1788966774.2462344
Key.space,1788966774.2859418,1788966774.3538063
Key.backspace,1788966774.4646044,1788966774.5195084
Key.backspace,1788966774.5972235,1788966774.6494339
Key.backspace,1788966774.7506435,1788966774.8095465
n,1788966774.9838283,1788966775.053505
d,1788966775.0570416,1788966775.1791918
Key.space,1788966775.1742134,1788966775.287733
t,1788966775.4147835,1788966775.4847069
r,1788966775.4029324,1788966775.4893146
Key.backspace,1788966776.2930224,1788966776.3776238
e,1788966776.8136065,1788966776.8769166
t,1788966777.0390158,1788966777.1479201
u,1788966777.2113454,1788966777.2874846
Key.backspace,1788966777.5035615,1788966777.5602834
Key.backspace,1788966777.6448088,1788966777.715748
Key.backspace,1788966777.8038943,1788966777.8846776
Key.backspace,1788966777.9727159,1788966778.0355892
c,1788966778.0769856,1788966778.182062
l,1788966778.1935945,1788966778.2738905
o,1788966778.3558297,1788966778.4338014
s,1788966778.47215,1788966778.5938637
e,1788966778.5456464,1788966778.663705
s,1788966778.7957015,1788966778.998801
Key.space,1788966779.0721054,1788966779.248641
t,1788966779.18174,1788966779.2989202
h,1788966779.2586381,1788966779.351501
e,1788966779.3997753,1788966779.5130196
Key.space,1788966779.462279,1788966779.6041892
c,1788966779.7387273,1788966779.8590407
s,1788966779.8459876,1788966779.9632616
v,1788966779.9271226,1788966780.0137837
Key.space,1788966780.0217974,1788966780.1566052
a,1788966780.1167476,1788966780.2589576
n,1788966780.1922812,1788966780.2814398
d,1788966780.295105,1788966780.4226012
Key.space,1788966780.379239,1788966780.5024793
t,1788966780.642105,1788966780.712903
r,1788966780.6469162,1788966780.715922
Key.backspace,1788966781.5351536,1788966781.6016443
Key.backspace,1788966781.7000952,1788966781.7863364
r,1788966781.7771602,1788966781.879213
e,1788966781.9450579,1788966782.0166967
t,1788966782.1087966,1788966782.2296736
u,1788966782.170469,1788966782.2598464
r,1788966782.3290658,1788966782.4518266
n,1788966782.4384756,1788966782.5317807
s,1788966782.6285667,1788966782.7354105
Key.space,1788966782.7364223,1788966782.8864365
f,1788966783.0317278,1788966783.1613107
a,1788966783.1496325,1788966783.250572
l,1788966783.211105,1788966783.2766144
s,1788966783.3490617,1788966783.449732
e,1788966783.4609895,1788966783.569984
Key.space,1788966783.5437567,1788966783.646826
t,1788966783.9324458,1788966784.0267503
h,1788966784.014011,1788966784.0927613
a,1788966784.101836,1788966784.2169218
t,1788966784.204676,1788966784.3129902
Key.space,1788966784.2876847,1788966784.4191866
s,1788966784.4130037,1788966784.5181727
i,1788966784.4945319,1788966784.5707583
g,1788966785.1881886,1788966785.2968402
n,1788966785.2937064,1788966785.360032
a,1788966785.495735,1788966785.5937943
l,1788966785.6498177,1788966785.7048278
s,1788966785.746993,1788966785.8529515
Key.space,1788966785.8468747,1788966785.9705343
t,1788966785.928888,1788966786.0273073
h,1788966786.0180395,1788966786.0921376
e,1788966786.1313045,1788966786.24379
Key.space,1788966786.2081823,1788966786.3208814
l,1788966789.542412,1788966789.6220312
i,1788966790.1091416,1788966790.1877942
s,1788966790.2160919,1788966790.296938
t,1788966790.3806746,1788966790.4756298
e,1788966790.8173587,1788966790.9411964
n,1788966790.9805813,1788966791.0717182
e,1788966791.0755873,1788966791.1614947
r,1788966791.2471867,1788966791.3340902
Key.space,1788966791.5314066,1788966791.683663
t,1788966791.657334,1788966791.777255
o,1788966791.7448926,1788966791.8260357
Key.space,1788966791.845711,1788966791.9793746
s,1788966791.9674065,1788966792.0686717
t,1788966792.1513083,1788966792.2658384
o,1788966792.2459693,1788966792.318974
p,1788966792.397709,1788966792.4798923
Key.space,1788966792.4258199,1788966792.5923307
t,1788966792.540851,1788966792.6670887
o,1788966792.6392195,1788966792.6957073
o,1788966792.7676706,1788966792.8630948
Key.space,1788966802.3434029,1788966802.417648
Key.shift,1788966802.6171634,1788966802.9854584
Key.space,1788966803.0219576,1788966803.1342137
f,1788966803.9178314,1788966804.0329862
u,1788966804.0083854,1788966804.0664191
n,1788966804.170111,1788966804.2448123
c,1788966804.2158315,1788966804.3124108
t,1788966804.4255583,1788966804.5238714
i,1788966804.4847224,1788966804.5580459
o,1788966804.6432884,1788966804.7305374
n,1788966804.845097,1788966804.8979325
Key.space,1788966804.895505,1788966805.0239503
t,1788966804.9937751,1788966805.1277168
o,1788966805.0897937,1788966805.1640868
Key.space,1788966805.178354,1788966805.3221934
g,1788966805.3591232,1788966805.4387703
e,1788966805.3837836,1788966805.4939086
t,1788966805.5927305,1788966805.7089553
Key.space,1788966805.6600637,1788966805.7818522
k,1788966805.8137116,1788966805.919877
e,1788966805.9082494,1788966806.0124972
y,1788966806.1152594,1788966806.2246976
Key.space,1788966806.229249,1788966806.3455215
i,1788966806.4862816,1788966806.5588176
d,1788966806.646015,1788966806.7657082
s,1788966806.9344938,1788966807.0086632
Key.space,1788966808.0981271,1788966808.1921055
Key.space,1788966810.0360405,1788966810.1411366
Key.shift,1788966810.1870666,1788966810.5048232
Key.backspace,1788966810.9212368,1788966811.0142756
Key.shift,1788966811.2656622,1788966812.0573018
Key.space,1788966812.0555968,1788966812.1776974
i,1788966812.2658885,1788966812.3488004
f,1788966812.4558163,1788966812.5705357
Key.space,1788966812.546598,1788966812.6646686
w,1788966812.6626549,1788966812.8253005
e,1788966812.793797,1788966812.9210358
Key.space,1788966812.8875115,1788966813.0119328
d,1788966813.0188472,1788966813.1465316
i,1788966813.1269698,1788966813.2104266
r,1788966813.2372506,1788966813.350574
e,1788966813.8009536,1788966813.8972535
c,1788966814.0474956,1788966814.1599476
t,1788966814.8797252,1788966814.9938345
l,1788966814.980765,1788966815.0722904
y,1788966815.0604498,1788966815.1777117
Key.space,1788966815.1585515,1788966815.271647
a,1788966815.363266,1788966815.4886034
c,1788966815.537514,1788966815.667663
c,1788966815.7186162,1788966815.8277833
e,1788966815.931102,1788966816.0846062
s,1788966816.0446901,1788966816.141882
s,1788966816.2141495,1788966816.3044667
Key.space,1788966816.27832,1788966816.3969934
s,1788966820.2990465,1788966820.4016073
p,1788966820.4652815,1788966820.5857265
e,1788966820.8630404,1788966820.9749222
c,1788966821.0758336,1788966821.194437
i,1788966821.1604142,1788966821.2322078
a,1788966821.270817,1788966821.3712265
l,1788966821.3640149,1788966821.4437873
Key.space,1788966821.46866,1788966821.578667
k,1788966821.584409,1788966821.6463187
e,1788966821.6326473,1788966821.7299023
y,1788966821.820914,1788966821.9238994
s,1788966822.0200644,1788966822.1226058
Key.space,1788966822.0999072,1788966822.2541742
f,1788966822.218943,1788966822.3171856
r,1788966822.4120512,1788966822.5740497
o,1788966822.5585737,1788966822.6238928
m,1788966822.9261084,1788966823.0272148
Key.space,1788966823.0648909,1788966823.199659
h,1788966823.2456548,1788966823.317552
e,1788966823.289605,1788966823.3912892
r,1788966823.491719,1788966823.556271
e,1788966823.6272202,1788966823.6535058
Key.space,1788966823.9725072,1788966824.1041336
i,1788966824.1697106,1788966824.2373917
t,1788966824.2220685,1788966824.3151624
Key.space,1788966824.3756497,1788966824.507391
w,1788966824.4948964,1788966824.6256573
i,1788966824.5862474,1788966824.6486697
l,1788966824.754048,1788966824.800064
l,1788966824.8819435,1788966824.9401376
Key.space,1788966824.9270122,1788966825.035528
s,1788966825.1478336,1788966825.2423189
Key.backspace,1788966825.7205458,1788966825.7887673
t,1788966825.7860906,1788966825.8740249
h,1788966825.9722502,1788966826.0588152
r,1788966826.0443037,1788966826.185334
o,1788966826.2587798,1788966826.3388171
w,1788966826.3356223,1788966826.4445493
Key.space,1788966826.4565318,1788966826.5769584
a,1788966826.5717392,1788966826.6977775
t,1788966826.7688608,1788966826.9044516
t,1788966827.0421884,1788966827.1665967
r,1788966827.5173545,1788966827.607201
i,1788966828.0511408,1788966828.135927
b,1788966828.1599584,1788966828.2422705
u,1788966828.345803,1788966828.4089048
t,1788966828.4033623,1788966828.5328724
e,1788966828.6279495,1788966828.7452297
Key.space,1788966828.7467456,1788966828.8542697
e,1788966828.843577,1788966828.9474578
r,1788966829.0338674,1788966829.1272862
r,1788966829.1998386,1788966829.2972753
o,1788966829.3100502,1788966829.390112
r,1788966829.3936956,1788966829.5267928
Key.space,1788966830.8769004,1788966830.957157
Key.space,1788966831.3966672,1788966831.495213
Key.shift,1788966831.5808923,1788966832.0518765
Key.space,1788966832.0577118,1788966832.1752765
w,1788966832.1976838,1788966832.3022404
o,1788966832.3057678,1788966832.3878574
Key.backspace,1788966832.5625458,1788966832.6565623
Key.backspace,1788966833.134652,1788966833.1999576
s,1788966833.2239993,1788966833.3089294
o,1788966833.3520133,1788966833.4221685
Key.space,1788966833.3339856,1788966833.4617524
w,1788966833.5333645,1788966833.6644504
Key.backspace,1788966833.823815,1788966833.886317
Key.backspace,1788966833.961791,1788966834.0411878
Key.backspace,1788966834.126559,1788966834.2198327
o,1788966834.275781,1788966834.3789883
Key.space,1788966834.40743,1788966834.5534196
w,1788966834.5603926,1788966834.6756492
h,1788966834.6786401,1788966834.7569833
e,1788966834.827488,1788966834.96133
n,1788966835.1635315,1788966835.2648635
e,1788966835.5046446,1788966835.6442485
v,1788966835.647357,1788966835.7336645
e,1788966835.7258997,1788966835.8345718
r,1788966835.8948328,1788966836.0205936
Key.space,1788966835.9937418,1788966836.1016243
s,1788966836.2506118,1788966836.3460405
Key.backspace,1788966836.5725384,1788966836.6827233
a,1788966836.6620698,1788966836.775436
t,1788966836.8323255,1788966836.9316816
t,1788966836.9963968,1788966837.1079366
r,1788966837.1896589,1788966837.3278382
i,1788966837.2916958,1788966837.3728042
b,1788966838.1319776,1788966838.206304
u,1788966838.3026683,1788966838.3603933
t,1788966838.3923118,1788966838.4955251
e,1788966838.585111,1788966838.7074566
Key.space,1788966838.666764,1788966838.8293684
e,1788966838.8010998,1788966838.9005356
r,1788966838.9967487,1788966839.0752923
r,1788966839.1624408,1788966839.2808182
o,1788966839.3768108,1788966839.4658906
r,1788966839.4648907,1788966839.6164742
Key.space,1788966839.6090317,1788966839.7576818
i,1788966839.751179,1788966839.8318646
s,1788966839.8259325,1788966839.9141028
Key.space,1788966839.9321609,1788966840.1287985
t,1788966840.045517,1788966840.1711235
h,1788966840.2028015,1788966840.2879643
e,1788966840.2743201,1788966840.3740263
r,1788966840.451147,1788966840.563717
e,1788966840.7466779,1788966840.8789487
",",1788966841.8020315,1788966841.8456223
",",1788966841.9377394,1788966841.9934902
Key.space,1788966842.0192688,1788966842.1459863
Key.backspace,1788966842.3222864,1788966842.3920975
Key.backspace,1788966842.4617333,1788966842.545791
Key.space,1788966842.5514014,1788966842.652349
c,1788966844.3655663,1788966844.4623754
o,1788966844.4722588,1788966844.568141
n,1788966844.6921473,1788966844.752372
v,1788966844.773212,1788966844.8545103
e,1788966844.970768,1788966845.0524166
r,1788966845.1350703,1788966845.2360253
t,1788966845.203704,1788966845.2855604
Key.space,1788966845.3287673,1788966845.4745321
t,1788966845.4667716,1788966845.5880108
h,1788966845.5973232,1788966845.6827414
a,1788966845.6937165,1788966845.8056533
t,1788966845.8031669,1788966845.9299493
Key.space,1788966845.9070218,1788966846.0194793
j,1788966846.0630963,1788966846.150802
e,1788966846.146705,1788966846.247242
Key.backspace,1788966846.3971167,1788966846.4943647
Key.backspace,1788966846.5867126,1788966846.664475
k,1788966846.848975,1788966846.927575
e,1788966846.9145913,1788966847.0075765
y,1788966847.1055331,1788966847.2206683
Key.space,1788966847.1723108,1788966847.2895324
i,1788966847.2601907,1788966847.3308628
n,1788966847.4531627,1788966847.5402966
t,1788966847.6719284,1788966847.7775211
o,1788966847.7887366,1788966847.8721578
Key.space,1788966847.8640988,1788966847.971786
a,1788966847.9610155,1788966848.121191
Key.space,1788966848.1010945,1788966848.2211401
s,1788966848.2077446,1788966848.3141084
y,1788966848.3988779,1788966848.4105005
t,1788966848.3840377,1788966848.4750762
r,1788966848.5261457,1788966848.6612382
i,1788966848.6020985,1788966848.6801991
Key.backspace,1788966848.8946722,1788966848.9547126
Key.backspace,1788966849.033921,1788966849.1011376
Key.backspace,1788966849.1837482,1788966849.2665992
r,1788966849.2902436,1788966849.3947272
i,1788966849.3847156,1788966849.4435444
n,1788966849.534782,1788966849.6148117
g,1788966849.5997984,1788966849.7157743
Key.space,1788966853.503918,1788966853.619563
Key.shift,1788966853.7261827,1788966854.0845633
Key.space,1788966854.0875676,1788966854.1878998
c,1788966854.720612,1788966854.8156447
r,1788966854.9855,1788966855.0768216
Key.backspace,1788966855.214341,1788966855.2927809
Key.backspace,1788966855.3606453,1788966855.4434786
l,1788966855.65556,1788966855.7477996
i,1788966855.859053,1788966855.9310992
s,1788966855.9906244,1788966856.0855806
t,1788966856.1973772,1788966856.263976
e,1788966856.9249134,1788966857.0577393
n,1788966857.0999224,1788966857.1924374
r,1788966857.365209,1788966857.4566505
Key.backspace,1788966857.6714375,1788966857.751207
e,1788966857.685106,1788966857.775507
r,1788966857.8379333,1788966857.967331
Key.space,1788966857.9327235,1788966858.0392265
o,1788966858.534673,1788966858.6092541
b,1788966859.2525148,1788966859.3135998
j,1788966859.4307942,1788966859.5100374
e,1788966859.5005395,1788966859.574783
c,1788966859.6950893,1788966859.8062885
t,1788966859.8175385,1788966859.8875377
Key.space,1788966860.9296725,1788966861.0448916
c,1788966861.3188019,1788966861.4151804
r,1788966861.5565047,1788966861.6411319
e,1788966861.7546916,1788966861.884457
a,1788966861.8727975,1788966861.9637556
t,1788966862.0587301,1788966862.1571212
e,1788966862.2245343,1788966862.3029265
d,1788966862.4209242,1788966862.537739
Key.space,1788966862.5886605,1788966862.6925216
t,1788966862.7639284,1788966862.8627295
h,1788966862.8457098,1788966862.9326952
a,1788966862.9149532,1788966863.0308192
t,1788966863.0207372,1788966863.1327486
Key.space,1788966863.0938275,1788966863.2290564
w,1788966863.2370696,1788966863.366924
i,1788966863.3043885,1788966863.3729324
l,1788966863.6111095,1788966863.697697
Key.space,1788966863.7691762,1788966863.8305333
l,1788966863.947909,1788966864.015943
Key.backspace,1788966864.1910474,1788966864.2526321
Key.backspace,1788966864.332871,1788966864.4102733
l,1788966864.5017374,1788966864.600557
Key.space,1788966864.6226048,1788966864.74526
w,1788966864.730231,1788966864.851816
o,1788966864.8572738,1788966864.9307694
r,1788966864.9818788,1788966865.089301
k,1788966865.067955,1788966865.1520202
Key.space,1788966865.2089648,1788966865.3258708
i,1788966865.2875044,1788966865.3538945
n,1788966865.462322,1788966865.5397828
Key.space,1788966865.520997,1788966865.6438797
t,1788966865.5692308,1788966865.707017
h,1788966865.7048059,1788966865.7749486
e,1788966865.8087804,1788966865.9156263
Key.space,1788966865.8712368,1788966865.9721162
b,1788966865.9653096,1788966866.0611544
a,1788966866.0516324,1788966866.1840231
c,1788966866.2103753,1788966866.3221679
k,1788966866.343462,1788966866.4315314
g,1788966866.880652,1788966866.9492352
r,1788966867.0483844,1788966867.1681197
o,1788966867.0831983,1788966867.1865335
u,1788966867.280247,1788966867.3446093
n,1788966867.455521,1788966867.5347552
d,1788966867.5277648,1788966867.6313426
.,1788966868.4300795,1788966868.5032012
Key.enter,1788966869.4513967,1788966869.5238714
Key.backspace,1788966871.1787071,1788966871.2842064
Key.enter,1788966871.6047509,1788966871.6529217
#,1788966802.9218588,1788966872.0493345
Key.shift,1788966871.763167,1788966872.098662
Key.space,1788966872.4352667,1788966872.5527844
o,1788966873.8942428,1788966873.9886222
n,1788966874.1216593,1788966874.1837883
Key.backspace,1788966874.4515345,1788966874.5267832
Key.backspace,1788966874.6073372,1788966874.6779602
w,1788966874.8936453,1788966874.9861612
h,1788966874.9726923,1788966875.0417707
y,1788966875.1530051,1788966875.2171223
Key.space,1788966875.2944047,1788966875.4162314
w,1788966875.4872844,1788966875.611123
e,1788966875.5913682,1788966875.7347631
Key.space,1788966875.6792972,1788966875.8018396
p,1788966875.893897,1788966875.9824133
a,1788966875.9925103,1788966876.1175714
s,1788966876.2664902,1788966876.351202
s,1788966876.4289415,1788966876.547104
Key.space,1788966876.7122786,1788966876.8186185
o,1788966877.0489078,1788966877.118611
n,1788966877.237801,1788966877.2903128
Key.shift_r,1788966877.5909371,1788966877.8711913
p,1788966878.7226462,1788966878.7908814
r,1788966878.8226192,1788966878.9160907
e,1788966878.987657,1788966879.1244426
s,1788966879.1373837,1788966879.2110863
s,1788966879.4904258,1788966879.587371
Key.space,1788966879.7920287,1788966879.8944411
i,1788966880.0261047,1788966880.1018453
n,1788966880.2225912,1788966880.2773173
s,1788966880.250975,1788966880.348651
t,1788966880.4095757,1788966880.5054724
e,1788966880.5989792,1788966880.7051308
a,1788966880.6788173,1788966880.8035169
d,1788966881.175366,1788966881.2727165
Key.space,1788966881.3089712,1788966881.4388404
o,1788966881.4326794,1788966881.514945
f,1788966881.5230327,1788966881.6574838
Key.space,1788966881.6433055,1788966881.7421193
p,1788966881.89974,1788966881.9938757
Key.backspace,1788966882.2065444,1788966882.3035169
o,1788966882.3673751,1788966882.4804976
n,1788966882.5220454,1788966882.631496
Key.shift_r,1788966882.8123298,1788966883.2388473
o,1788966883.3978262,1788966883.4389231
p,1788966883.392277,1788966883.4476295
r,1788966883.4256537,1788966883.5210035
Key.backspace,1788966883.9668245,1788966884.0341032
Key.backspace,1788966884.1215134,1788966884.180826
r,1788966884.1908314,1788966884.250715
e,1788966884.3397386,1788966884.4801817
s,1788966884.4756615,1788966884.5720618
s,1788966884.6456473,1788966884.7338116
(,1788966884.9979317,1788966885.0669456
),1788966885.161348,1788966885.248878
?,1788966885.8013315,1788966885.8759375
Key.shift_r,1788966884.7549925,1788966886.0220218
Key.space,1788966886.0474377,1788966886.1526008
b,1788966887.2858121,1788966887.385753
e,1788966887.3688586,1788966887.477866
c,1788966887.5937302,1788966887.7489338
a,1788966887.7426648,1788966887.889657
u,1788966887.9696946,1788966888.0171402
y,1788966887.9674027,1788966888.023724
s,1788966888.0535076,1788966888.1636
e,1788966888.145727,1788966888.2569816
Key.backspace,1788966888.3318381,1788966888.4089313
Key.backspace,1788966888.4749186,1788966888.5521073
Key.backspace,1788966888.6468751,1788966888.7436075
Key.backspace,1788966888.9280019,1788966889.0248623
u,1788966889.1307309,1788966889.207597
s,1788966889.1807947,1788966889.2991965
e,1788966889.2714794,1788966889.4104888
Key.space,1788966889.3936112,1788966889.5268075
w,1788966889.681049,1788966889.8174253
e,1788966889.7751844,1788966889.9237375
Key.space,1788966889.911524,1788966890.056806
d,1788966890.1135345,1788966890.2251205
o,1788966890.252117,1788966890.3334835
n,1788966890.452218,1788966890.5366488
t,1788966890.5091124,1788966890.642331
Key.space,1788966890.630238,1788966890.7410004
w,1788966890.7018743,1788966890.852928
n,1788966890.8267372,1788966890.9087825
a,1788966890.7876327,1788966890.9288568
t,1788966890.9502797,1788966891.0872107
h,1788966891.1648016,1788966891.2226005
Key.space,1788966891.0487876,1788966891.2678907
t,1788966891.2531323,1788966891.2688901
Key.backspace,1788966891.631363,1788966891.6752164
Key.backspace,1788966891.7563934,1788966891.8276362
t,1788966891.799087,1788966891.9104695
h,1788966891.958784,1788966892.0358286
e,1788966892.0227234,1788966892.1627014
Key.space,1788966892.1468923,1788966892.2587264
t,1788966892.3978205,1788966892.4495957
r,1788966892.3968039,1788966892.4720166
Key.backspace,1788966892.8287277,1788966892.9062333
Key.backspace,1788966892.9834647,1788966893.0861614
r,1788966893.0980058,1788966893.2029753
Key.backspace,1788966893.4836898,1788966893.5661347
o,1788966893.6796644,1788966893.7722814
u,1788966893.8889575,1788966893.9642968
t,1788966893.999892,1788966894.1043274
p,1788966894.1375241,1788966894.2051215
u,1788966894.3306122,1788966894.3958008
t,1788966894.4066076,1788966894.4961772
Key.space,1788966894.5549765,1788966894.677247
o,1788966894.7734275,1788966894.83338
f,1788966894.8308759,1788966894.9501865
Key.space,1788966894.9439764,1788966895.0768955
t,1788966895.042549,1788966895.1628006
h,1788966895.1359615,1788966895.2160482
e,1788966895.2770395,1788966895.3974233
Key.space,1788966895.3689725,1788966895.5028179
t,1788966895.509688,1788966895.5761695
r,1788966895.5059967,1788966895.6007035
e,1788966895.693536,1788966895.7592318
Key.backspace,1788966895.989336,1788966896.0457795
Key.backspace,1788966896.1202993,1788966896.1976438
Key.backspace,1788966896.481058,1788966896.540846
Key.backspace,1788966896.6324475,1788966896.697222
Key.backspace,1788966896.7754383,1788966896.8810782
Key.backspace,1788966896.926198,1788966897.0031557
Key.backspace,1788966897.0762084,1788966897.1486988
Key.backspace,1788966897.2169857,1788966897.2907405
Key.backspace,1788966897.345891,1788966897.4255984
Key.backspace,1788966897.491849,1788966897.575096
o,1788966897.6900957,1788966897.8059247
r,1788966897.779028,1788966897.9047644
Key.space,1788966897.9094615,1788966898.057289
t,1788966898.0347717,1788966898.1662354
h,1788966898.1572483,1788966898.2420137
e,1788966898.268019,1788966898.3814447
Key.space,1788966898.3602,1788966898.4788208
r,1788966898.5145605,1788966898.6172197
e,1788966898.6978424,1788966898.7988737
u,1788966898.8686342,1788966898.941027
t,1788966898.906525,1788966899.03075
r,1788966899.1918266,1788966899.317909
n,1788966899.3411884,1788966899.421334
Key.space,1788966899.4339151,1788966899.5545478
Key.backspace,1788966899.8223734,1788966899.889201
Key.backspace,1788966899.9719985,1788966900.0433698
Key.backspace,1788966900.1312292,1788966900.1946838
Key.backspace,1788966900.2925966,1788966900.344842
Key.backspace,1788966900.4340253,1788966900.5033152
t,1788966900.5088325,1788966900.6092503
u,1788966900.6356158,1788966900.707412
r,1788966900.710472,1788966900.8455472
b,1788966900.8327138,1788966900.9173946
Key.space,1788966900.9087296,1788966901.0665603
Key.backspace,1788966901.246096,1788966901.303529
Key.backspace,1788966901.3838065,1788966901.4419265
n,1788966901.5527637,1788966901.6190867
Key.space,1788966901.6073751,1788966901.7457583
v,1788966901.697103,1788966901.8227446
a,1788966901.812138,1788966901.9520307
l,1788966901.8959262,1788966901.9710882
u,1788966902.1669443,1788966902.261642
e,1788966902.2988768,1788966902.431167
Key.space,1788966902.3921013,1788966902.525992
o,1788966902.9612257,1788966903.0472844
f,1788966903.0412195,1788966903.135862
Key.space,1788966903.1194205,1788966903.2688315
t,1788966903.2249343,1788966903.3290799
h,1788966903.3178914,1788966903.3933918
e,1788966903.441658,1788966903.5755146
Key.space,1788966903.5244179,1788966903.6449418
f,1788966903.8518016,1788966903.9906063
u,1788966903.954248,1788966904.0275059
n,1788966904.1236196,1788966904.210323
c,1788966904.1375918,1788966904.2397788
t,1788966904.3333323,1788966904.4418273
i,1788966904.4111629,1788966904.4645164
o,1788966904.544918,1788966904.637067
n,1788966904.6411743,1788966904.7680788
Key.enter,1788966904.9377706,1788966905.031165
Key.shift,1788966905.205453,1788966905.770117
Key.space,1788966905.7906897,1788966905.9491496
i,1788966905.9388945,1788966906.0167344
n,1788966906.1136482,1788966906.173996
s,1788966906.31472,1788966906.4255283
t,1788966906.5064611,1788966906.6228118
e,1788966906.834928,1788966906.93717
a,1788966906.9049075,1788966907.0406215
d,1788966907.0339437,1788966907.1788468
Key.space,1788966907.184155,1788966907.3150208
w,1788966907.3813164,1788966907.5052845
e,1788966907.4717846,1788966907.617603
Key.space,1788966907.5672581,1788966907.731277
w,1788966908.415704,1788966908.5530648
a,1788966908.5006144,1788966908.6187181
n,1788966908.5893128,1788966908.6975634
t,1788966908.6692483,1788966908.7725961
Key.space,1788966908.8045263,1788966908.9659631
t,1788966908.8917687,1788966909.0050476
o,1788966909.026635,1788966909.1296067
Key.space,1788966909.1348014,1788966909.2907505
h,1788966909.3221145,1788966909.3987443
g,1788966909.326888,1788966909.4007812
i,1788966909.3722336,1788966909.4528635
Key.backspace,1788966909.6648147,1788966909.725049
Key.backspace,1788966909.8321009,1788966909.8557105
Key.backspace,1788966909.9675136,1788966910.0551558
g,1788966911.2502582,1788966911.3365395
i,1788966911.358869,1788966911.4377623
v,1788966911.4282649,1788966911.5186844
e,1788966911.6207058,1788966911.726918
Key.space,1788966911.7087686,1788966911.8573685
t,1788966911.8331642,1788966911.9452436
h,1788966911.9113996,1788966912.0000517
e,1788966912.0443227,1788966912.1650016
Key.space,1788966912.1103466,1788966912.2256997
l,1788966912.8457692,1788966912.922339
i,1788966913.00315,1788966913.084864
s,1788966913.0605664,1788966913.1306067
t,1788966913.1891131,1788966913.2830567
e,1788966913.3894868,1788966913.4844692
n,1788966913.5110805,1788966913.587996
e,1788966913.6010396,1788966913.687521
r,1788966913.7572765,1788966913.8808463
Key.space,1788966913.8652809,1788966913.9668374
f,1788966914.2015674,1788966914.276002
Key.backspace,1788966914.7669008,1788966914.8739026
o,1788966915.3330483,1788966915.442164
b,1788966915.7198195,1788966915.7876384
j,1788966915.9154332,1788966916.00225
e,1788966915.9567544,1788966916.0459561
c,1788966916.1613963,1788966916.2453194
t,1788966916.2492747,1788966916.3274481
Key.space,1788966916.397181,1788966916.5476494
t,1788966916.5102158,1788966916.6379163
c,1788966934.2520313,1788966934.3400824
t,1788966934.5074313,1788966934.6348586
Key.space,1788966934.6415987,1788966934.7758064
t,1788966935.150892,1788966935.260476
h,1788966935.2629933,1788966935.3490937
e,1788966935.3961234,1788966935.5122035
Key.space,1788966935.478687,1788966935.5888274
f,1788966935.7718148,1788966935.894921
u,1788966935.9090533,1788966935.9355628
n,1788966936.0506876,1788966936.1269336
c,1788966936.1161253,1788966936.1945002
t,1788966936.2919605,1788966936.4068704
i,1788966936.3519893,1788966936.4328494
o,1788966936.5137632,1788966936.591206
n,1788966936.7189066,1788966936.80018
Key.space,1788966936.8374102,1788966936.9718966
t,1788966936.883186,1788966937.0138311
o,1788966937.0666459,1788966937.15507
Key.space,1788966937.1690104,1788966937.3372192
c,1788966937.389712,1788966937.4371748
Key.backspace,1788966937.633813,1788966937.6954944
Key.backspace,1788966937.7613196,1788966937.8557923
Key.backspace,1788966937.9477067,1788966938.0116112
Key.backspace,1788966938.0836608,1788966938.165961
t,1788966938.1712449,1788966938.269483
h,1788966938.3041677,1788966938.3857143
a,1788966938.3345506,1788966938.43591
t,1788966938.4525545,1788966938.5791554
Key.space,1788966938.5600235,1788966938.6590574
i,1788966938.6455324,1788966938.723691
t,1788966938.7140324,1788966938.8350332
Key.space,1788966938.8455355,1788966939.0317998
c,1788966938.9833927,1788966939.120967
a,1788966939.0812795,1788966939.2058852
l,1788966939.1847289,1788966939.2554898
l,1788966939.3206565,1788966939.3956149
Key.backspace,1788966939.57594,1788966939.6341789
Key.backspace,1788966939.7126231,1788966939.7815132
Key.backspace,1788966939.8912838,1788966939.9478395
a,1788966940.3230195,1788966940.40505
n,1788966940.4112966,1788966940.4975622
Key.space,1788966940.5490518,1788966940.648663
c,1788966940.8016865,1788966940.9345636
a,1788966940.9241111,1788966941.0572293
l,1788966940.9940796,1788966941.060483
l,1788966941.1357567,1788966941.2285836
Key.space,1788966941.2540314,1788966941.3828588
i,1788966941.6328537,1788966941.7288413
s,1788966941.7339246,1788966941.8046227
Key.backspace,1788966942.1392996,1788966942.211658
t,1788966942.2210798,1788966942.3268955
s,1788966942.5487554,1788966942.5980544
e,1788966942.6038868,1788966942.7407558
l,1788966942.7979026,1788966942.8986628
f,1788966942.8898084,1788966943.013355
Key.space,1788966943.0492995,1788966943.2009685
w,1788966943.275904,1788966943.3919253
h,1788966943.3601074,1788966943.448906
e,1788966943.480397,1788966943.5995927
n,1788966943.5646904,1788966943.640836
Key.space,1788966943.6658902,1788966943.8073967
a,1788966943.7389455,1788966943.9398296
Key.space,1788966943.9165282,1788966944.0270913
k,1788966944.1866882,1788966944.2673624
e,1788966944.2636347,1788966944.350022
y,1788966944.455591,1788966944.5389569
Key.space,1788966944.5561247,1788966944.657758
i,1788966944.8207328,1788966944.907459
s,1788966944.9090853,1788966945.0231545
Key.space,1788966944.9887443,1788966945.099303
p,1788966945.165195,1788966945.258744
t,1788966945.2159476,1788966945.3009832
r,1788966945.212327,1788966945.3246248
e,1788966945.406801,1788966945.4949899
Key.backspace,1788966945.5831885,1788966945.655185
Key.backspace,1788966945.7397861,1788966945.8115387
e,1788966946.0519884,1788966946.167788
s,1788966946.2241817,1788966946.3071115
s,1788966946.3569167,1788966946.4879503
e,1788966946.5759811,1788966946.6778882
s,1788966946.7756636,1788966946.889044
Key.space,1788966946.998684,1788966947.0863724
Key.backspace,1788966947.1991296,1788966947.2588773
Key.backspace,1788966947.3390486,1788966947.4136016
d,1788966947.3774624,1788966947.481855
Key.space,1788966947.4641323,1788966947.5679834
o,1788966947.7354028,1788966947.8277981
r,1788966947.8669145,1788966947.9817915
Key.space,1788966947.9551704,1788966948.0912824
r,1788966948.1034062,1788966948.1913705
e,1788966948.2750719,1788966948.375531
l,1788966948.397848,1788966948.4738116
e,1788966948.5041006,1788966948.6255755
a,1788966948.612042,1788966948.7785952
s,1788966948.7255228,1788966948.81855
e,1788966948.7770572,1788966948.8932402
d,1788966949.5255435,1788966949.6335762
.,1788966949.988763,1788966950.043947
Key.enter,1788966951.9904501,1788966952.075216
Key.shift,1788966952.2769763,1788966952.852389
Key.space,1788966952.85741,1788966952.9660778
l,1788966953.4546638,1788966953.5301464
i,1788966953.642583,1788966953.7085361
s,1788966953.6863225,1788966953.7772512
t,1788966953.8486767,1788966953.9422514
e,1788966954.0368197,1788966954.1561036
n,1788966954.1593359,1788966954.2318394
e,1788966954.2725954,1788966954.3615146
r,1788966954.4390237,1788966954.5492413
",",1788966954.567563,1788966954.6711338
Key.backspace,1788966955.0278356,1788966955.1134841
.,1788966955.2490935,1788966955.3488774
j,1788966955.4367306,1788966955.5515108
o,1788966955.5714877,1788966955.6749425
i,1788966956.1745417,1788966956.2822528
n,1788966956.4159262,1788966956.4513664
m,1788966956.4087796,1788966956.4528203
Key.backspace,1788966956.7721965,1788966956.8642337
Key.backspace,1788966956.984747,1788966957.0798306
n,1788966957.200607,1788966957.2962682
Key.space,1788966957.3104692,1788966957.434355
i,1788966957.4408712,1788966957.513047
s,1788966957.5647378,1788966957.690541
Key.space,1788966957.6884854,1788966957.8034272
n,1788966957.9343386,1788966958.0412433
e,1788966958.0686622,1788966958.1887708
v,1788966958.227181,1788966958.3208585
e,1788966958.2919989,1788966958.3936436
Key.backspace,1788966958.9709654,1788966959.0375547
Key.backspace,1788966959.1126723,1788966959.1868029
c,1788966959.1238377,1788966959.205228
e,1788966959.3208935,1788966959.4400764
s,1788966959.6027908,1788966959.7016387
s,1788966959.7818003,1788966959.896717
a,1788966959.8838036,1788966960.0244539
r,1788966960.0613453,1788966960.1803975
y,1788966960.184192,1788966960.2591047
Key.space,1788966960.2750556,1788966960.416042
a,1788966960.3624158,1788966960.5267205
s,1788966960.46243,1788966960.610244
Key.space,1788966960.5561619,1788966960.711343
i,1788966962.2753553,1788966962.3651671
y,1788966962.3678977,1788966962.4787462
Key.space,1788966962.4726985,1788966962.6187177
m,1788966962.623754,1788966962.7070432
Key.backspace,1788966962.8738642,1788966962.9388487
Key.backspace,1788966963.0254927,1788966963.0953715
Key.backspace,1788966963.1920717,1788966963.284148
y,1788966963.2775915,1788966963.3478436
Key.space,1788966963.3587077,1788966963.4321055
Key.backspace,1788966963.6854973,1788966963.7452722
Key.backspace,1788966963.8218176,1788966963.9116273
t,1788966963.9779413,1788966964.0724814
Key.space,1788966964.5871136,1788966964.6990821
m,1788966964.7446778,1788966964.8126543
a,1788966964.8328161,1788966964.934013
k,1788966964.9848697,1788966965.07323
e,1788966965.0950685,1788966965.2219915
s,1788966965.1816132,1788966965.2812572
Key.space,1788966965.2480407,1788966965.4203758
t,1788966965.3701653,1788966965.4799235
h,1788966965.4819374,1788966965.5610306
e,1788966965.5895894,1788966965.7055368
Key.space,1788966965.676663,1788966965.7787404
e,1788966970.4366536,1788966970.5351045
x,1788966970.668731,1788966970.738462
e,1788966971.5517044,1788966971.668877
c,1788966971.9376986,1788966972.0455372
u,1788966972.4200115,1788966972.502574
t,1788966972.5525393,1788966972.6627097
i,1788966972.675626,1788966972.7387004
o,1788966972.8152335,1788966972.8936446
n,1788966973.014641,1788966973.0819113
Key.space,1788966973.1519198,1788966973.2673395
o,1788966973.3994386,1788966973.4624145
f,1788966973.4886484,1788966973.5961635
Key.space,1788966973.5985546,1788966973.7209954
t,1788966973.714803,1788966973.837019
h,1788966973.8425577,1788966973.9298406
e,1788966973.9922655,1788966974.0947053
Key.space,1788966974.0829058,1788966974.1965399
r,1788966974.6188424,1788966974.7038214
e,1788966974.8035882,1788966974.932682
a,1788966974.9346948,1788966975.0667474
t,1788966975.5574367,1788966975.6556678
Key.backspace,1788966975.821003,1788966975.9047956
Key.backspace,1788966975.966322,1788966976.033719
s,1788966975.9801517,1788966976.0771153
t,1788966976.1269615,1788966976.214939
Key.space,1788966976.1872218,1788966976.2466629
o,1788966976.3811262,1788966976.4897594
f,1788966976.5606787,1788966976.6946435
Key.space,1788966976.6858168,1788966976.822029
t,1788966976.7995758,1788966976.9041178
h,1788966976.8649664,1788966976.9436922
e,1788966977.0118496,1788966977.1229472
Key.space,1788966977.0875597,1788966977.201315
c,1788966977.2767966,1788966977.389497
o,1788966977.3965673,1788966977.468768
d,1788966977.490698,1788966977.570032
e,1788966977.6452749,1788966977.7470481
Key.space,1788966977.7254636,1788966977.85011
s,1788966978.3750684,1788966978.425202
t,1788966978.505271,1788966978.6167204
o,1788966978.61185,1788966978.6557727
p,1788966978.7373545,1788966978.8256083
",",1788966979.8500943,1788966979.9017053
Key.space,1788966979.9286916,1788966980.0307665
u,1788966980.4339957,1788966980.5110826
n,1788966980.614362,1788966980.6888268
t,1788966980.75864,1788966980.8564034
i,1788966980.8772767,1788966980.9389987
l,1788966981.061291,1788966981.1479557
Key.space,1788966981.2487383,1788966981.3453445
t,1788966981.6291518,1788966981.746778
h,1788966981.7280822,1788966981.7953022
e,1788966981.8418689,1788966981.9587047
Key.space,1788966981.9252663,1788966982.0240233
k,1788966982.0136325,1788966982.0840974
e,1788966982.1055908,1788966982.175498
y,1788966982.2876134,1788966982.3924348
Key.space,1788966982.424574,1788966982.6146476
c,1788966982.5866408,1788966982.700366
o,1788966982.6830366,1788966982.738911
l,1788966982.8334224,1788966982.8945796
l,1788966982.9748127,1788966983.0414143
e,1788966983.033379,1788966983.1255667
c,1788966983.243517,1788966983.3328052
t,1788966983.5424018,1788966983.6749012
i,1788966983.671357,1788966983.730037
o,1788966983.8037398,1788966983.8786428
n,1788966983.928863,1788966984.0487716
Key.space,1788966984.319783,1788966984.4214895
i,1788966984.404659,1788966984.4771667
s,1788966984.5180593,1788966984.5987546
Key.space,1788966984.6038754,1788966984.7083054
Key.backspace,1788966985.2090113,1788966985.30348
Key.enter,1788966985.4663348,1788966985.556612
#,1788966905.7056088,1788966986.3948362
Key.shift,1788966985.5708098,1788966986.4227567
Key.space,1788966986.3605547,1788966986.5392966
h,1788966986.5758533,1788966986.650748
a,1788966986.6540635,1788966986.768756
p,1788966986.8240218,1788966986.8821898
p,1788966986.9405384,1788966987.021591
e,1788966987.0661864,1788966987.1872833
n,1788966987.2279642,1788966987.2866225
i,1788966987.4125628,1788966987.4777508
n,1788966987.5782454,1788966987.6292617
g,1788966987.615186,1788966987.7299995
.,1788966989.4017038,1788966989.483554
Key.space,1788966989.5204313,1788966989.6711054
w,1788966990.1847196,1788966990.2730072
h,1788966990.2536993,1788966990.3089695
e,1788966990.369932,1788966990.5006921
n,1788966990.4723682,1788966990.549126
Key.space,1788966990.5630047,1788966990.6934404
Key.caps_lock,1788966990.7392128,1788966990.905202
e,1788966991.0476635,1788966991.1689413
s,1788966991.294015,1788966991.4022439
c,1788966991.4802275,1788966991.6135945
Key.space,1788966991.601665,1788966991.7373438
Key.caps_lock,1788966991.8721335,1788966991.9859724
i,1788966992.0415075,1788966992.1290498
s,1788966992.1542099,1788966992.2416477
Key.space,1788966992.2375507,1788966992.3556905
p,1788966992.3303242,1788966992.4242017
r,1788966992.3903394,1788966992.4853039
w,1788966992.5930276,1788966992.6380022
e,1788966992.5873253,1788966992.6587708
s,1788966992.6634188,1788966992.7390044
s,1788966992.803242,1788966992.879456
Key.backspace,1788966992.9827163,1788966993.0536745
Key.backspace,1788966993.1395931,1788966993.190185
Key.backspace,1788966993.270314,1788966993.3276203
s,1788966993.3467164,1788966993.4349675
s,1788966993.5238764,1788966993.6547325
e,1788966993.691898,1788966993.781195
d,1788966993.858303,1788966993.9735847
Key.space,1788966994.0980349,1788966994.2447293
i,1788966994.2734115,1788966994.3414395
t,1788966994.3883138,1788966994.4921763
Key.space,1788966994.4711971,1788966994.6014602
s,1788966995.2380693,1788966995.3064399
i,1788966995.3149848,1788966995.3900592
g,1788966995.545878,1788966995.6372654
n,1788966995.6320238,1788966995.7073612
a,1788966995.7907605,1788966995.9050176
l,1788966995.9494941,1788966996.0239363
s,1788966996.0272677,1788966996.1420252
Key.space,1788966996.1374767,1788966996.2386434
t,1788966996.236777,1788966996.335721
h,1788966996.324498,1788966996.391813
e,1788966996.457215,1788966996.557465
Key.space,1788966996.507998,1788966996.6392536
l,1788966997.099993,1788966997.1593792
i,1788966997.263724,1788966997.3172178
s,1788966997.3001611,1788966997.3771358
y,1788966997.4851892,1788966997.5072784
t,1788966997.4831648,1788966997.538782
Key.backspace,1788966997.9544256,1788966998.0229645
e,1788966998.4498522,1788966998.5471542
n,1788966998.5726168,1788966998.6510234
e,1788966998.6677504,1788966998.7491908
r,1788966998.8439834,1788966998.9554586
Key.space,1788966998.9645088,1788966999.142698
t,1788966999.1192913,1788966999.2400768
o,1788966999.2294667,1788966999.3030047
Key.space,1788966999.323209,1788966999.433571
Key.backspace,1788966999.7601013,1788966999.8226504
Key.backspace,1788966999.8996558,1788966999.9567606
Key.backspace,1788967000.0364783,1788967000.1209178
t,1788967000.174007,1788967000.29991
h,1788967000.3029156,1788967000.3803773
a,1788967000.3648088,1788967000.508763
t,1788967000.4962099,1788967000.6272523
Key.space,1788967000.6034868,1788967000.7831051
t,1788967000.7176387,1788967000.8190324
h,1788967000.779365,1788967000.8531947
e,1788967000.925928,1788967001.0472546
Key.space,1788967001.0110633,1788967001.1433895
p,1788967001.1389225,1788967001.2536352
r,1788967001.242337,1788967001.3639896
o,1788967001.5335038,1788967001.6087358
c,1788967001.6167455,1788967001.7069886
e,1788967001.895862,1788967001.9988244
s,1788967002.0837078,1788967002.1711617
s,1788967002.2674036,1788967002.3517842
Key.space,1788967002.3361998,1788967002.4464657
i,1788967002.4514382,1788967002.5220525
f,1788967002.5408525,1788967002.6320372
Key.space,1788967002.6278203,1788967002.7429204
Key.backspace,1788967002.9738216,1788967003.025984
Key.backspace,1788967003.1391885,1788967003.193258
s,1788967003.600205,1788967003.700107
Key.space,1788967003.6677964,1788967003.8359935
o,1788967003.845631,1788967003.916212
v,1788967003.943423,1788967004.0498369
e,1788967004.171326,1788967004.2675877
r,1788967004.3536584,1788967004.450112
.,1788967013.4052606,1788967013.4700215
Key.space,1788967013.4841826,1788967013.5927684
a,1788967015.428015,1788967015.5763252
n,1788967015.8092554,1788967015.8959913
d,1788967015.8990126,1788967016.0199106
Key.space,1788967016.004137,1788967016.1743588
r,1788967016.155985,1788967016.253827
e,1788967016.3311114,1788967016.4217534
s,1788967016.396526,1788967016.5193155
t,1788967016.5653555,1788967016.6754122
Key.space,1788967016.646548,1788967016.781045
o,1788967016.7730465,1788967016.858942
f,1788967016.8502548,1788967016.9658642
Key.space,1788967016.9602602,1788967017.1068351
t,1788967017.0783029,1788967017.1712391
h,1788967017.1574678,1788967017.2352242
e,1788967017.2632797,1788967017.3669636
Key.space,1788967017.296579,1788967017.4887407
c,1788967017.453812,1788967017.5858827
o,1788967017.5798295,1788967017.6805346
e,1788967017.6854172,1788967017.7635815
Key.space,1788967017.8113587,1788967017.9465694
Key.backspace,1788967018.1335325,1788967018.2138147
Key.backspace,1788967018.2703786,1788967018.377685
d,1788967018.3210304,1788967018.3988562
e,1788967018.4773562,1788967018.560189
Key.space,1788967018.5467443,1788967018.7102726
c,1788967018.6866052,1788967018.7699032
a,1788967018.7365446,1788967018.888005
n,1788967018.8687308,1788967019.0110185
Key.space,1788967018.9700625,1788967019.1700306
b,1788967019.3244736,1788967019.393144
e,1788967019.7966557,1788967019.9064064
Key.space,1788967019.966287,1788967020.104718
w,1788967020.6793404,1788967020.7692132
r,1788967020.8448715,1788967020.9643562
i,1788967020.981405,1788967021.045852
t,1788967021.0728447,1788967021.1775804
e,1788967021.3066826,1788967021.397918
Key.backspace,1788967021.583151,1788967021.6736662
t,1788967021.6472147,1788967021.7221575
e,1788967021.8043845,1788967021.9161718
n,1788967021.900132,1788967021.9747965
.,1788967024.536681,1788967024.6258137
Key.enter,1788967026.9790738,1788967027.0290341
Key.shift,1788967027.5458817,1788967028.0192213
Key.space,1788967028.0268133,1788967028.165155
i,1788967028.1998749,1788967028.294013
f,1788967028.7112598,1788967028.819154
Key.space,1788967028.8228323,1788967028.9821692
t,1788967028.9477174,1788967029.0842218
h,1788967029.066225,1788967029.1538436
e,1788967029.2222488,1788967029.3362846
s,1788967029.3527026,1788967029.4461737
Key.backspace,1788967029.7303007,1788967029.8049586
r,1788967029.8462665,1788967029.9516525
e,1788967030.0401528,1788967030.1771543
Key.space,1788967030.1803699,1788967030.3436136
i,1788967030.3578541,1788967030.4394464
s,1788967030.4681509,1788967030.5825331
Key.space,1788967030.5526443,1788967030.6940908
n,1788967030.6740575,1788967030.7529929
o,1788967030.8826401,1788967030.9642901
t,1788967031.0133893,1788967031.0628512
Key.space,1788967031.0300164,1788967031.153642
l,1788967031.18602,1788967031.278201
Key.backspace,1788967031.40192,1788967031.4643307
Key.backspace,1788967031.5510144,1788967031.6337826
Key.backspace,1788967031.7078028,1788967031.8268685
Key.space,1788967031.8684375,1788967031.9805877
l,1788967031.9588335,1788967032.02695
i,1788967032.1224616,1788967032.2046678
s,1788967032.1848896,1788967032.2815373
t,1788967032.6999428,1788967032.8066843
e,1788967032.9170184,1788967033.0426006
r,1788967033.4163625,1788967033.464106
Key.backspace,1788967033.7475715,1788967033.8216534
j,1788967033.965443,1788967034.0308757
e,1788967034.0362039,1788967034.0987988
Key.backspace,1788967034.3707817,1788967034.442479
Key.backspace,1788967034.5132813,1788967034.5976892
n,1788967034.7458806,1788967034.756436
e,1788967035.0618246,1788967035.1586008
r,1788967035.2367134,1788967035.3732574
Key.space,1788967035.3544736,1788967035.567115
t,1788967035.5121934,1788967035.6196446
h,1788967035.6082604,1788967035.6752634
a,1788967035.688066,1788967035.803296
n,1788967035.8145354,1788967035.8723788
Key.space,1788967035.9394953,1788967036.030675
Key.backspace,1788967036.4474113,1788967036.5385098
",",1788967036.6993594,1788967036.760427
Key.space,1788967036.7634456,1788967036.8633394
Key.backspace,1788967040.0725396,1788967040.1368408
Key.backspace,1788967040.233685,1788967040.2936642
Key.backspace,1788967040.3844457,1788967040.4569352
Key.backspace,1788967040.5366771,1788967040.6290915
Key.backspace,1788967040.7037878,1788967040.7952795
Key.backspace,1788967040.8751915,1788967040.9473403
Key.backspace,1788967041.0814207,1788967041.1578767
.,1788967041.6877317,1788967041.7486815
j,1788967041.9669147,1788967042.065812
o,1788967042.0454404,1788967042.1111438
i,1788967042.1966882,1788967042.2615347
n,1788967042.2253146,1788967042.33585
(,1788967043.0490346,1788967043.124242
),1788967043.2216392,1788967043.3270714
Key.shift_r,1788967042.5636892,1788967043.3399503
Key.space,1788967043.3434625,1788967043.5347693
t,1788967043.4492295,1788967043.5776212
h,1788967043.544774,1788967043.6557848
e,1788967043.6870596,1788967043.8269677
n,1788967043.8289864,1788967043.939392
Key.space,1788967044.0617564,1788967044.18112
t,1788967044.5706162,1788967044.674907
h,1788967044.6904943,1788967044.7672489
e,1788967044.8012207,1788967044.9007137
Key.space,1788967044.8772085,1788967045.0442245
c,1788967045.0266674,1788967045.1286528
o,1788967045.112019,1788967045.1725397
d,1788967045.246816,1788967045.3076913
e,1788967045.5403411,1788967045.6614592
Key.space,1788967045.6752977,1788967045.8360448
w,1788967046.370668,1788967046.4705405
o,1788967046.4486022,1788967046.5074265
n,1788967046.6232169,1788967046.6803336
t,1788967046.6823342,1788967046.795419
Key.space,1788967046.8060393,1788967046.939246
r,1788967046.9122229,1788967047.0057244
e,1788967047.0837207,1788967047.1835415
a,1788967047.1537135,1788967047.277366
l,1788967047.2560644,1788967047.3042374
l,1788967047.3822646,1788967047.4494221
t,1788967047.440176,1788967047.4720426
y,1788967047.3993173,1788967047.4796224
Key.backspace,1788967047.7830143,1788967047.8700457
Key.space,1788967048.00606,1788967048.1200008
r,1788967048.1633613,1788967048.2915907
e,1788967048.3961215,1788967048.48927
c,1788967048.6755412,1788967048.8017082
o,1788967048.8484542,1788967048.9119549
r,1788967048.9351885,1788967049.015696
d,1788967049.1058702,1788967049.2022657
Key.space,1788967049.1935196,1788967049.313141
a,1788967049.308085,1788967049.429007
n,1788967049.3800569,1788967049.4569275
y,1788967049.5141835,1788967049.6282868
Key.space,1788967049.6386576,1788967049.7506027
k,1788967049.7162683,1788967049.7993002
e,1788967049.8343952,1788967049.936876
y,1788967050.0369616,1788967050.1243312
s,1788967050.3184788,1788967050.4088306
y,1788967050.5157783,1788967050.5848804
t,1788967050.534996,1788967050.5865521
r,1788967050.679117,1788967050.7938974
Key.backspace,1788967050.9466665,1788967051.0287054
Key.backspace,1788967051.170003,1788967051.2163503
t,1788967051.7935252,1788967051.8548708
Key.backspace,1788967051.966687,1788967052.032362
Key.backspace,1788967052.1256227,1788967052.1934552
t,1788967052.2056255,1788967052.287657
e,1788967052.3995652,1788967052.4719155
r,1788967052.3935423,1788967052.4821947
o,1788967052.4766133,1788967052.544933
Key.backspace,1788967052.807666,1788967052.8827882
Key.backspace,1788967052.9625983,1788967053.052173
o,1788967053.550849,1788967053.6302178
k,1788967053.736227,1788967053.7906199
e,1788967053.766161,1788967053.860256
d,1788967053.9570484,1788967054.0768912
Key.space,1788967054.0591073,1788967054.202583
Key.backspace,1788967054.6683464,1788967054.731182
Key.backspace,1788967054.8136406,1788967054.8991294
s,1788967055.0662413,1788967055.1563082
Key.space,1788967055.163358,1788967055.308951
a,1788967055.3146725,1788967055.4162655
n,1788967055.458006,1788967055.532516
d,1788967055.57504,1788967055.6548474
Key.space,1788967055.6372397,1788967055.7423222
w,1788967055.764298,1788967055.866654
i,1788967055.8707123,1788967055.9238229
l,1788967056.231843,1788967056.2756147
l,1788967056.3809242,1788967056.4504385
Key.space,1788967056.4855616,1788967056.635631
e,1788967056.5982435,1788967056.6994958
n,1788967056.6907375,1788967056.7787874
d,1788967056.8457692,1788967056.9475067
Key.space,1788967056.9406834,1788967057.106916
n,1788967057.3367662,1788967057.411562
o,1788967057.5376263,1788967057.6159358
r,1788967057.6576314,1788967057.7776895
m,1788967057.7705812,1788967057.8711638
a,1788967057.914321,1788967058.032214
l,1788967058.051494,1788967058.107609
l,1788967058.1815405,1788967058.2618334
s,1788967058.2901156,1788967058.3657765
.,1788967058.438373,1788967058.5308323
Key.backspace,1788967058.8242178,1788967058.8866649
Key.backspace,1788967058.983594,1788967059.070707
a,1788967059.1240249,1788967059.2203155
Key.backspace,1788967059.715329,1788967059.7772813
a,1788967060.158986,1788967060.272535
l,1788967060.277248,1788967060.3547785
y,1788967060.5619597,1788967060.6627345
Key.backspace,1788967061.1025636,1788967061.1588285
Key.backspace,1788967061.2504253,1788967061.3067982
Key.backspace,1788967061.4032402,1788967061.4588518
Key.backspace,1788967061.5754364,1788967061.6442182
Key.backspace,1788967063.2548923,1788967063.3586826
l,1788967063.8793871,1788967063.9847286
y,1788967064.3851593,1788967064.491201
Key.backspace,1788967064.6492364,1788967064.7217085
l,1788967064.8139052,1788967064.8877187
;,1788967064.8096073,1788967064.8912323
y,1788967064.877056,1788967064.985229
Key.backspace,1788967065.1756718,1788967065.2418177
Key.backspace,1788967065.3242097,1788967065.3981078
Key.backspace,1788967065.4796152,1788967065.5560956
l,1788967065.6612613,1788967065.746942
y,1788967065.7552762,1788967065.8524225
.,1788967066.6274831,1788967066.6747694
,1788967067.3344646,1788967067.4565835
Key.ctrl_l,1788967066.9303162,1788967067.5289333
Key.esc,1788967068.109342,1788967068.1871881
b,1788980560.2662077,1788980560.3510687
a,1788980560.4013078,1788980560.4611948
a,1788980560.5697339,1788980560.6791437
Key.backspace,1788980561.243196,1788980561.3357658
c,1788980561.36,1788980561.467898
k,1788980561.5115707,1788980561.5867593
p,1788980561.7512708,1788980561.850421
Key.backspace,1788980562.3257802,1788980562.4365027
s,1788980562.4258037,1788980562.5369606
p,1788980562.628416,1788980562.7432086
a,1788980562.7115853,1788980562.8357053
c,1788980562.8721077,1788980562.9592617
e,1788980563.0646017,1788980563.157937
Key.space,1788980563.152719,1788980563.2769687
r,1788980563.327191,1788980563.4355097
a,1788980563.6126087,1788980563.7260416
t,1788980563.7838387,1788980563.8859544
e,1788980563.9767933,1788980564.0778089
Key.space,1788980564.0170934,1788980564.1913838
k,1788980564.1790624,1788980564.2775874
e,1788980564.605647,1788980564.7605054
s,1788980564.7497838,1788980564.923296
e,1788980564.886853,1788980564.9776578
Key.space,1788980564.920738,1788980565.0612826
n,1788980565.2210264,1788980565.3119729
i,1788980565.5256703,1788980565.609979
k,1788980565.7293966,1788980565.7955754
l,1788980566.000252,1788980566.0680752
e,1788980566.146382,1788980566.2660692
g,1788980566.263951,1788980566.3358095
a,1788980566.358258,1788980566.480368
Key.space,1788980566.4881916,1788980566.5743418
b,1788980566.6069577,1788980566.6800735
r,1788980566.7301517,1788980566.8382435
o,1788980566.8493035,1788980566.9486895
Key.enter,1788980567.069555,1788980567.1711097
f,1788980669.3979385,1788980669.4742746
o,1788980669.5055068,1788980669.6122596
r,1788980669.5971797,1788980669.6877575
Key.space,1788980670.0646784,1788980670.1833742
n,1788980670.2476459,1788980670.2806706
y,1788980670.3437612,1788980670.3990746
y,1788980670.498084,1788980670.6004925
Key.backspace,1788980670.7414532,1788980670.831481
Key.backspace,1788980670.9205463,1788980670.9996428
Key.backspace,1788980671.0760357,1788980671.1741092
n,1788980671.273839,1788980671.4167023
y,1788980671.3633409,1788980671.4674838
Key.space,1788980671.4861665,1788980671.5867527
Key.backspace,1788980671.8441057,1788980671.919713
Key.backspace,1788980672.0103307,1788980672.0876095
Key.backspace,1788980672.1718419,1788980672.2479079
m,1788980672.341541,1788980672.4375975
y,1788980672.4177036,1788980672.5366557
Key.space,1788980672.539126,1788980672.687626
f,1788980672.659689,1788980672.7638965
r,1788980672.8930962,1788980673.039828
i,1788980673.0864592,1788980673.1926024
e,1788980673.2419567,1788980673.3900554
n,1788980673.4319282,1788980673.5324867
d,1788980673.5977204,1788980673.767242
s,1788980673.7194753,1788980673.8640635
Key.space,1788980673.8245585,1788980673.9878907
k,1788980674.0450137,1788980674.140547
e,1788980674.1682703,1788980674.2905579
t,1788980674.4065118,1788980674.485747
s,1788980674.6345408,1788980674.7471948
Key.backspace,1788980674.900388,1788980674.9831018
Key.backspace,1788980675.0630093,1788980675.165767
y,1788980675.1140006,1788980675.2267866
Key.space,1788980675.276948,1788980675.3954294
s,1788980675.354925,1788980675.4812028
t,1788980675.563333,1788980675.6503508
Key.backspace,1788980675.7798405,1788980675.8401628
t,1788980676.2188256,1788980676.3081326
r,1788980676.3958902,1788980676.4995947
o,1788980676.477691,1788980676.5175407
o,1788980677.0699358,1788980677.1420176
k,1788980677.2323108,1788980677.3197
e,1788980677.3356237,1788980677.3835154
s,1788980677.5589573,1788980677.6602995
Key.space,1788980677.6494453,1788980677.7799673
i,1788980677.8333325,1788980677.9171708
Key.space,1788980677.921592,1788980678.045753
h,1788980678.0668466,1788980678.153089
a,1788980678.162973,1788980678.2722518
v,1788980678.275811,1788980678.3630435
e,1788980678.3331048,1788980678.4400864
Key.space,1788980678.4676206,1788980678.565608
t,1788980678.5415266,1788980678.6435344
o,1788980678.6688914,1788980678.7441423
Key.space,1788980678.7385752,1788980678.98838
c,1788980679.1356235,1788980679.2590246
o,1788980679.312871,1788980679.3801398
l,1788980679.479242,1788980679.5340433
l,1788980679.6159215,1788980679.678039
e,1788980679.647291,1788980679.7308245
c,1788980679.842137,1788980679.9513366
t,1788980679.902537,1788980679.9808016
Key.space,1788980680.0592165,1788980680.1926491
t,1788980680.158176,1788980680.2691646
h,1788980680.2495053,1788980680.3203752
e,1788980680.3687086,1788980680.503499
m,1788980680.4612715,1788980680.5555785
Key.space,1788980680.5890412,1788980680.7044177
i,1788980680.678692,1788980680.7518063
n,1788980680.8326309,1788980680.9267924
Key.space,1788980680.847683,1788980680.9791877
a,1788980680.9806056,1788980681.1057112
Key.space,1788980681.1134222,1788980681.2644732
s,1788980681.3983302,1788980681.4993384
p,1788980681.502435,1788980681.6058142
e,1788980681.601789,1788980681.7177742
e,1788980681.8057039,1788980681.9004433
r,1788980681.9887788,1788980682.090119
t,1788980682.1185567,1788980682.1906457
a,1788980682.0655577,1788980682.1942518
e,1788980682.2159534,1788980682.3199954
Key.space,1788980682.3170125,1788980682.4381478
c,1788980682.9271953,1788980683.0382876
s,1788980683.0581274,1788980683.1719112
v,1788980683.2383666,1788980683.3581553
Key.space,1788980683.3626285,1788980683.4770277
r,1788980683.4725015,1788980683.616572
i,1788980683.5064332,1788980683.6266701
g,1788980683.7482915,1788980683.8765981
h,1788980683.8743029,1788980683.956052
t,1788980683.9694495,1788980684.1179066
>,1788980684.311409,1788980684.482243
Key.shift_r,1788980684.135537,1788980684.6735187
Key.enter,1788980684.7887146,1788980684.8639367
i,1788980825.3367674,1788980825.4290917
s,1788980825.410071,1788980825.520583
o,1788980825.5614824,1788980825.6374493
l,1788980825.9186146,1788980825.9836833
o,1788980826.1031232,1788980826.161757
c,1788980826.203684,1788980826.2874188
a,1788980826.26543,1788980826.3986766
Key.backspace,1788980826.544055,1788980826.6271389
Key.backspace,1788980826.7096655,1788980826.7809718
Key.backspace,1788980826.866822,1788980826.9482868
a,1788980826.8790567,1788980827.0030792
t,1788980827.0354507,1788980827.1623664
u,1788980827.1070116,1788980827.1623664
i,1788980827.1054342,1788980827.1716063
Key.backspace,1788980827.560491,1788980827.632715
Key.backspace,1788980827.696558,1788980827.8019922
t,1788980827.8592803,1788980827.984421
i,1788980827.9904327,1788980828.0643673
o,1788980828.1649528,1788980828.2606778
n,1788980828.2280996,1788980828.3360274
Key.space,1788980828.629663,1788980828.7484088
f,1788980828.8173263,1788980828.9326866
o,1788980828.9487946,1788980829.0265596
r,1788980829.0574467,1788980829.1573918
e,1788980829.2600405,1788980829.3009863
s,1788980829.253981,1788980829.3967376
e,1788980829.3747764,1788980829.4803703
Key.backspace,1788980829.860689,1788980829.958143
Key.backspace,1788980830.0106363,1788980830.1063643
Key.backspace,1788980830.1662126,1788980830.275664
e,1788980830.1778164,1788980830.3410444
s,1788980830.2974272,1788980830.3910458
Key.backspace,1788980830.4721675,1788980830.5370998
Key.backspace,1788980830.6175613,1788980830.6955605
e,1788980830.747093,1788980830.8671477
s,1788980830.8341238,1788980830.950472
t,1788980830.9793508,1788980831.1126199
Key.enter,1788980831.1222856,1788980831.2407649
i,1788980898.7795818,1788980898.8799524
s,1788980898.8809495,1788980898.9624512
w,1788980898.869356,1788980898.967776
Key.space,1788980898.942366,1788980899.1701124
Key.backspace,1788980899.4681213,1788980899.5324004
Key.backspace,1788980899.6259718,1788980899.7036898
Key.backspace,1788980899.7939587,1788980899.8743472
s,1788980899.8957663,1788980899.9883716
Key.space,1788980899.9721844,1788980900.1036398
m,1788980900.0376282,1788980900.1279764
a,1788980900.1839414,1788980900.282493
k,1788980900.2880306,1788980900.3984928
i,1788980900.5355468,1788980900.6092732
n,1788980900.711699,1788980900.8154998
g,1788980900.773369,1788980900.884753
Key.space,1788980900.908796,1788980901.040462
c,1788980901.2197454,1788980901.3454225
o,1788980901.305597,1788980901.3785875
n,1788980901.487466,1788980901.5614023
t,1788980901.5665276,1788980901.6409216
r,1788980901.7138677,1788980901.8296542
u,1788980901.8533459,1788980901.8816109
i,1788980901.8306546,1788980901.891134
Key.backspace,1788980902.2268283,1788980902.3429
b,1788980902.479675,1788980902.5621266
i,1788980902.4555821,1788980902.5719101
b,1788980902.6220982,1788980902.7161257
Key.backspace,1788980903.1921406,1788980903.272327
Key.backspace,1788980903.4503727,1788980903.5403287
Key.backspace,1788980903.6550076,1788980903.728114
b,1788980904.3470821,1788980904.4523242
u,1788980904.5931242,1788980904.6658049
t,1788980904.7067423,1788980904.7894964
i,1788980904.7994971,1788980904.8739555
n,1788980904.969125,1788980905.0525208
g,1788980905.0293944,1788980905.1486828
Key.space,1788980905.1435742,1788980905.2609577
p,1788980906.1431296,1788980906.2512438
r,1788980906.2901587,1788980906.4008577
o,1788980906.3772602,1788980906.4536011
j,1788980906.5855496,1788980906.662068
e,1788980906.6365972,1788980906.7301106
c,1788980906.838198,1788980906.967641
t,1788980906.9964066,1788980907.0747592
s,1788980907.097986,1788980907.2086725
Key.space,1788980907.2241893,1788980907.3380115
i,1788980907.2765622,1788980907.368633
n,1788980907.4798243,1788980907.5722182
Key.space,1788980907.5540774,1788980907.6640086
k,1788980907.7924125,1788980907.8884435
Key.backspace,1788980908.188355,1788980908.2857244
g,1788980908.4875507,1788980908.5419047
i,1788980908.779454,1788980908.8815057
t,1788980908.920906,1788980908.9991028
h,1788980909.118768,1788980909.1995342
u,1788980909.2005324,1788980909.2690504
b,1788980909.3133702,1788980909.4264395
Key.space,1788980909.4324663,1788980909.5491986
w,1788980909.5735488,1788980909.6983957
i,1788980909.6670742,1788980909.7695372
h,1788980910.0669866,1788980910.1090698
Key.backspace,1788980910.3733988,1788980910.4445188
t,1788980910.5037224,1788980910.589115
h,1788980910.61867,1788980910.691009
Key.space,1788980910.7244825,1788980910.8222837
m,1788980910.866778,1788980910.97412
y,1788980910.9921043,1788980911.090116
Key.space,1788980911.1056223,1788980911.175537
f,1788980911.7460923,1788980911.8095176
r,1788980911.9142206,1788980912.032754
i,1788980912.0021377,1788980912.0789123
e,1788980912.0974667,1788980912.19222
n,1788980912.221935,1788980912.310441
d,1788980912.3014808,1788980912.432538
s,1788980912.4066994,1788980912.5541255
Key.space,1788980912.5435135,1788980912.6753712
a,1788980912.6577423,1788980912.8163946
Key.space,1788980912.8036911,1788980912.9380624
b,1788980913.1212764,1788980913.212911
a,1788980913.2164545,1788980913.3166237
d,1788980913.3273838,1788980913.4484477
Key.space,1788980913.456768,1788980913.5798373
r,1788980913.605604,1788980913.6735334
e,1788980913.7667396,1788980913.8591073
s,1788980913.9239054,1788980914.015578
u,1788980914.0074732,1788980914.0833423
m,1788980914.2009344,1788980914.2954903
e,1788980914.2811987,1788980914.3973286
Key.space,1788980914.3744886,1788980914.4873734
t,1788980915.0420492,1788980915.1604083
h,1788980915.1037486,1788980915.1817238
i,1788980915.3040617,1788980915.396677
n,1788980915.5478587,1788980915.5763571
m,1788980915.5403395,1788980915.593818
j,1788980915.5220513,1788980915.6034381
g,1788980915.5918176,1788980915.7196317
Key.backspace,1788980915.9544644,1788980916.0381043
Key.backspace,1788980916.1218724,1788980916.2042146
Key.backspace,1788980916.302316,1788980916.390142
Key.backspace,1788980916.4957714,1788980916.554099
n,1788980916.7997854,1788980916.8874223
g,1788980916.8696733,1788980916.9647121
Key.enter,1788980917.0283105,1788980917.1239388
Key.ctrl_l,1788981056.8310637,1788981056.8426197
Key.down,1788981145.7203743,1788981145.8913162
Key.down,1788981151.5483081,1788981151.6502557
Key.down,1788981162.481127,1788981162.671481
Key.left,1788981724.3435223,1788981724.445898
Key.left,1788981725.1458323,1788981725.2666733
Key.space,1788981726.90273,1788981727.0198753
Key.space,1788981733.257074,1788981733.3906643
Key.right,1788982085.2785244,1788982085.3978698
Key.right,1788982085.4897046,1788982085.6191082
Key.right,1788982086.1555383,1788982086.242813
Key.right,1788982086.9654338,1788982087.1283183
Key.right,1788982169.3592682,1788982169.5048409
Key.right,1788982169.5769222,1788982169.7055795
Key.right,1788982169.788981,1788982169.883301
Key.right,1788982170.1609166,1788982170.2843022
Key.right,1788982170.363608,1788982170.467888
Key.right,1788982170.5547528,1788982170.66673
Key.right,1788982170.7537363,1788982170.8588712
Key.right,1788982170.950484,1788982171.0457106
Key.right,1788982171.149536,1788982171.2788734
Key.right,1788982171.3624454,1788982171.474144
Key.right,1788982171.5616128,1788982171.684181
Key.right,1788982367.4411724,1788982367.548874
Key.right,1788982367.8977494,1788982368.0080693
Key.right,1788982369.9592838,1788982370.0840716
Key.right,1788982397.5363026,1788982397.6865075
Key.backspace,1788982803.1528049,1788982803.2255056
1,1788982804.4739149,1788982804.5679052
0,1788982804.7449174,1788982804.798322
0,1788982804.8724074,1788982804.9539492
Key.space,1788982804.9594953,1788982805.077961
d,1788982805.051998,1788982805.1857824
a,1788982805.158321,1788982805.288035
y,1788982805.2298176,1788982805.3141181
s,1788982805.3623402,1788982805.4667935
Key.down,1788982806.1588511,1788982806.2671833
Key.down,1788982806.3633184,1788982806.4584694
=,1788982806.7043955,1788982806.7534485
Key.backspace,1788982806.9976418,1788982807.086801
Key.backspace,1788982807.1829057,1788982807.2347543
Key.backspace,1788982807.3246849,1788982807.3965468
d,1788982807.4312348,1788982807.5070891
Key.down,1788982808.0630589,1788982808.1642632
Key.enter,1788982808.287989,1788982808.329778
Key.esc,1788982928.1546695,1788982928.269327
a,1789015972.9426692,1789015975.472079
Key.esc,1789015976.8132205,1789015976.997427
Key.esc,1789015976.8142157,1789015976.997427
Key.enter,1789298046.9671795,1789298047.0552347
i,1789298047.2275302,1789298047.3304956
m,1789298047.4299083,1789298047.5371912
p,1789298047.5905054,1789298047.659573
o,1789298047.8019652,1789298047.9093046
r,1789298047.9203002,1789298048.0293794
t,1789298048.1494129,1789298048.2738874
Key.space,1789298048.2354522,1789298048.3894994
n,1789298048.3154674,1789298048.4105268
i,1789298048.5312343,1789298048.608829
m,1789298048.7374108,1789298048.8241923
Key.backspace,1789298049.0688317,1789298049.1304862
Key.backspace,1789298049.2085023,1789298049.3061352
u,1789298049.6242335,1789298049.7028499
m,1789298049.8322065,1789298049.9573646
p,1789298049.9520175,1789298050.0599494
y,1789298050.7542324,1789298050.8951447
Key.space,1789298050.9673483,1789298051.1494446
a,1789298051.1112397,1789298051.2793326
s,1789298051.192012,1789298051.3414414
Key.space,1789298051.3219075,1789298051.4511867
n,1789298051.3835948,1789298051.4745653
p,1789298051.6095462,1789298051.6986144
Key.enter,1789298051.8154874,1789298051.9193702
i,1789298052.070886,1789298052.157679
m,1789298052.3122761,1789298052.4392984
p,1789298052.509185,1789298052.5994158
o,1789298052.6955433,1789298052.79401
e,1789298052.7692304,1789298052.8173196
r,1789298052.7653747,1789298052.8229
t,1789298052.9448478,1789298053.1228683
Key.backspace,1789298053.268462,1789298053.3720236
Key.backspace,1789298053.512195,1789298053.6263003
t,1789298054.04716,1789298054.1703987
Key.space,1789298054.1140354,1789298054.2929976
m,1789298054.3251202,1789298054.4385614
a,1789298054.4865084,1789298054.6200523
t,1789298054.6686342,1789298054.8133361
p,1789298054.845499,1789298054.9501367
l,1789298055.035263,1789298055.127462
o,1789298055.2192094,1789298055.306738
t,1789298055.2953832,1789298055.4093554
Key.space,1789298055.4270608,1789298055.4630244
l,1789298055.4675813,1789298055.5554757
Key.backspace,1789298055.7289302,1789298055.845199
Key.backspace,1789298055.9214535,1789298056.0331173
l,1789298056.0992875,1789298056.1754916
i,1789298056.2834392,1789298056.3555
b,1789298056.3635502,1789298056.5006905
Key.ctrl_l,1789298056.9205878,1789298056.9620476
Key.alt_gr,1789298056.9235294,1789298056.9634101
.,1789298057.2019768,1789298057.3105001
p,1789298057.499815,1789298057.5904996
y,1789298057.6864686,1789298057.7345352
p,1789298059.0321805,1789298059.1175385
l,1789298059.235332,1789298059.2993765
o,1789298059.393184,1789298059.475395
y,1789298059.4874356,1789298059.617503
Key.space,1789298059.6080847,1789298059.7469306
a,1789298059.8353283,1789298059.91542
Key.backspace,1789298060.082115,1789298060.1751447
Key.backspace,1789298060.2445376,1789298060.337234
Key.backspace,1789298060.415391,1789298060.533712
t,1789298060.46336,1789298060.5472488
Key.space,1789298060.5276873,1789298060.7062967
a,1789298060.6635332,1789298060.8373818
s,1789298060.7356622,1789298060.913439
Key.space,1789298060.878631,1789298060.9971602
p,1789298060.9388862,1789298061.0274022
l,1789298061.1063159,1789298061.1836782
t,1789298061.1962526,1789298061.2765357
Key.enter,1789298064.4651914,1789298064.5785613
i,1789298068.592295,1789298068.6828394
m,1789298068.6853626,1789298068.8094177
p,1789298068.9232352,1789298069.0131824
o,1789298069.1102371,1789298069.2203925
r,1789298069.2156236,1789298069.3240156
t,1789298069.414101,1789298069.548545
Key.space,1789298070.3539474,1789298070.4945152
s,1789298070.566272,1789298070.696291
e,1789298070.7022789,1789298070.8797727
a,1789298070.8522034,1789298071.0226653
b,1789298071.2373855,1789298071.3551614
o,1789298071.387399,1789298071.469552
r,1789298071.4969275,1789298071.6052294
n,1789298071.6289663,1789298071.7205358
Key.space,1789298071.7154253,1789298071.862741
a,1789298071.8377001,1789298072.0225332
s,1789298071.971314,1789298072.0751102
Key.space,1789298072.031013,1789298072.1884859
s,1789298072.239248,1789298072.374459
n,1789298072.4473956,1789298072.5511286
s,1789298072.5428655,1789298072.657648
Key.enter,1789298073.1261816,1789298073.2462873
i,1789298073.5085204,1789298073.6066284
m,1789298073.7284522,1789298073.8270822
p,1789298073.9497597,1789298074.0479243
o,1789298074.1437805,1789298074.240314
r,1789298074.2201693,1789298074.332157
t,1789298074.4533243,1789298074.5380197
Key.space,1789298074.5344307,1789298074.6778467
t,1789298074.8438466,1789298074.9203794
e,1789298075.0376356,1789298075.1493654
n,1789298075.1704981,1789298075.2591813
s,1789298075.5408425,1789298075.6071625
o,1789298075.815303,1789298075.875319
r,1789298075.9552407,1789298076.0592725
f,1789298076.1893597,1789298076.2873435
l,1789298076.2428539,1789298076.331824
o,1789298076.4190657,1789298076.5109017
e,1789298076.4903386,1789298076.619366
Key.space,1789298076.7193034,1789298076.8827457
Key.backspace,1789298076.9910228,1789298077.0800588
Key.backspace,1789298077.1501112,1789298077.2596211
w,1789298077.1722422,1789298077.2862577
Key.space,1789298077.2519345,1789298077.4398417
a,1789298077.4176652,1789298077.5738652
s,1789298077.5182807,1789298077.6541498
Key.space,1789298077.6137843,1789298077.748134
t,1789298078.0663896,1789298078.1518526
f,1789298078.2940416,1789298078.4303825
Key.space,1789298078.6042771,1789298078.701994
Key.enter,1789298078.7465267,1789298078.841832
f,1789298085.0118272,1789298085.117578
r,1789298085.1984046,1789298085.3419662
o,1789298085.658099,1789298085.7553563
m,1789298085.8782253,1789298085.9564195
Key.space,1789298085.9705584,1789298086.1120982
t,1789298086.0801725,1789298086.164461
e,1789298086.262296,1789298086.3638794
n,1789298086.3481839,1789298086.4261067
s,1789298086.5185354,1789298086.5922816
o,1789298086.6941693,1789298086.7866783
r,1789298086.82878,1789298086.920489
f,1789298087.0783474,1789298087.1883316
l,1789298087.1471767,1789298087.2230167
o,1789298087.3252556,1789298087.4063296
w,1789298087.4018433,1789298087.559263
.,1789298087.6817884,1789298087.8133988
k,1789298088.1572556,1789298088.2553153
e,1789298088.3665261,1789298088.4870994
r,1789298088.5386178,1789298088.672987
a,1789298088.6412241,1789298088.8891702
s,1789298088.9703746,1789298089.0170598
Key.space,1789298088.951789,1789298089.1773086
Key.backspace,1789298089.3841674,1789298089.4960592
Key.backspace,1789298089.5682063,1789298089.6502593
s,1789298089.6818862,1789298089.7929497
Key.space,1789298089.7901394,1789298089.9681213
Key.enter,1789298096.7529655,1789298096.841125
f,1789298097.2252276,1789298097.3230119
r,1789298097.433938,1789298097.566171
o,1789298097.5165756,1789298097.586283
m,1789298097.690284,1789298097.7704773
Key.space,1789298097.7138627,1789298097.8764539
t,1789298097.8418574,1789298097.9381125
e,1789298098.058091,1789298098.1562862
n,1789298098.4126482,1789298098.516322
s,1789298098.8664522,1789298098.9482114
o,1789298099.0322292,1789298099.112484
r,1789298099.1522994,1789298099.2321906
f,1789298099.3728178,1789298099.4752152
l,1789298099.4284434,1789298099.514332
o,1789298099.6393375,1789298099.7590292
e,1789298099.818547,1789298099.9406471
Key.backspace,1789298100.2372377,1789298100.354803
w,1789298100.3272405,1789298100.4475021
Key.space,1789298100.4003334,1789298100.5552902
i,1789298100.7209413,1789298100.799514
m,1789298100.9075282,1789298100.9790652
p,1789298101.1311154,1789298101.2150514
o,1789298101.3004565,1789298101.3984802
r,1789298101.3573291,1789298101.4543169
t,1789298101.5322454,1789298101.6365044
Key.space,1789298101.569545,1789298101.726052
l,1789298101.66842,1789298101.7562675
e,1789298101.7899048,1789298101.9311888
Key.backspace,1789298102.1227539,1789298102.1965263
Key.backspace,1789298102.272177,1789298102.3622146
k,1789298102.4341629,1789298102.5269656
e,1789298102.4902148,1789298102.5836062
r,1789298102.6639931,1789298102.765567
a,1789298102.761889,1789298102.94821
s,1789298102.8942213,1789298103.0261097
i,1789298104.9292598,1789298105.025841
m,1789298105.0163116,1789298105.1253276
p,1789298105.18855,1789298105.2972527
o,1789298105.387464,1789298105.488127
r,1789298105.3703835,1789298105.4904556
t,1789298105.594173,1789298105.6766586
Key.space,1789298105.6621666,1789298105.7904568
Key.caps_lock,1789298105.8685825,1789298105.9296367
s,1789298106.020472,1789298106.1888425
Key.caps_lock,1789298106.1662264,1789298106.3340986
Key.backspace,1789298106.6785502,1789298106.7743201
Key.backspace,1789298106.8520372,1789298106.9519262
Key.backspace,1789298107.0301104,1789298107.123969
Key.backspace,1789298107.2061944,1789298107.2829514
Key.backspace,1789298107.3645902,1789298107.4674017
Key.caps_lock,1789298107.440462,1789298107.5797837
o,1789298107.5970702,1789298107.7126694
r,1789298107.709147,1789298107.826848
Key.backspace,1789298108.0694118,1789298108.159375
Key.backspace,1789298108.2192852,1789298108.3211722
o,1789298108.3973033,1789298108.51514
Key.caps_lock,1789298108.8811429,1789298108.9342847
Key.backspace,1789298108.8410995,1789298108.9408882
o,1789298109.3111732,1789298109.4020195
r,1789298109.4402614,1789298109.5801973
t,1789298109.673161,1789298109.7899952
Key.space,1789298109.8356173,1789298109.9674237
Key.caps_lock,1789298109.988215,1789298110.1681273
s,1789298110.3829162,1789298110.5341353
Key.caps_lock,1789298110.5055337,1789298110.622719
q,1789298110.8362353,1789298110.858271
Key.backspace,1789298111.1660757,1789298111.3064644
q,1789298111.4181967,1789298111.5410025
Key.backspace,1789298111.89522,1789298112.0212004
e,1789298111.9707112,1789298112.097323
q,1789298112.0993173,1789298112.2152624
u,1789298112.4311695,1789298112.5305152
e,1789298112.960651,1789298113.0583153
n,1789298113.3644452,1789298113.4522247
t,1789298113.5045824,1789298113.6063805
i,1789298113.6361055,1789298113.7183437
a,1789298113.7584553,1789298113.8578641
l,1789298113.8906546,1789298113.966476
Key.enter,1789298114.1942785,1789298114.323871
r,1789298125.5131109,1789298125.6522083
Key.backspace,1789298126.1005876,1789298126.2175786
f,1789298126.317976,1789298126.4463615
r,1789298126.5094943,1789298126.6925404
o,1789298127.227389,1789298127.3174725
m,1789298127.4074538,1789298127.4929109
t,1789298127.597016,1789298127.6371474
Key.space,1789298127.5029917,1789298127.6675653
e,1789298127.770493,1789298127.8912106
n,1789298127.9610443,1789298128.0531054
s,1789298128.1691515,1789298128.2898698
o,1789298128.5871706,1789298128.6952674
r,1789298128.7462058,1789298128.855238
f,1789298128.9838586,1789298129.1073701
l,1789298129.0874588,1789298129.175867
o,1789298129.2800107,1789298129.3501422
w,1789298129.3280659,1789298129.4319332
.,1789298129.5581834,1789298129.6865492
l,1789298129.8505316,1789298129.9036493
k,1789298129.8485322,1789298129.9061809
e,1789298129.9101677,1789298130.0003104
Key.backspace,1789298130.1970804,1789298130.276572
Key.backspace,1789298130.3601916,1789298130.438432
e,1789298130.4841905,1789298130.5886235
r,1789298130.636383,1789298130.7350564
a,1789298130.736057,1789298130.931135
s,1789298130.9161692,1789298131.0480604
Key.space,1789298131.0060532,1789298131.1686163
i,1789298132.1040304,1789298132.1773784
m,1789298132.3005083,1789298132.391848
p,1789298132.5270436,1789298132.6453598
o,1789298132.7304125,1789298132.8456757
r,1789298132.8275778,1789298132.8804767
t,1789298133.3664827,1789298133.4819367
Key.space,1789298133.4723613,1789298133.630127
Key.caps_lock,1789298133.6040826,1789298133.7525349
d,1789298133.7306983,1789298133.9021783
Key.caps_lock,1789298133.8682215,1789298134.062207
e,1789298134.058193,1789298134.183053
n,1789298134.204544,1789298134.3105202
s,1789298134.3305454,1789298134.4843895
e,1789298134.4143968,1789298134.5538123
.,1789298134.5420551,1789298134.6303232
Key.backspace,1789298134.9843903,1789298135.0520794
",",1789298135.1530416,1789298135.2488134
Key.space,1789298135.3673816,1789298135.4953737
Key.caps_lock,1789298135.461209,1789298135.5673907
f,1789298135.6151214,1789298135.7795136
Key.caps_lock,1789298135.7906003,1789298135.9513302
l,1789298135.9293797,1789298136.0454526
a,1789298136.0653095,1789298136.2144525
t,1789298136.2493348,1789298136.347399
t,1789298136.4154058,1789298136.5005116
e,1789298136.593305,1789298136.7232475
n,1789298136.749332,1789298136.8239918
Key.enter,1789298137.0305252,1789298137.1183343
Key.shift,1789298136.8271408,1789298137.292193
.,1789298146.7200074,1789298146.8148835
k,1789298146.9657693,1789298147.0634573
Key.backspace,1789298147.2977123,1789298147.4069476
l,1789298147.5209513,1789298147.5988348
;,1789298147.521955,1789298147.6009352
a,1789298147.8819928,1789298148.0104296
Key.backspace,1789298148.1331136,1789298148.189249
Key.backspace,1789298148.2588427,1789298148.3719769
a,1789298148.3829942,1789298148.4897563
y,1789298148.6552625,1789298148.7389147
e,1789298148.7511172,1789298148.869265
r,1789298148.9538066,1789298149.0605812
s,1789298149.0983331,1789298149.178351
Key.enter,1789298149.5022988,1789298149.5899522
Key.shift,1789298149.350372,1789298149.7262342
Key.esc,1789298155.8351052,1789298155.9433815
Key.shift_r,1789298962.99496,1789298963.3093252
Key.caps_lock,1789298963.4270728,1789298963.560023
x,1789298963.6441486,1789298963.817925
Key.caps_lock,1789298963.752651,1789298963.9016392
Key.shift_r,1789298963.8941278,1789298964.2019436
t,1789298964.3236573,1789298964.4099052
r,1789298964.486182,1789298964.6400375
i,1789298964.5935156,1789298964.6875272
a,1789298964.5799716,1789298964.7234907
n,1789298964.7978947,1789298964.8581338
",",1789298965.0989878,1789298965.1260989
Key.ctrl_l,1789298965.0882034,1789298965.1461957
Key.alt_gr,1789298965.0892062,1789298965.1461957
",",1789298965.3561153,1789298965.4392724
Key.backspace,1789298965.9649837,1789298966.0328112
Key.caps_lock,1789298966.4667485,1789298966.566798
Key.caps_lock,1789298966.9000175,1789298967.0327542
y,1789298967.3232443,1789298967.4491756
_,1789298964.1089158,1789298967.6915689
Key.shift_r,1789298967.4671075,1789298967.695098
t,1789298967.8294952,1789298967.9326348
r,1789298968.0160582,1789298968.1861806
i,1789298968.1079662,1789298968.1901708
a,1789298968.1134772,1789298968.230487
n,1789298968.288182,1789298968.3560362
Key.backspace,1789298968.9918706,1789298969.0560153
Key.backspace,1789298969.1498003,1789298969.2359078
Key.backspace,1789298969.2961621,1789298969.3981938
a,1789298969.3761053,1789298969.493316
i,1789298969.5562172,1789298969.6535566
n,1789298969.7878692,1789298969.9151337
Key.right,1789298970.2331147,1789298970.3400269
",",1789298971.074753,1789298971.1531167
(,1789298963.2568705,1789298971.8529882
Key.shift_r,1789298971.4470835,1789298971.8745542
Key.caps_lock,1789298972.342102,1789298972.4816694
x,1789298972.5260887,1789298972.667949
Key.caps_lock,1789298972.6172876,1789298972.755947
_,1789298973.122309,1789298973.223828
Key.shift_r,1789298972.6719472,1789298973.2299638
t,1789298973.3501773,1789298973.437755
e,1789298973.5642703,1789298973.6955829
s,1789298973.6263072,1789298973.776196
t,1789298973.8100417,1789298973.9161406
",",1789298973.9056213,1789298974.016216
Key.shift_r,1789298975.1189225,1789298975.4108398
t,1789298975.596978,1789298975.6631818
t,1789298975.6703942,1789298975.7500722
e,1789298975.8559616,1789298975.9971974
s,1789298975.9170222,1789298976.0632029
Key.backspace,1789298976.7516031,1789298976.8381076
Key.backspace,1789298976.925962,1789298977.012944
Key.backspace,1789298977.0620856,1789298977.146109
e,1789298977.1159337,1789298977.241942
s,1789298977.1647437,1789298977.300102
t,1789298977.3779938,1789298977.4959388
Key.right,1789298978.003826,1789298978.1019485
Key.space,1789298978.4215875,1789298978.5368245
=,1789298978.6693132,1789298978.7470226
Key.space,1789298978.7751985,1789298978.8790767
k,1789298993.1379786,1789298993.2460334
e,1789298993.233816,1789298993.33593
r,1789298993.4121048,1789298993.5339415
a,1789298993.4937067,1789298993.6515765
",",1789298993.6337373,1789298993.7380455
Key.backspace,1789298993.9479077,1789298994.037936
s,1789298994.1578412,1789298994.251618
.,1789298994.3817403,1789298994.4639704
d,1789298994.5958748,1789298994.686199
e,1789298994.8239906,1789298994.9316633
Key.backspace,1789298995.2301755,1789298995.3303611
Key.tab,1789298995.570172,1789298995.645269
Key.backspace,1789298995.9026012,1789298996.0309584
Key.backspace,1789298996.0811396,1789298996.5327964
d,1789298997.2319684,1789298997.3382633
a,1789298997.38599,1789298997.4736001
t,1789298997.482211,1789298997.6358714
a,1789298997.6100512,1789298997.7660658
s,1789298997.857638,1789298997.9829874
e,1789298997.9899912,1789298998.1162708
t,1789298998.2038145,1789298998.3279905
s,1789298998.3320246,1789298998.4671648
.,1789298998.4939067,1789298998.6002095
Key.caps_lock,1789298998.9839923,1789298999.1082995
m,1789298999.0848362,1789298999.1580746
Key.caps_lock,1789298999.1841595,1789298999.3453197
Key.tab,1789299000.0182953,1789299000.129853
.,1789299000.8900445,1789299000.9652925
l,1789299001.1437154,1789299001.223307
Key.tab,1789299001.887886,1789299002.011875
(,1789299006.4314823,1789299006.4983175
),1789299006.7488241,1789299006.8550482
Key.shift_r,1789299005.8518996,1789299006.8761632
Key.enter,1789299010.897782,1789299010.9772654
Key.shift,1789299010.2482047,1789299011.229794
Key.caps_lock,1789299022.1929975,1789299022.3172147
x,1789299022.30719,1789299022.4620898
Key.caps_lock,1789299022.4158213,1789299022.5620232
_,1789298975.3334894,1789299024.6677434
Key.shift_r,1789299024.3950984,1789299024.6834073
t,1789299024.7866893,1789299024.8958902
r,1789299025.0774474,1789299025.2151012
a,1789299025.1987205,1789299025.337136
i,1789299025.3487613,1789299025.4528017
n,1789299025.5659645,1789299025.6373181
.,1789299025.8170722,1789299025.9058878
s,1789299026.1390994,1789299026.2486556
h,1789299026.282565,1789299026.3279445
a,1789299026.39046,1789299026.4817917
p,1789299026.573817,1789299026.6699986
e,1789299026.7495582,1789299026.8843267
Key.enter,1789299027.1288183,1789299027.2599247
Key.shift_r,1789299027.2781415,1789299027.427816
(,1789299028.4747553,1789299028.6025953
),1789299028.7190883,1789299028.8101122
Key.shift_r,1789299028.2501934,1789299028.8568444
Key.enter,1789299029.0691183,1789299029.1337354
Key.shift,1789299028.916437,1789299029.3454804
Key.backspace,1789299031.3833613,1789299031.4557416
Key.backspace,1789299031.5381339,1789299031.6320791
Key.enter,1789299031.8163013,1789299031.870136
Key.shift,1789299031.6536446,1789299032.0236173
Key.space,1789299032.9739957,1789299033.1207838
Key.shift,1789299033.3387365,1789299033.6468494
Key.space,1789299033.6659157,1789299033.804737
6,1789299034.8816333,1789299034.9904804
0,1789299035.0277581,1789299035.0979927
0,1789299035.1896262,1789299035.2526376
0,1789299035.3559268,1789299035.4225707
0,1789299035.5538538,1789299035.6132214
Key.space,1789299035.6899056,1789299035.817987
n,1789299036.5638208,1789299036.621786
u,1789299036.7631004,1789299036.8416276
m,1789299036.9669774,1789299037.0700812
n,1789299037.1835835,1789299037.2457743
e,1789299037.2673204,1789299037.3169413
r,1789299037.4189003,1789299037.5652113
s,1789299037.5329785,1789299037.6570492
Key.backspace,1789299037.8631444,1789299037.9568594
Key.backspace,1789299038.030688,1789299038.1168315
Key.backspace,1789299038.2002428,1789299038.2830226
Key.backspace,1789299038.5934966,1789299038.6489332
b,1789299038.859922,1789299038.9297028
e,1789299038.9395614,1789299039.045848
r,1789299039.1915326,1789299039.301618
s,1789299039.2732563,1789299039.4122036
Key.space,1789299039.4122036,1789299039.5716982
e,1789299039.5316563,1789299039.6621668
a,1789299039.627844,1789299039.73056
c,1789299039.7775111,1789299039.8797965
h,1789299039.8818133,1789299039.9579654
Key.space,1789299040.0059516,1789299040.1381097
o,1789299040.2758582,1789299040.3359993
c,1789299040.2458773,1789299040.3860261
m,1789299040.5122437,1789299040.5899913
t,1789299040.8608494,1789299041.0015619
a,1789299041.0375693,1789299041.1573496
Key.backspace,1789299041.2887673,1789299041.3764107
Key.backspace,1789299041.4689274,1789299041.5425088
Key.backspace,1789299041.6225307,1789299041.6990225
n,1789299041.8247721,1789299041.9058886
t,1789299041.9015021,1789299042.0425391
a,1789299041.9874027,1789299042.1197243
i,1789299042.085006,1789299042.1449971
m,1789299042.260781,1789299042.3292255
Key.backspace,1789299042.785906,1789299042.8718464
n,1789299043.0328615,1789299043.1057866
i,1789299043.2557597,1789299043.3100584
n,1789299043.4233983,1789299043.493488
g,1789299043.4859848,1789299043.5904565
Key.space,1789299043.583477,1789299043.7061045
2,1789299044.0415196,1789299044.0959105
8,1789299046.199085,1789299046.2525418
x,1789299046.3567657,1789299046.4702258
8,1789299046.6950076,1789299046.7680433
Key.backspace,1789299047.2157803,1789299047.3416963
2,1789299047.3160992,1789299047.3821602
8,1789299047.4717824,1789299047.541643
Key.space,1789299047.7098076,1789299047.8395333
m,1789299049.0071614,1789299049.0990777
a,1789299049.0785785,1789299049.1854541
t,1789299049.2851741,1789299049.3891742
r,1789299049.5067902,1789299049.5724628
e,1789299049.4947903,1789299049.5738344
i,1789299049.6248267,1789299049.6827824
Key.backspace,1789299049.8891265,1789299049.9852657
Key.backspace,1789299050.0686326,1789299050.1580696
Key.backspace,1789299050.2533655,1789299050.3270545
Key.backspace,1789299050.4231274,1789299050.495198
Key.backspace,1789299050.5925634,1789299050.6771069
Key.backspace,1789299050.8404071,1789299050.9726431
g,1789299050.9658337,1789299051.0658207
r,1789299051.2557635,1789299051.3801239
i,1789299051.520252,1789299051.618243
d,1789299051.7481284,1789299051.8401089
Key.space,1789299053.0408144,1789299053.1647575
w,1789299053.1700087,1789299053.308822
i,1789299053.2900894,1789299053.3885007
t,1789299053.4540977,1789299053.5567286
Key.backspace,1789299053.8700602,1789299053.930751
Key.backspace,1789299054.033017,1789299054.1236641
Key.backspace,1789299054.214931,1789299054.2825296
Key.backspace,1789299054.3869383,1789299054.4369488
Key.enter,1789299054.7851307,1789299054.8670459
Key.enter,1789299055.41796,1789299055.5060902
Key.shift,1789299055.5337298,1789299055.8430939
Key.space,1789299055.8338203,1789299055.9481862
t,1789299056.0835977,1789299056.203584
h,1789299056.1859558,1789299056.2661226
i,1789299056.396045,1789299056.4935598
s,1789299056.4765084,1789299056.5717287
Key.space,1789299056.5561728,1789299056.683612
i,1789299056.7096531,1789299056.7803447
s,1789299056.7679703,1789299056.8800287
Key.space,1789299056.8657782,1789299057.0162299
a,1789299057.0081959,1789299057.1437738
Key.space,1789299057.1499236,1789299057.2855132
3,1789299057.6925852,1789299057.7989185
d,1789299058.1007733,1789299058.164714
Key.space,1789299058.5671794,1789299058.6762965
n,1789299059.4281108,1789299059.5038118
u,1789299059.6160645,1789299059.6860836
m,1789299059.7980666,1789299059.8623178
p,1789299060.0015543,1789299060.0824704
y,1789298975.0291238,1789299060.2138736
Key.space,1789299060.1440437,1789299060.333759
a,1789299060.326172,1789299060.47533
r,1789299060.5161645,1789299060.5978036
r,1789299060.7015977,1789299060.7681649
a,1789299060.9189696,1789299061.0099173
y,1789299061.0481374,1789299061.0956988
Key.space,1789299061.1717408,1789299061.291554
i,1789299061.805079,1789299061.8609357
n,1789299061.9849691,1789299062.0457249
Key.space,1789299062.0457249,1789299062.2051256
w,1789299062.2967799,1789299062.427425
h,1789299062.3977737,1789299062.457109
i,1789299062.564983,1789299062.6349769
c,1789299062.6470478,1789299062.7607071
h,1789299062.7908788,1789299062.8491077
Key.space,1789299062.8631356,1789299062.992539
e,1789299063.285287,1789299063.3846843
a,1789299063.405882,1789299063.509994
c,1789299063.5260832,1789299063.6280465
h,1789299063.5979688,1789299063.669756
Key.space,1789299063.7402499,1789299063.8799381
6,1789299064.3980148,1789299064.483812
0,1789299064.483812,1789299064.5559502
0,1789299064.647321,1789299064.707718
0,1789299064.8202443,1789299064.8717158
0,1789299065.171808,1789299065.208145
Key.space,1789299065.2675688,1789299065.3932133
n,1789299065.5600333,1789299065.644964
y,1789299065.6368115,1789299065.712239
m,1789299065.8833325,1789299065.9670477
n,1789299066.0805812,1789299066.1059566
b,1789299066.0751605,1789299066.1199825
e,1789299066.102955,1789299066.2126708
Key.backspace,1789299066.4089005,1789299066.4140391
=,1789299066.3891923,1789299066.436759
Key.backspace,1789299066.5468686,1789299066.6215508
Key.backspace,1789299066.6972306,1789299066.7751296
Key.backspace,1789299066.8537128,1789299066.9226508
Key.backspace,1789299067.0189483,1789299067.101614
Key.backspace,1789299067.2470648,1789299067.3102071
y,1789299067.7360864,1789299067.7902272
Key.backspace,1789299068.0516803,1789299068.1577559
u,1789299068.271648,1789299068.3418777
m,1789299068.4699144,1789299068.5451918
b,1789299068.6600614,1789299068.7285495
e,1789299068.72386,1789299068.8058243
r,1789299068.8787687,1789299068.996014
s,1789299068.9758806,1789299069.0762002
Key.space,1789299069.0839174,1789299069.193171
h,1789299069.1941717,1789299069.2678277
a,1789299069.30572,1789299069.3981936
v,1789299069.4105024,1789299069.4834268
e,1789299069.5182822,1789299069.5968184
Key.space,1789299069.579179,1789299069.690872
2,1789299071.2825556,1789299071.397207
8,1789299072.177353,1789299072.2335005
Key.space,1789299072.2631261,1789299072.4001985
w,1789299072.3915792,1789299072.447866
Key.backspace,1789299072.6600692,1789299072.7517033
r,1789299072.7527072,1789299072.8581738
o,1789299072.8767638,1789299072.9633143
w,1789299073.0102487,1789299073.0960464
s,1789299073.253539,1789299073.329298
Key.space,1789299073.3217745,1789299073.4397535
a,1789299073.4417706,1789299073.5277631
n,1789299073.513229,1789299073.5879335
d,1789299073.6181154,1789299073.705867
Key.space,1789299073.681818,1789299073.8325293
2,1789299073.9149802,1789299074.0428743
8,1789299074.5400434,1789299074.6031494
Key.space,1789299074.61485,1789299074.7388694
c,1789299074.7096834,1789299074.8247926
o,1789299074.8924894,1789299074.9577377
l,1789299075.0409482,1789299075.115102
s,1789299075.242649,1789299075.3228762
Key.enter,1789299075.8937461,1789299075.969702
Key.shift,1789299075.706957,1789299076.3478389
y,1789299085.8700044,1789299086.0098596
_,1789299086.3630843,1789299086.464828
Key.shift_r,1789299086.0481772,1789299086.4708347
t,1789299086.8132617,1789299086.8951557
r,1789299087.0131164,1789299087.1550958
a,1789299087.119071,1789299087.2449307
i,1789299087.2706594,1789299087.3790045
n,1789299087.4988563,1789299087.5535848
.,1789299088.0631278,1789299088.1202018
s,1789299089.3361247,1789299089.4433591
h,1789299089.4980853,1789299089.570134
a,1789299089.6019814,1789299089.6862617
p,1789299089.7749386,1789299089.8594217
e,1789299089.983652,1789299090.0670617
Key.shift,1789299090.249902,1789299090.4900045
Key.enter,1789299090.7607286,1789299090.8187742
Key.shift,1789299090.581479,1789299091.0127559
=,1789299096.402661,1789299096.4914718
Key.backspace,1789299096.6380832,1789299096.7178452
Key.backspace,1789299096.7801013,1789299096.8814254
Key.backspace,1789299096.9453773,1789299097.0259714
Key.backspace,1789299097.1035385,1789299097.1901906
Key.backspace,1789299097.2616851,1789299097.3541918
Key.backspace,1789299097.416219,1789299097.5236053
Key.backspace,1789299097.743453,1789299097.81043
Key.shift_r,1789299098.0001714,1789299098.0458615
Key.up,1789299097.981577,1789299098.050373
Key.enter,1789299098.556043,1789299098.6325438
Key.shift,1789299098.4101872,1789299098.787026
Key.space,1789299099.9870856,1789299100.1068242
Key.shift,1789299100.1068242,1789299100.5525935
Key.space,1789299100.5270126,1789299100.6766825
t,1789299100.8160982,1789299100.9366617
h,1789299100.886047,1789299100.9506736
i,1789299101.0559587,1789299101.140195
s,1789299101.1236713,1789299101.2224789
Key.space,1789299101.1979413,1789299101.3440056
c,1789299101.3137798,1789299101.4235933
o,1789299101.3701096,1789299101.450189
n,1789299101.5600667,1789299101.6402476
t,1789299101.6619778,1789299101.800162
a,1789299101.8081608,1789299101.935797
i,1789299101.9139347,1789299101.9774592
n,1789299102.0760758,1789299102.1460662
s,1789299102.151563,1789299102.2296402
Key.space,1789299102.2857256,1789299102.3979914
t,1789299102.6327126,1789299102.711501
h,1789299102.7200701,1789299102.7808387
e,1789299102.8427873,1789299102.9450436
Key.space,1789299102.9350233,1789299103.0529547
t,1789299103.6751,1789299103.778951
a,1789299103.8669903,1789299103.939266
r,1789299103.90501,1789299104.052437
g,1789299104.127296,1789299104.1915824
e,1789299104.1551406,1789299104.2485442
t,1789299104.3550231,1789299104.4251947
Key.space,1789299104.4703534,1789299104.6152704
c,1789299104.6070828,1789299104.7130377
o,1789299104.7170372,1789299104.7736106
l,1789299104.891462,1789299104.9516423
u,1789299105.1631918,1789299105.2383065
m,1789299105.4034584,1789299105.4836817
n,1789299105.607837,1789299105.6621766
s,1789299105.6661916,1789299105.7698245
Key.space,1789299105.7428029,1789299105.8848674
w,1789299105.898069,1789299106.0199964
h,1789299106.0039775,1789299106.0641336
e,1789299106.0876713,1789299106.191755
r,1789299106.2576888,1789299106.3459048
e,1789299106.4180071,1789299106.5679631
Key.space,1789299106.4938343,1789299106.6440907
n,1789299107.2819548,1789299107.3849118
y,1789299107.3894105,1789299107.430333
Key.backspace,1789299107.7954543,1789299107.858959
Key.backspace,1789299107.977194,1789299108.0099804
e,1789299108.7491593,1789299108.8515182
a,1789299108.8529992,1789299108.9203725
c,1789299108.98848,1789299109.0659297
h,1789299109.317851,1789299109.3867962
Key.space,1789299109.4232893,1789299109.5434432
n,1789299109.693504,1789299109.7418358
u,1789299109.8644047,1789299109.8777058
y,1789299109.859473,1789299109.9060771
Key.backspace,1789299110.3701792,1789299110.4677935
Key.backspace,1789299110.7738004,1789299110.8173532
u,1789299111.0647237,1789299111.1289515
m,1789299111.2587495,1789299111.3349674
b,1789299111.4508283,1789299111.5078459
e,1789299111.4866703,1789299111.5549939
r,1789299111.6348124,1789299111.740201
Key.space,1789299111.7108948,1789299111.845751
b,1789299111.8802059,1789299111.9467747
a,1789299112.0090961,1789299112.1852088
s,1789299112.1588755,1789299112.3069415
e,1789299112.3815334,1789299112.4701347
d,1789299112.5737696,1789299112.6750166
Key.space,1789299112.6490514,1789299112.7582498
o,1789299112.7606337,1789299112.836894
n,1789299112.9372003,1789299112.9990015
Key.space,1789299112.967217,1789299113.037734
t,1789299119.7669332,1789299119.8815098
h,1789299120.5869415,1789299120.679154
a,1789299120.7527802,1789299120.8647733
Key.backspace,1789299121.1328053,1789299121.2408383
e,1789299121.175022,1789299121.3018882
Key.space,1789299121.279988,1789299121.4119883
2,1789299121.7497773,1789299121.8838785
8,1789299122.9847517,1789299123.0539634
x,1789299123.709856,1789299123.8067758
2,1789299124.007089,1789299124.1334589
8,1789299124.306782,1789299124.3529358
Key.space,1789299128.0468283,1789299128.2077382
s,1789299128.5832586,1789299128.6932385
Key.space,1789299128.7002475,1789299128.879261
c,1789299128.84319,1789299128.9516218
a,1789299128.946803,1789299129.046837
Key.backspace,1789299129.2392216,1789299129.314831
Key.backspace,1789299129.3825107,1789299129.4787583
Key.backspace,1789299129.5494165,1789299129.7393785
Key.backspace,1789299129.8457208,1789299129.9558854
i,1789299130.0501778,1789299130.1253314
c,1789299130.1818316,1789299130.2898736
Key.space,1789299130.2818365,1789299130.4217362
Key.backspace,1789299130.6500566,1789299130.7180817
Key.backspace,1789299130.799637,1789299130.8701906
s,1789299130.8380785,1789299130.9516926
Key.space,1789299130.9301531,1789299131.0760906
c,1789299131.3107183,1789299131.3999333
l,1789299131.4079914,1789299131.5097704
a,1789299131.6300395,1789299131.7349687
s,1789299131.8322635,1789299131.9208925
s,1789299132.016254,1789299132.1188383
i,1789299132.205995,1789299132.285134
f,1789299132.372982,1789299132.4924622
i,1789299133.24263,1789299133.3068073
e,1789299133.3294039,1789299133.3931944
d,1789299133.4951093,1789299133.582399
Key.enter,1789299134.7481802,1789299134.857985
Key.shift,1789299134.5834908,1789299134.9304047
x,1789299136.8929896,1789299137.0400128
Key.shift_r,1789299137.0689192,1789299137.258791
Key.backspace,1789299137.398647,1789299137.515091
Key.caps_lock,1789299137.4706976,1789299137.6184704
Key.caps_lock,1789299137.7290368,1789299137.8549266
Key.shift_r,1789299137.7390623,1789299138.0393558
t,1789299138.179899,1789299138.2639925
e,1789299138.3681426,1789299138.480434
s,1789299138.425721,1789299138.550427
t,1789299138.591904,1789299138.6924326
,1789299141.202963,1789299141.3293629
Key.ctrl_l,1789299140.7802505,1789299141.5697691
Key.ctrl_l,1789299141.814976,1789299141.9406803
,1789299142.2560754,1789299142.3780625
,1789299142.7402942,1789299142.817562
Key.ctrl_l,1789299142.105077,1789299144.459066
Key.space,1789299144.6608863,1789299144.7902038
2,1789299144.9626083,1789299145.0350757
8,1789299146.3797677,1789299146.4640443
Key.space,1789299146.4797294,1789299146.6133993
c,1789299146.6057553,1789299146.7134566
o,1789299146.757961,1789299146.8461254
Key.backspace,1789299147.2035658,1789299147.2340052
l,1789299147.460421,1789299147.564339
=,1789299147.8877325,1789299147.977473
Key.backspace,1789299148.1498747,1789299148.2192543
Key.backspace,1789299148.2959745,1789299148.3860707
i,1789299148.478958,1789299148.5330122
Key.backspace,1789299148.9282608,1789299149.0501423
o,1789299149.2372186,1789299149.317917
l,1789299149.4129758,1789299149.4871678
s,1789299149.6067429,1789299149.7071843
Key.enter,1789299151.7680786,1789299151.8180594
Key.shift,1789299151.459379,1789299152.0318997
y,1789299153.0929852,1789299153.2202654
Key.shift_r,1789299153.2407985,1789299153.485116
t,1789299154.6300044,1789299154.720025
e,1789299155.620404,1789299155.7738895
s,1789299155.7398183,1789299155.8580709
t,1789299155.9417286,1789299156.071864
.,1789299156.1272004,1789299156.1781669
s,1789299156.684224,1789299156.8098626
j,1789299156.824718,1789299156.870869
h,1789299156.8159955,1789299156.8718734
a,1789299156.953756,1789299157.086856
Key.backspace,1789299157.2782469,1789299157.3450825
Key.backspace,1789299157.4538674,1789299157.5131376
a,1789299157.7152767,1789299157.8206675
p,1789299157.8303134,1789299157.928679
e,1789299157.9652088,1789299158.079014
Key.enter,1789299158.149406,1789299158.2470002
Key.enter,1789299159.0819833,1789299159.1236038
Key.shift,1789299158.9502149,1789299159.3981457
r,1789299163.075864,1789299163.2219696
a,1789299163.1839163,1789299163.3002682
i,1789299163.3518682,1789299163.4201756
m,1789299163.6414952,1789299163.7057192
n,1789299163.639496,1789299163.715773
Key.backspace,1789299164.3862069,1789299164.421517
|,1789299164.9726157,1789299165.038127
Key.shift,1789299164.8816261,1789299165.3608644
=,1789299165.6072552,1789299165.6706138
Key.shift,1789299165.7522418,1789299165.9191792
Key.backspace,1789299165.9515967,1789299166.0207486
Key.backspace,1789299166.109909,1789299166.1983511
Key.enter,1789299166.3648672,1789299166.4335978
Key.shift,1789299166.2263215,1789299166.5785346
Key.shift,1789299169.8168256,1789299170.3168392
Key.space,1789299170.3304336,1789299170.448826
e,1789299171.1804266,1789299171.2304194
Key.backspace,1789299172.3497946,1789299172.418016
t,1789299174.803694,1789299174.8826606
a,1789299174.887066,1789299174.9928226
r,1789299175.0330424,1789299175.1275904
g,1789299175.1225808,1789299175.190507
e,1789299175.2141905,1789299175.2751837
t,1789299175.3738706,1789299175.4527247
Key.space,1789299175.4604642,1789299175.6448915
v,1789299175.6296155,1789299175.7041833
c,1789299175.6392386,1789299175.7162483
Key.backspace,1789299176.0216014,1789299176.0793054
Key.backspace,1789299176.1679285,1789299176.2459755
c,1789299176.3536253,1789299176.4380836
i,1789299176.4481301,1789299176.4671817
l,1789299176.6775541,1789299176.737943
Key.backspace,1789299176.9418962,1789299177.0081606
Key.backspace,1789299177.1100433,1789299177.1780818
o,1789299177.5201218,1789299177.5941262
l,1789299177.701717,1789299177.7569962
u,1789299177.9132054,1789299177.9691775
m,1789299178.1168158,1789299178.1942885
n,1789299178.2747724,1789299178.350268
Key.space,1789299178.731855,1789299178.8636563
w,1789299179.4301488,1789299179.5309453
h,1789299179.5470605,1789299179.604841
e,1789299179.5760698,1789299179.6789877
r,1789299179.7781737,1789299179.8402674
e,1789299179.9035597,1789299180.1027312
Key.space,1789299180.0479085,1789299180.226389
e,1789299180.4259143,1789299180.5473409
a,1789299180.6316059,1789299180.8137686
c,1789299180.7892509,1789299180.9297526
h,1789299180.8997068,1789299180.97728
Key.space,1789299181.0058694,1789299181.1436684
n,1789299181.1800275,1789299181.2499292
u,1789299181.431888,1789299181.512199
m,1789299181.63951,1789299181.7215598
b,1789299181.8800955,1789299181.9680994
e,1789299181.927828,1789299182.0431688
r,1789299182.1186106,1789299182.2299557
Key.space,1789299182.1429887,1789299182.2929041
b,1789299182.4859507,1789299182.5672283
a,1789299182.5569003,1789299182.7554708
d,1789299182.7470813,1789299182.7604814
s,1789299182.7349908,1789299182.878801
e,1789299183.085195,1789299183.181585
Key.backspace,1789299183.3671663,1789299183.4389632
Key.backspace,1789299183.5086677,1789299183.5971193
e,1789299183.7836397,1789299183.8560352
d,1789299183.948858,1789299184.0503085
Key.space,1789299184.0228121,1789299184.1380398
o,1789299184.098277,1789299184.1759505
n,1789299184.2875898,1789299184.3599384
Key.space,1789299184.3134902,1789299184.5018723
t,1789299184.4680622,1789299184.5898902
h,1789299184.592993,1789299184.6632702
e,1789299184.6755795,1789299184.7861316
Key.space,1789299184.709442,1789299184.8659334
2,1789299185.4100869,1789299185.5577867
8,1789299186.218935,1789299186.2828944
x,1789299137.6149678,1789299186.8676488
2,1789299187.1018848,1789299187.2223902
8,1789299187.2873356,1789299187.349996
Key.space,1789299187.360026,1789299187.4701614
g,1789299187.9632816,1789299187.9930182
r,1789299188.1526487,1789299188.2492049
i,1789299188.2839663,1789299188.3560855
d,1789299188.6783946,1789299188.769601
Key.space,1789299188.7479918,1789299188.9336123
i,1789299188.9733279,1789299189.0517237
s,1789299189.1621652,1789299189.2658455
Key.space,1789299189.2417424,1789299189.3815396
c,1789299189.3941305,1789299189.5381913
l,1789299189.609826,1789299189.7058706
a,1789299189.713723,1789299189.8595438
s,1789299189.8850968,1789299189.9599657
s,1789299190.0480473,1789299190.132089
i,1789299190.195749,1789299190.2640517
f,1789299190.3198726,1789299190.4609077
i,1789299190.4803905,1789299190.5536308
e,1789299190.5716658,1789299190.6725981
d,1789299190.9437413,1789299191.050182
Key.enter,1789299192.2100272,1789299192.2709467
Key.shift,1789299191.2830508,1789299192.6437464
Key.caps_lock,1789299194.4835446,1789299194.610269
x,1789299194.6538322,1789299194.8244565
Key.caps_lock,1789299194.7907515,1789299194.88918
Key.shift_r,1789299194.8244565,1789299195.082987
t,1789299195.1700814,1789299195.2551613
r,1789299195.3501096,1789299195.4828176
i,1789299195.4699583,1789299195.5371456
a,1789299195.4273262,1789299195.563602
n,1789299195.6570954,1789299195.7134976
Key.caps_lock,1789299196.51476,1789299196.719513
Key.enter,1789299197.0555077,1789299197.2301514
Key.shift,1789299196.9818623,1789299197.255972
[,1789299201.419921,1789299201.5001748
0,1789299202.167827,1789299202.2257226
],1789299202.4479127,1789299202.544127
Key.enter,1789299202.8994055,1789299202.9900694
Key.shift,1789299202.7395804,1789299203.16593
Key.space,1789299208.687008,1789299208.8248873
t,1789299209.5716066,1789299209.6881213
h,1789299209.7478783,1789299209.8037724
i,1789299209.9854622,1789299210.0737643
s,1789299210.1199172,1789299210.2382145
Key.space,1789299210.2061365,1789299210.35185
Key.backspace,1789299211.5328128,1789299211.6349323
Key.backspace,1789299211.719151,1789299211.8132405
Key.backspace,1789299211.9026566,1789299211.985163
Key.backspace,1789299212.0871742,1789299212.1437335
Key.backspace,1789299212.2300868,1789299212.3009079
#,1789299033.5869966,1789299213.1127665
Key.shift,1789299212.5351522,1789299213.2049546
Key.caps_lock,1789299213.5458121,1789299213.6855395
Key.space,1789299213.7416723,1789299213.9233522
t,1789299213.890066,1789299214.029843
h,1789299213.9864566,1789299214.0700226
i,1789299214.2075741,1789299214.2836194
s,1789299214.296149,1789299214.4240377
Key.space,1789299214.4255357,1789299214.5756176
i,1789299214.7982335,1789299214.851813
s,1789299214.8599477,1789299214.9577448
Key.space,1789299214.9739645,1789299215.1122262
t,1789299215.0766358,1789299215.184376
h,1789299215.1578531,1789299215.2158806
e,1789299215.2847848,1789299215.3859131
Key.space,1789299215.3492398,1789299215.4659452
2,1789299222.6700127,1789299222.7877457
8,1789299223.8198507,1789299223.8917623
Key.space,1789299223.9339669,1789299224.0567245
r,1789299224.2395527,1789299224.3530872
o,1789299224.6589468,1789299224.7551217
w,1789299224.7651494,1789299224.8482053
s,1789299224.988759,1789299225.0638773
Key.space,1789299225.0533407,1789299225.1804907
a,1789299225.1649158,1789299225.2787335
n,1789299225.2829192,1789299225.3619628
d,1789299225.3590324,1789299225.4817545
Key.space,1789299225.4501338,1789299225.5683794
2,1789299225.8572404,1789299225.9508986
8,1789299226.037043,1789299226.1198628
Key.space,1789299226.141629,1789299226.265854
c,1789299226.5662658,1789299226.7061481
o,1789299226.6779904,1789299226.7500255
l,1789299226.8515043,1789299226.9314854
s,1789299226.9662533,1789299227.0716176
Key.space,1789299227.068112,1789299227.1951783
o,1789299227.829913,1789299227.8787692
f,1789299227.9284306,1789299228.0361109
Key.space,1789299228.026131,1789299228.1416907
t,1789299228.6968074,1789299228.8271499
h,1789299228.8490946,1789299228.8966944
e,1789299228.9390523,1789299229.081472
Key.space,1789299229.0649574,1789299229.1791492
f,1789299229.2151196,1789299229.3271525
i,1789299229.3327627,1789299229.4167829
r,1789299229.4368463,1789299229.565238
s,1789299229.5100904,1789299229.6450086
t,1789299229.668343,1789299229.7967298
Key.space,1789299229.7490392,1789299229.876998
n,1789299229.8950412,1789299229.9800394
u,1789299230.133388,1789299230.1989377
m,1789299230.3270965,1789299230.3916266
n,1789299230.5287976,1789299230.6001632
e,1789299230.5581727,1789299230.626194
r,1789299230.6818204,1789299230.8119233
Key.space,1789299230.7818131,1789299230.907756
Key.backspace,1789299231.065987,1789299231.1302917
Key.backspace,1789299231.208019,1789299231.2957299
Key.backspace,1789299231.3679073,1789299231.4504938
Key.backspace,1789299231.8015692,1789299231.870111
b,1789299232.333126,1789299232.392845
e,1789299232.3849933,1789299232.4747713
r,1789299232.5932574,1789299232.6760817
Key.space,1789299232.6503608,1789299232.776765
i,1789299232.7447503,1789299232.8226576
n,1789299232.929158,1789299233.0130956
Key.space,1789299232.9765494,1789299233.1248114
t,1789299233.0928087,1789299233.1880617
h,1789299233.174009,1789299233.2351162
e,1789299233.302641,1789299233.3887956
Key.space,1789299233.4162066,1789299233.5197783
3,1789299233.995105,1789299234.0932608
d,1789299234.2469845,1789299234.3799589
Key.space,1789299234.3708892,1789299234.4793675
a,1789299234.9716303,1789299235.0781784
r,1789299235.135894,1789299235.2140396
r,1789299235.3061032,1789299235.4179356
a,1789299235.421927,1789299235.5239778
y,1789299235.5360017,1789299235.6167116
Key.enter,1789299235.885696,1789299235.9935791
Key.shift,1789299235.6516418,1789299236.0958817
i,1789299257.476712,1789299257.522796
m,1789299257.6685164,1789299257.717841
s,1789299257.799997,1789299257.8815835
h,1789299257.8891191,1789299257.924958
Key.backspace,1789299258.1400669,1789299258.4573073
Key.backspace,1789299258.6831424,1789299258.7606912
p,1789299258.872833,1789299258.9583137
l,1789299259.052928,1789299259.1357758
t,1789299259.1370835,1789299259.2370608
/,1789299259.2888114,1789299259.3667881
Key.backspace,1789299259.7116349,1789299259.767746
.,1789299260.2261767,1789299260.2940798
i,1789299260.5998697,1789299260.6839058
",",1789299260.8257554,1789299260.8463273
s,1789299260.9319527,1789299260.9940145
Key.backspace,1789299261.2098155,1789299261.2735868
Key.backspace,1789299261.3497756,1789299261.436194
m,1789299261.5814822,1789299261.6694205
s,1789299261.7844005,1789299261.87911
h,1789299261.9095035,1789299261.9788673
o,1789299262.138908,1789299262.2229173
w,1789299262.290266,1789299262.408995
Key.shift_r,1789299262.5649207,1789299262.959751
Key.caps_lock,1789299264.0958064,1789299264.2359855
x,1789299264.2515166,1789299264.416123
Key.caps_lock,1789299264.3601348,1789299264.490051
Key.shift_r,1789299264.4435186,1789299264.6536498
t,1789299264.718139,1789299264.8122165
r,1789299264.9098294,1789299265.0457513
i,1789299265.0000463,1789299265.0802002
a,1789299264.9661708,1789299265.0819595
n,1789299265.1700866,1789299265.2399788
[,1789299266.6547182,1789299266.7796755
0,1789299267.0826719,1789299267.1792166
],1789299267.208093,1789299267.3188646
Key.enter,1789299267.7345116,1789299267.8033955
Key.shift,1789299267.5996969,1789299267.9317362
Key.space,1789299269.5075061,1789299269.6479616
Key.shift,1789299269.7441578,1789299270.0989027
Key.enter,1789299270.4393868,1789299270.503615
Key.shift,1789299270.6306114,1789299271.163128
Key.space,1789299271.146819,1789299271.3581564
u,1789299271.3632395,1789299271.4395149
s,1789299271.4325268,1789299271.584857
e,1789299271.5600295,1789299271.6572065
d,1789299271.735078,1789299271.850243
Key.space,1789299271.8428073,1789299271.9897134
t,1789299272.0516834,1789299272.1784017
o,1789299272.1699748,1789299272.240067
Key.space,1789299272.2295604,1789299272.3581057
d,1789299273.256086,1789299273.3335493
s,1789299273.533642,1789299273.6273634
i,1789299273.614806,1789299273.6624508
a,1789299273.7962892,1789299273.9047184
p,1789299273.8817515,1789299273.926126
l,1789299274.0408928,1789299274.1068234
y,1789299274.1933546,1789299274.3036919
Key.space,1789299274.3171148,1789299274.4307668
Key.backspace,1789299274.567563,1789299274.6347172
Key.backspace,1789299274.7151296,1789299274.7951434
Key.backspace,1789299274.8733084,1789299274.9488559
Key.backspace,1789299275.2352555,1789299275.272704
Key.backspace,1789299275.8730838,1789299275.9389997
Key.backspace,1789299276.0676634,1789299276.1216068
Key.backspace,1789299276.2357538,1789299276.2978039
i,1789299276.4257276,1789299276.501842
s,1789299276.5040796,1789299276.58399
p,1789299276.683656,1789299276.7479997
l,1789299276.8400989,1789299276.9158282
a,1789299276.8738434,1789299276.9601989
y,1789299277.1143663,1789299277.2122614
Key.space,1789299277.239062,1789299277.3306108
i,1789299277.5198538,1789299277.5940354
m,1789299277.7217815,1789299277.8120685
a,1789299277.8515184,1789299277.9622188
g,1789299277.999789,1789299278.0480013
e,1789299278.5508246,1789299278.7070618
s,1789299278.6370904,1789299278.763116
Key.space,1789299278.763116,1789299278.8825557
b,1789299280.8758466,1789299280.94417
a,1789299281.0000887,1789299281.178129
e,1789299281.237994,1789299281.3763742
d,1789299281.456042,1789299281.5737462
Key.backspace,1789299282.3853118,1789299282.4826548
s,1789299282.5928683,1789299282.6770332
Key.backspace,1789299282.7201822,1789299282.795177
Key.backspace,1789299282.8528209,1789299282.947179
s,1789299282.939648,1789299283.0292144
e,1789299283.0036347,1789299283.0949116
d,1789299283.1846902,1789299283.3025777
Key.space,1789299283.2828789,1789299283.399117
o,1789299283.3750396,1789299283.477135
n,1789299283.5970805,1789299283.6749964
Key.space,1789299283.7088003,1789299283.8848433
t,1789299283.920471,1789299283.9919472
j,1789299284.4951844,1789299284.595054
e,1789299284.6159492,1789299284.732522
Key.space,1789299284.7024364,1789299284.826174
Key.backspace,1789299285.0980442,1789299285.1587868
Key.backspace,1789299285.2379453,1789299285.3151948
Key.backspace,1789299285.4061675,1789299285.499965
h,1789299285.628209,1789299285.7079008
e,1789299285.7003794,1789299285.780148
Key.space,1789299285.7681239,1789299285.9034123
c,1789299285.921521,1789299286.0516772
p,1789299286.7489603,1789299286.8332746
l,1789299286.9470842,1789299286.9870582
i,1789299287.1148336,1789299287.192439
Key.backspace,1789299287.537268,1789299287.5905106
Key.backspace,1789299287.67082,1789299287.7499852
Key.backspace,1789299287.8348498,1789299287.8981822
Key.backspace,1789299287.9851627,1789299288.0568495
2,1789299288.7477834,1789299288.7899187
2,1789299289.043818,1789299289.152775
8,1789299289.651884,1789299289.747738
x,1789299290.0616193,1789299290.1821368
2,1789299290.343476,1789299290.40007
Key.backspace,1789299290.5641193,1789299290.6769698
Key.backspace,1789299290.7357996,1789299290.8450043
Key.backspace,1789299290.9087622,1789299291.0070946
Key.backspace,1789299291.0778294,1789299291.170749
8,1789299291.2933176,1789299291.3850548
x,1789299291.4288785,1789299291.558919
2,1789299291.6607914,1789299291.7949183
8,1789299291.7969203,1789299291.8696969
Key.space,1789299292.06221,1789299292.1888638
g,1789299292.4400065,1789299292.5267553
r,1789299292.6305757,1789299292.7328165
i,1789299292.7389665,1789299292.7976203
d,1789299292.8367226,1789299292.9115613
Key.space,1789299303.2580128,1789299303.3498502
Key.backspace,1789299307.0413852,1789299307.0998714
Key.enter,1789299307.9244542,1789299307.994858
Key.shift,1789299308.181959,1789299308.6390696
Key.space,1789299308.6526346,1789299308.844983
r,1789299308.8130207,1789299308.9276364
a,1789299308.9787352,1789299308.9969897
Key.backspace,1789299309.4487514,1789299309.5348816
Key.backspace,1789299309.605162,1789299309.7016973
r,1789299309.6725752,1789299309.7157695
e,1789299309.6560433,1789299309.7458777
a,1789299309.7458777,1789299309.8477552
Key.backspace,1789299310.1441207,1789299310.2176435
Key.backspace,1789299310.2858872,1789299310.3861387
a,1789299310.4021504,1789299310.5579314
c,1789299310.5639954,1789299310.7180433
h,1789299310.7065234,1789299310.805915
Key.space,1789299310.8599195,1789299311.0036106
r,1789299314.987777,1789299315.131645
o,1789299315.1498225,1789299315.2378724
Key.backspace,1789299315.4959033,1789299315.549879
Key.backspace,1789299315.6334481,1789299315.7315457
c,1789299315.9028056,1789299316.0404916
o,1789299315.983023,1789299316.0528326
l,1789299316.1570344,1789299316.2427487
Key.space,1789299316.2326787,1789299316.3593698
a,1789299316.350224,1789299316.4698162
n,1789299316.4627964,1789299316.5468469
d,1789299316.5468469,1789299316.6516638
Key.space,1789299316.6305976,1789299316.7525535
r,1789299316.8887734,1789299316.9790125
p,1789299317.0936222,1789299317.1630015
o,1789299317.0888484,1789299317.1668553
w,1789299317.192919,1789299317.2928488
Key.space,1789299317.316147,1789299317.4330757
Key.backspace,1789299317.4868777,1789299317.564969
Key.backspace,1789299317.654828,1789299317.7268972
Key.backspace,1789299317.825291,1789299317.92007
w,1789299317.8958993,1789299317.9957995
Key.space,1789299317.9739118,1789299318.1459625
o,1789299318.1499646,1789299318.2140787
c,1789299318.1100762,1789299318.2317348
m,1789299318.3101344,1789299318.3859394
b,1789299318.4457924,1789299318.547202
o,1789299318.543694,1789299318.6167517
Key.space,1789299318.667867,1789299318.7960546
c,1789299319.0817046,1789299319.194123
o,1789299319.1536834,1789299319.220237
n,1789299319.3361335,1789299319.3936093
t,1789299319.413246,1789299319.5223694
r,1789299319.6395683,1789299319.7794914
a,1789299319.7368524,1789299319.8680923
i,1789299319.7877262,1789299319.895958
n,1789299320.2907357,1789299320.3469162
Key.backspace,1789299320.619059,1789299320.6807246
Key.backspace,1789299320.7591977,1789299320.8471515
Key.backspace,1789299320.9090288,1789299321.0029764
Key.backspace,1789299321.0882752,1789299321.1890225
a,1789299321.676813,1789299321.7914882
i,1789299321.7970107,1789299321.8631744
n,1789299321.9873996,1789299322.0586793
s,1789299322.341537,1789299322.4498532
Key.space,1789299322.9516213,1789299323.107716
b,1789299323.4798696,1789299323.5156813
n,1789299323.5013883,1789299323.5186708
r,1789299323.6497338,1789299323.7237077
Key.backspace,1789299323.979455,1789299324.101732
Key.backspace,1789299324.2467837,1789299324.3750417
r,1789299324.827743,1789299324.9308007
i,1789299324.97347,1789299325.0476408
g,1789299325.1037571,1789299325.207106
h,1789299325.3583927,1789299325.429026
t,1789299325.508748,1789299325.599933
n,1789299325.6249697,1789299325.7197707
e,1789299325.7432272,1789299325.8660402
s,1789299325.828919,1789299325.954988
s,1789299326.0297503,1789299326.2087498
Key.space,1789299326.1805003,1789299326.3414533
m,1789299326.5394485,1789299326.6457248
e,1789299326.6239598,1789299326.7196329
t,1789299326.8398352,1789299326.919854
r,1789299327.0558307,1789299327.170375
i,1789299327.2235968,1789299327.287096
c,1789299327.3680036,1789299327.4236503
Key.space,1789299327.6494367,1789299327.7680361
o,1789299327.8122773,1789299327.895912
f,1789299327.879818,1789299327.983475
Key.space,1789299327.9935012,1789299328.1516163
t,1789299328.0980656,1789299328.2105432
h,1789299328.1876621,1789299328.264181
e,1789299328.3186474,1789299328.4271142
Key.space,1789299328.3989923,1789299328.5124516
Key.backspace,1789299329.5269017,1789299329.894916
Key.backspace,1789299330.2769768,1789299330.3393946
Key.backspace,1789299330.4438472,1789299330.513848
Key.enter,1789299332.738909,1789299332.8449073
Key.shift,1789299332.3434882,1789299332.8729417
p,1789299336.1337674,1789299336.217915
l,1789299336.3140895,1789299336.370337
t,1789299336.4196477,1789299336.5130086
.,1789299336.5279903,1789299336.5916727
i,1789299336.8549294,1789299336.933458
m,1789299337.057163,1789299337.1213655
s,1789299337.7923715,1789299337.9287734
h,1789299337.920833,1789299337.9967518
o,1789299338.1407952,1789299338.2468169
w,1789299338.2907643,1789299338.3808098
(,1789299262.8850079,1789299338.9937937
Key.shift_r,1789299338.4990659,1789299339.0699842
Key.caps_lock,1789299340.1190126,1789299340.2457845
Key.caps_lock,1789299340.651766,1789299340.768902
Key.shift_r,1789299340.6838212,1789299340.93673
t,1789299341.0150425,1789299341.1270456
r,1789299341.202773,1789299341.3613777
i,1789299341.2946882,1789299341.389194
a,1789299341.2991946,1789299341.4223664
n,1789299341.5025747,1789299341.5629208
Key.backspace,1789299342.052281,1789299342.1131828
Key.backspace,1789299342.214891,1789299342.256427
Key.backspace,1789299342.366899,1789299342.4449012
a,1789299342.4888084,1789299342.6050224
i,1789299342.6103644,1789299342.6751413
n,1789299342.8032863,1789299342.8514955
[,1789299343.419886,1789299343.4840434
1,1789299344.2215397,1789299344.353574
0,1789299344.3615835,1789299344.417727
0,1789299344.5061667,1789299344.5701227
0,1789299344.669952,1789299344.7576864
],1789299345.8007274,1789299345.8830845
Key.enter,1789299346.5027063,1789299346.5815868
Key.shift,1789299346.0895107,1789299346.7086947
Key.esc,1789299352.167764,1789299352.2638752
#,1789299450.6448977,1789299450.7077458
Key.shift,1789299450.360701,1789299450.751764
Key.space,1789299450.7904463,1789299450.9300752
a,1789299450.8906674,1789299451.0705955
l,1789299451.1007333,1789299451.1669283
l,1789299451.2386625,1789299451.31497
Key.space,1789299451.318975,1789299451.4568222
t,1789299451.3936226,1789299451.5035362
h,1789299451.5070424,1789299451.5648203
e,1789299451.582495,1789299451.6905892
Key.space,1789299451.6548321,1789299451.8214357
v,1789299451.8023493,1789299451.92632
l,1789299452.0154366,1789299452.1034923
a,1789299451.9448857,1789299452.1213472
u,1789299452.2260063,1789299452.2948456
e,1789299452.249376,1789299452.3996704
s,1789299452.2898283,1789299452.4377348
Key.space,1789299452.3854597,1789299452.5334136
i,1789299452.5334136,1789299452.6178389
n,1789299452.74346,1789299452.8571017
Key.space,1789299452.9216127,1789299453.037602
t,1789299454.3997037,1789299454.4934437
h,1789299454.603128,1789299454.6988873
e,1789299454.7151015,1789299454.8330138
Key.space,1789299454.8189533,1789299454.9325411
g,1789299456.2770426,1789299456.3559496
r,1789299456.4674578,1789299456.582374
i,1789299456.5739334,1789299456.6299925
d,1789299456.7001064,1789299456.8375902
Key.space,1789299456.8077505,1789299456.9325807
i,1789299456.8777204,1789299456.9340837
s,1789299457.0033615,1789299457.128008
Key.space,1789299457.0867813,1789299457.2019546
b,1789299457.9558978,1789299458.0367398
e,1789299458.0159633,1789299458.0914385
t,1789299458.2060215,1789299458.2899017
w,1789299458.3674982,1789299458.5326066
e,1789299458.5326066,1789299458.5898237
e,1789299458.669599,1789299458.756866
n,1789299458.8307035,1789299458.9049172
Key.space,1789299458.9513173,1789299459.0770066
0,1789299459.514745,1789299459.586853
Key.space,1789299459.556647,1789299459.680323
a,1789299459.6369224,1789299459.7729125
n,1789299459.7620788,1789299459.8254158
d,1789299459.8148987,1789299459.9566202
Key.space,1789299460.1580093,1789299460.290403
2,1789299460.3486304,1789299460.470621
5,1789299460.793868,1789299460.8898773
5,1789299460.9738786,1789299461.0675561
",",1789299461.2323794,1789299461.298264
Key.space,1789299461.4202769,1789299461.5373793
e,1789299461.9122128,1789299461.971805
Key.backspace,1789299462.2815003,1789299462.4026089
w,1789299462.3679767,1789299462.4858549
e,1789299462.4658456,1789299462.5559993
Key.space,1789299462.5579906,1789299462.7225387
n,1789299462.6817997,1789299462.7513926
e,1789299462.741587,1789299462.8521326
e,1789299462.9069207,1789299463.0023675
d,1789299463.1121068,1789299463.216074
Key.space,1789299463.2087104,1789299463.3289263
t,1789299463.3289263,1789299463.4470267
o,1789299463.421465,1789299463.4989593
Key.space,1789299463.5291135,1789299463.6508067
b,1789299463.7462816,1789299463.8250766
r,1789299463.843275,1789299463.9531403
i,1789299463.9747126,1789299464.0503566
n,1789299464.164755,1789299464.2384646
g,1789299464.218761,1789299464.3385692
Key.space,1789299464.3268764,1789299464.4466832
t,1789299465.0131526,1789299465.1079895
h,1789299465.0716755,1789299465.1458812
e,1789299465.2365203,1789299465.2796054
s,1789299465.2335129,1789299465.4159842
e,1789299465.374814,1789299465.4778492
Key.space,1789299465.4370687,1789299465.5699387
v,1789299465.5996974,1789299465.700062
Key.backspace,1789299465.8955996,1789299465.9618347
Key.backspace,1789299466.0517347,1789299466.1332288
Key.backspace,1789299466.2117252,1789299466.2782907
Key.backspace,1789299466.368018,1789299466.4414847
Key.backspace,1789299466.5397491,1789299466.6076627
e,1789299466.7560375,1789299466.9119694
s,1789299466.854609,1789299466.9796975
s,1789299467.3165998,1789299467.4129632
e,1789299467.4069407,1789299467.5569634
Key.backspace,1789299467.6157007,1789299467.6833239
Key.backspace,1789299467.7546585,1789299467.84095
e,1789299467.8105385,1789299467.9589932
Key.space,1789299467.9690518,1789299468.0614495
v,1789299468.2768412,1789299468.3751054
l,1789299468.4846451,1789299468.5690224
a,1789299468.5566945,1789299468.7100296
u,1789299468.884839,1789299468.9439883
e,1789299468.9580662,1789299469.1231945
Key.backspace,1789299469.2086802,1789299469.2701032
Key.backspace,1789299469.358023,1789299469.4460201
Key.backspace,1789299469.537994,1789299469.5979679
Key.backspace,1789299469.6877844,1789299469.755826
a,1789299469.7861612,1789299469.901682
l,1789299469.8617642,1789299469.9458582
u,1789299470.0740552,1789299470.1476479
e,1789299470.1760151,1789299470.2735386
s,1789299470.185045,1789299470.3348837
Key.space,1789299470.2456784,1789299470.407707
b,1789299470.3640494,1789299470.439356
e,1789299470.4557724,1789299470.5881898
t,1789299470.764153,1789299470.8879375
w,1789299471.1201239,1789299471.310059
e,1789299471.3037155,1789299471.3896663
e,1789299471.471523,1789299471.560759
n,1789299471.6570241,1789299471.70271
e,1789299471.6451893,1789299471.726809
Key.backspace,1789299472.3326483,1789299472.409351
Key.backspace,1789299472.5088124,1789299472.6131227
n,1789299472.7405784,1789299472.8028083
Key.enter,1789299473.0247753,1789299473.1103096
Key.shift,1789299473.218764,1789299473.8380427
Key.space,1789299473.8557737,1789299473.997881
0,1789299474.145986,1789299474.212246
Key.space,1789299474.2197573,1789299474.362044
a,1789299474.3535182,1789299474.5019078
n,1789299474.437368,1789299474.5234663
d,1789299474.5478463,1789299474.6516132
Key.space,1789299474.633575,1789299474.7414305
1,1789299474.7618253,1789299474.8622427
Key.space,1789299474.9018502,1789299475.0295777
b,1789299475.549765,1789299475.6181946
e,1789299475.5881765,1789299475.6896255
c,1789299475.7824013,1789299475.906593
a,1789299475.8846533,1789299476.05174
u,1789299476.010209,1789299476.078938
s,1789299476.0972273,1789299476.2668946
e,1789299476.2249079,1789299476.344611
Key.space,1789299476.3247218,1789299476.4488428
Key.caps_lock,1789299476.4599078,1789299476.652859
n,1789299476.712506,1789299476.7574759
n,1789299476.9187534,1789299476.9971192
Key.space,1789299477.1888185,1789299477.3249912
Key.caps_lock,1789299477.3889449,1789299477.5546134
f,1789299479.351551,1789299479.45573
i,1789299479.4095035,1789299479.4860036
n,1789299479.573605,1789299479.651608
d,1789299479.6281161,1789299479.7798355
s,1789299479.7015285,1789299479.8378892
Key.space,1789299479.8200428,1789299479.9716237
w,1789299480.3747358,1789299480.5149493
e,1789299480.5149493,1789299480.658947
i,1789299480.6869195,1789299480.7699454
g,1789299480.8081527,1789299480.8848178
h,1789299480.9285133,1789299480.9905097
t,1789299481.0066454,1789299481.1228554
s,1789299481.1585715,1789299481.2147493
Key.space,1789299481.3327801,1789299481.4410305
b,1789299481.512453,1789299481.5999992
e,1789299481.55007,1789299481.63995
t,1789299481.7401862,1789299481.819042
t,1789299481.8970642,1789299482.0226073
e,1789299482.1324692,1789299482.253582
r,1789299482.3332365,1789299482.4758794
Key.space,1789299482.4060564,1789299482.5356183
a,1789299482.5166068,1789299482.6570966
n,1789299482.6298127,1789299482.713928
d,1789299482.6999366,1789299482.8268068
Key.space,1789299482.7755656,1789299482.8930838
c,1789299483.2234967,1789299483.3579526
o,1789299483.3418815,1789299483.417835
n,1789299483.5300684,1789299483.6051595
v,1789299483.5657585,1789299483.662126
e,1789299483.7601693,1789299483.8499377
r,1789299483.937518,1789299484.0199203
g,1789299484.0270972,1789299484.0985045
e,1789299484.124591,1789299484.2679744
s,1789299484.1998541,1789299484.3345864
Key.space,1789299484.3063724,1789299484.4330604
b,1789299484.6807256,1789299484.7686672
e,1789299484.761803,1789299484.8767347
t,1789299484.9847085,1789299485.0449936
t,1789299485.1225996,1789299485.1869638
e,1789299485.1385314,1789299485.2377212
r,1789299485.3259757,1789299485.4225304
Key.space,1789299485.3889854,1789299485.516923
t,1789299485.8539011,1789299485.9467254
h,1789299485.9243972,1789299485.9849246
Key.backspace,1789299486.2346194,1789299486.2848055
Key.backspace,1789299486.3849604,1789299486.478665
w,1789299486.4619775,1789299486.6080117
h,1789299486.6282933,1789299486.687558
e,1789299486.5958958,1789299486.703566
Key.space,1789299486.9178941,1789299486.9458234
n,1789299486.8572679,1789299486.959972
Key.backspace,1789299487.1516044,1789299487.2399902
Key.backspace,1789299487.327716,1789299487.4225526
Key.backspace,1789299487.5199401,1789299487.5979495
Key.backspace,1789299487.6929107,1789299487.7515407
j,1789299487.8918946,1789299487.946111
h,1789299487.8876634,1789299487.9481108
e,1789299487.9581587,1789299488.0982196
Key.backspace,1789299488.2802298,1789299488.359861
Key.backspace,1789299488.441855,1789299488.545637
e,1789299488.5618596,1789299488.69679
n,1789299488.7733066,1789299488.8449595
Key.space,1789299488.8949504,1789299489.0048401
b,1789299489.1570435,1789299489.2231977
v,1789299489.178804,1789299489.2301438
Key.backspace,1789299489.9269106,1789299489.9970186
Key.backspace,1789299490.1003141,1789299490.1399293
Key.backspace,1789299490.2382483,1789299490.2928417
v,1789299490.225068,1789299490.3230157
a,1789299490.6067877,1789299490.6831756
Key.backspace,1789299490.81944,1789299490.9259984
v,1789299490.8939474,1789299491.009112
a,1789299491.0879364,1789299491.2514493
l,1789299491.1901667,1789299491.2815833
u,1789299491.3979125,1789299491.4536245
e,1789299491.4616554,1789299491.58962
s,1789299491.5276525,1789299491.6278338
Key.space,1789299491.7121665,1789299491.8614714
a,1789299491.8340938,1789299491.9857464
r,1789299491.9958417,1789299492.091713
e,1789299492.1490874,1789299492.2834663
Key.space,1789299492.2377133,1789299492.3716342
i,1789299492.3501308,1789299492.425739
Key.backspace,1789299492.617349,1789299492.737122
o,1789299492.7792923,1789299492.8797538
n,1789299492.9937027,1789299493.095008
Key.space,1789299493.1525517,1789299493.270785
a,1789299493.401657,1789299493.5307162
Key.space,1789299493.6088915,1789299493.7384884
s,1789299494.3708143,1789299494.4494662
i,1789299494.5600593,1789299494.6599596
m,1789299494.7789938,1789299494.8502004
i,1789299495.080555,1789299495.1460323
l,1789299495.2755516,1789299495.3502657
a,1789299495.3380923,1789299495.4535959
r,1789299495.4316826,1789299495.5418756
Key.space,1789299495.5037816,1789299495.628059
s,1789299495.6396623,1789299495.7378664
c,1789299495.7900107,1789299495.9140148
l,1789299495.9758725,1789299496.0413857
a,1789299495.919377,1789299496.0459173
e,1789299496.0914757,1789299496.2014544
Key.enter,1789299496.657887,1789299496.755618
Key.shift,1789299496.445662,1789299496.843348
#,1789299473.7559943,1789299501.6206
Key.shift,1789299501.4339504,1789299501.671983
Key.space,1789299501.7253683,1789299501.8663049
q,1789299501.8829062,1789299501.9893577
w,1789299501.8748398,1789299502.0130982
Key.backspace,1789299502.3549056,1789299502.460756
e,1789299502.6274958,1789299502.7861018
Key.space,1789299502.7813127,1789299502.9394186
w,1789299502.8619688,1789299503.0249753
i,1789299503.01296,1789299503.102414
l,1789299503.240695,1789299503.2967942
l,1789299503.3632,1789299503.4303143
Key.space,1789299503.4722753,1789299503.6026309
s,1789299503.5590491,1789299503.6748517
i,1789299503.613964,1789299503.681361
m,1789299503.779895,1789299503.8417194
p,1789299503.9839482,1789299504.0515082
l,1789299504.1436782,1789299504.2394764
y,1789299504.2314796,1789299504.3524342
Key.space,1789299504.345925,1789299504.4621236
d,1789299504.6600583,1789299504.7676585
i,1789299504.7531567,1789299504.8415008
v,1789299504.96565,1789299505.0617778
i,1789299505.1182973,1789299505.1855588
d,1789299505.2080839,1789299505.2997644
e,1789299505.3960404,1789299505.487935
Key.space,1789299505.479782,1789299505.6035547
b,1789299506.2191353,1789299506.3049877
y,1789299506.335299,1789299506.4548361
Key.space,1789299506.4466307,1789299506.5768535
2,1789299506.932572,1789299507.0386686
5,1789299507.2747881,1789299507.3480868
5,1789299507.434965,1789299507.530808
",",1789299508.373203,1789299508.437215
Key.space,1789299508.4678185,1789299508.587878
t,1789299509.1561224,1789299509.2490675
h,1789299509.225747,1789299509.2801511
e,1789299509.3648493,1789299509.4700072
n,1789299509.450796,1789299509.5036077
Key.space,1789299509.54795,1789299509.6916673
0,1789299509.8798778,1789299509.9338434
-,1789299509.8714728,1789299509.9393523
Key.backspace,1789299510.3207948,1789299510.3828874
Key.backspace,1789299510.4626281,1789299510.5630066
-,1789299510.644963,1789299510.7300029
Key.space,1789299510.8190048,1789299510.9824903
Key.backspace,1789299511.0769246,1789299511.1666834
Key.backspace,1789299511.2507849,1789299511.3631835
0,1789299511.7728271,1789299511.8381221
Key.space,1789299511.8767474,1789299511.9815872
w,1789299511.9589357,1789299512.0664544
u,1789299512.096892,1789299512.149945
Key.backspace,1789299512.5028565,1789299512.5892537
i,1789299512.7499506,1789299512.809761
l,1789299512.937911,1789299513.001465
l,1789299513.0939405,1789299513.1560085
Key.space,1789299513.1179895,1789299513.254941
b,1789299513.3237026,1789299513.400051
e,1789299513.391813,1789299513.5316765
Key.space,1789299513.4914396,1789299513.6216395
0,1789299514.151559,1789299514.2398243
Key.space,1789299514.196165,1789299514.3477755
a,1789299514.3035243,1789299514.439199
n,1789299514.4360304,1789299514.506772
d,1789299514.479019,1789299514.622111
Key.space,1789299514.5904946,1789299514.7146204
2,1789299514.7299073,1789299514.888936
5,1789299515.1180437,1789299515.1787581
5,1789299515.2569523,1789299515.322784
Key.space,1789299515.3247957,1789299515.4668734
w,1789299515.5029354,1789299515.6268682
i,1789299515.6188505,1789299515.6850374
l,1789299515.8145754,1789299515.8787103
l,1789299515.9529533,1789299516.0097344
Key.space,1789299515.9947865,1789299516.1470785
b,1789299516.1846845,1789299516.2650578
e,1789299516.2570255,1789299516.3671079
Key.space,1789299516.3400779,1789299516.4968574
1,1789299516.4600542,1789299516.566383
",",1789299517.5960827,1789299517.664378
Key.space,1789299517.6995585,1789299517.8056633
Key.enter,1789299518.6358287,1789299518.7232733
Key.shift,1789299518.8213296,1789299519.4249148
Key.space,1789299519.4868538,1789299519.6203842
s,1789299519.6477609,1789299519.7386057
o,1789299519.7423227,1789299519.8096921
Key.space,1789299519.8535583,1789299520.0090148
b,1789299522.2260003,1789299522.2818096
e,1789299522.6280131,1789299522.762205
t,1789299522.9316447,1789299523.0114744
w,1789299523.0590575,1789299523.1879091
e,1789299523.1999438,1789299523.3650043
e,1789299523.426783,1789299523.5547893
n,1789299523.5249922,1789299523.6290555
Key.space,1789299523.6621964,1789299523.789918
0,1789299524.0773246,1789299524.1502168
Key.space,1789299524.1689222,1789299524.2850914
a,1789299524.2688599,1789299524.3768241
n,1789299524.401487,1789299524.4752774
d,1789299524.5048707,1789299524.6049955
Key.space,1789299524.5633101,1789299524.6888318
2,1789299524.9048278,1789299524.988754
5,1789299525.1167154,1789299525.1921551
5,1789299525.270787,1789299525.3630464
Key.space,1789299525.324694,1789299525.5059986
e,1789299525.5280244,1789299525.6397424
a,1789299525.6858861,1789299525.9358234
c,1789299525.9848878,1789299526.099947
h,1789299526.3025813,1789299526.3717005
Key.space,1789299526.439214,1789299526.5598962
v,1789299527.067735,1789299527.1789155
a,1789299527.2337856,1789299527.3655787
l,1789299527.3097012,1789299527.3780313
u,1789299527.5334718,1789299527.58384
e,1789299527.5924363,1789299527.7128053
Key.space,1789299527.696597,1789299527.8456688
w,1789299527.8147259,1789299527.94261
i,1789299527.9726028,1789299528.0449107
l,1789299528.1780088,1789299528.2426713
l,1789299528.3146439,1789299528.3801074
Key.space,1789299528.3923812,1789299528.525095
g,1789299528.776582,1789299528.8294456
e,1789299529.1630394,1789299529.2485747
t,1789299529.3865814,1789299529.4640522
Key.space,1789299529.4630523,1789299529.606843
t,1789299529.5668247,1789299529.6823118
o,1789299529.6551418,1789299529.718922
Key.space,1789299529.735026,1789299529.8688555
0,1789299530.3058007,1789299530.3795567
Key.space,1789299530.4171247,1789299530.5939817
a,1789299531.2619371,1789299531.391614
Key.backspace,1789299531.7680342,1789299532.0068934
Key.backspace,1789299532.2146738,1789299532.2831378
Key.backspace,1789299532.4048195,1789299532.4786937
b,1789299533.3767345,1789299533.45252
e,1789299533.4328606,1789299533.524665
t,1789299533.6202898,1789299533.675633
w,1789299533.5788083,1789299533.722443
Key.backspace,1789299534.225249,1789299534.5997612
Key.backspace,1789299534.8141031,1789299534.8816903
Key.backspace,1789299534.9699364,1789299535.065021
b,1789299535.3408186,1789299535.434107
e,1789299535.4717033,1789299535.571576
w,1789299535.5875502,1789299535.7099938
Key.backspace,1789299536.19789,1789299536.3253503
t,1789299536.301425,1789299536.402864
w,1789299536.4868252,1789299536.6303465
e,1789299536.6446915,1789299536.7368646
e,1789299536.794612,1789299536.9228933
n,1789299536.8891249,1789299536.9758523
Key.space,1789299536.9869149,1789299537.1232104
0,1789299537.1927633,1789299537.289985
Key.space,1789299537.334742,1789299537.4784577
a,1789299537.4689672,1789299537.5924988
n,1789299537.6114032,1789299537.685086
d,1789299537.6587522,1789299537.772529
Key.space,1789299537.7799733,1789299537.922493
1,1789299537.8549533,1789299537.9906974
Key.enter,1789299538.6378992,1789299538.7120585
Key.shift,1789299538.4716175,1789299538.9691913
Key.caps_lock,1789299541.1050143,1789299541.2580736
Key.caps_lock,1789299541.3413997,1789299541.476891
Key.shift_r,1789299541.3570971,1789299541.657892
t,1789299541.7467372,1789299541.826923
r,1789299541.9148703,1789299542.0429645
i,1789299541.9882338,1789299542.0630057
a,1789299541.9790363,1789299542.1008224
n,1789299542.148799,1789299542.213124
Key.space,1789299542.238976,1789299542.3567564
=,1789299542.3924897,1789299542.466503
Key.space,1789299542.5149386,1789299542.6089861
Key.caps_lock,1789299542.8982074,1789299543.0436912
x,1789299541.2516103,1789299543.209839
Key.caps_lock,1789299543.1751904,1789299543.3187606
_,1789299541.5681386,1789299543.6641817
Key.shift_r,1789299543.2898612,1789299543.670203
t,1789299543.7375672,1789299543.8399556
r,1789299543.907518,1789299544.042786
i,1789299543.9998498,1789299544.0713873
a,1789299543.9773793,1789299544.1171238
n,1789299544.1880527,1789299544.2399437
/,1789299544.8231373,1789299544.8817556
2,1789299544.9534893,1789299545.0670128
5,1789299545.2000182,1789299545.2628214
5,1789299545.344645,1789299545.4265232
Key.enter,1789299545.497035,1789299545.5823324
Key.caps_lock,1789299546.0380425,1789299546.1424844
Key.caps_lock,1789299546.299766,1789299546.4568274
Key.caps_lock,1789299546.6030495,1789299546.7447393
x,1789299546.7549837,1789299546.8903353
Key.caps_lock,1789299546.8893456,1789299547.029129
Key.shift_r,1789299546.8924067,1789299547.1766634
t,1789299547.550002,1789299547.629846
s,1789299547.7051613,1789299547.8360488
e,1789299547.8316703,1789299547.9314406
t,1789299548.0513942,1789299548.1781912
Key.backspace,1789299548.347649,1789299548.4161284
Key.backspace,1789299548.5156326,1789299548.5657225
Key.backspace,1789299548.673912,1789299548.7397609
e,1789299548.7422645,1789299548.8121805
s,1789299548.770814,1789299548.8978875
t,1789299548.943211,1789299549.0582347
Key.space,1789299549.101397,1789299549.15335
=,1789299549.5449946,1789299549.6222117
Key.space,1789299549.6569908,1789299549.7758162
Key.caps_lock,1789299549.9137952,1789299550.0890095
x,1789299550.1050496,1789299550.2490575
Key.caps_lock,1789299550.2104497,1789299550.354789
_,1789299547.0609727,1789299550.566655
Key.shift_r,1789299550.2559936,1789299550.5688498
t,1789299550.6569407,1789299550.7546248
e,1789299550.8569925,1789299550.9949005
s,1789299550.9388266,1789299551.057899
y,1789299551.1646326,1789299551.233187
t,1789299551.154614,1789299551.2588553
Key.backspace,1789299551.5716574,1789299551.6813557
/,1789299552.7619472,1789299552.835733
2,1789299552.9140513,1789299553.0257509
5,1789299553.1617126,1789299553.2536879
5,1789299553.3199801,1789299553.4235618
Key.enter,1789299553.7305331,1789299553.8102548
Key.shift,1789299553.6260686,1789299553.930301
Key.esc,1789299555.376974,1789299555.4490085
Key.backspace,1789300635.3434398,1789300635.4412866
Key.caps_lock,1789300635.5645738,1789300635.7054813
Key.space,1789300635.975561,1789300636.172421
s,1789300636.1469333,1789300636.2701447
Key.caps_lock,1789300636.2184937,1789300636.3842704
o,1789300636.3213668,1789300636.394513
",",1789300637.2547207,1789300637.348767
Key.space,1789300637.358828,1789300637.5185559
w,1789300638.1614199,1789300638.3477275
e,1789300638.3012187,1789300638.4476213
Key.space,1789300638.4027588,1789300638.5621898
p,1789300638.5417624,1789300638.6198006
Key.backspace,1789300638.8358517,1789300638.919588
f,1789300638.9497123,1789300639.091512
l,1789300639.115805,1789300639.2058287
a,1789300639.2510817,1789300639.379817
t,1789300639.4356868,1789300639.5313284
t,1789300639.6031156,1789300639.6912723
e,1789300639.8193383,1789300639.9032428
r,1789300640.0195084,1789300640.1753793
Key.space,1789300640.311782,1789300640.3463933
Key.backspace,1789300640.56653,1789300640.6420362
Key.backspace,1789300640.7282891,1789300640.8258069
Key.backspace,1789300640.8864636,1789300641.1430683
Key.backspace,1789300641.2146616,1789300641.3064368
Key.backspace,1789300641.3645642,1789300641.4503868
Key.backspace,1789300641.5164666,1789300641.5823557
Key.backspace,1789300641.6445274,1789300641.7221582
Key.backspace,1789300641.7924492,1789300641.8602102
u,1789300642.3045127,1789300642.3883963
s,1789300642.376874,1789300642.4980998
e,1789300642.5112262,1789300642.6153178
Key.space,1789300642.6035304,1789300642.7586393
Key.caps_lock,1789300642.8910716,1789300643.0695412
f,1789300643.06554,1789300643.231158
Key.caps_lock,1789300643.2057154,1789300643.347278
l,1789300643.3148406,1789300643.4123704
s,1789300643.459295,1789300643.5096047
a,1789300643.458298,1789300643.5557294
t,1789300643.5977576,1789300643.7457707
Key.backspace,1789300643.9477887,1789300644.0136878
Key.backspace,1789300644.083103,1789300644.1912882
t,1789300644.2087553,1789300644.3137784
t,1789300644.375527,1789300644.475492
e,1789300644.5628188,1789300644.6965764
n,1789300644.649704,1789300644.7146728
",",1789300645.5614297,1789300645.6066108
Key.space,1789300645.6625702,1789300645.7732818
t,1789300645.9531336,1789300646.020281
h,1789300646.1849089,1789300646.2765226
a,1789300646.3066616,1789300646.4128084
t,1789300646.4603257,1789300646.5385747
Key.space,1789300646.5395749,1789300646.6889803
m,1789300646.6198475,1789300646.7230844
a,1789300646.742513,1789300646.8698227
k,1789300646.8577971,1789300646.912826
e,1789300646.9535403,1789300647.0757334
s,1789300647.0056086,1789300647.1256804
Key.space,1789300647.06451,1789300647.2114525
t,1789300647.2995338,1789300647.4128637
Key.backspace,1789300648.9257057,1789300649.0464242
t,1789300649.480227,1789300649.5687487
h,1789300649.6095917,1789300649.6947124
e,1789300649.7585576,1789300649.869727
Key.space,1789300650.3295534,1789300650.4424398
2,1789300651.4256551,1789300651.545319
8,1789300652.2434251,1789300652.3171794
",",1789300652.881164,1789300652.977092
2,1789300653.0611825,1789300653.1872432
8,1789300653.2323864,1789300653.3112988
Key.space,1789300653.4495149,1789300653.5495467
Key.backspace,1789300653.7422185,1789300653.8100822
Key.backspace,1789300653.8891306,1789300653.9743054
Key.backspace,1789300654.4393663,1789300654.5257742
Key.backspace,1789300654.6063793,1789300654.69962
x,1789300655.224476,1789300655.3324282
2,1789300655.498612,1789300655.5997856
8,1789300655.6346862,1789300655.70144
Key.space,1789300655.757541,1789300655.9233732
g,1789300655.9832854,1789300656.0832484
r,1789300656.1956844,1789300656.2996452
i,1789300656.3056653,1789300656.393394
d,1789300656.4874125,1789300656.6129117
Key.space,1789300656.601063,1789300656.7437613
l,1789300657.0774481,1789300657.1496105
i,1789300657.2754724,1789300657.351328
e,1789300657.4412465,1789300657.5687444
Key.space,1789300657.5272717,1789300657.694437
f,1789300658.254571,1789300658.3450491
l,1789300658.4011624,1789300658.489727
a,1789300658.5103977,1789300658.6313748
t,1789300658.655536,1789300658.8000712
Key.space,1789300658.798572,1789300658.9566908
b,1789300660.407441,1789300660.5102487
e,1789300660.5042515,1789300660.5976515
s,1789300660.6982775,1789300660.7996771
i,1789300660.88278,1789300660.9495199
o,1789300660.875676,1789300660.9530303
d,1789300660.9676073,1789300661.0412815
Key.backspace,1789300661.4072251,1789300661.479361
Key.backspace,1789300661.562973,1789300661.6390889
Key.backspace,1789300661.651089,1789300661.6576734
i,1789300662.015264,1789300662.093198
d,1789300662.1053622,1789300662.152492
e,1789300662.2622237,1789300662.354323
Key.space,1789300662.3684578,1789300662.5166276
e,1789300662.4782994,1789300662.5820882
a,1789300662.5703537,1789300662.684458
c,1789300662.744597,1789300662.8698125
h,1789300662.858626,1789300662.9566689
Key.space,1789300663.0485306,1789300663.1724994
o,1789300663.2224667,1789300663.3221564
t,1789300663.37307,1789300663.4818208
h,1789300663.5143018,1789300663.6004305
e,1789300663.6182694,1789300663.7159257
r,1789300663.798634,1789300663.914422
",",1789300666.9297068,1789300666.9885876
Key.space,1789300667.1121829,1789300667.231248
t,1789300668.0045962,1789300668.0965047
h,1789300668.1126218,1789300668.1923277
a,1789300668.1801982,1789300668.2814417
t,1789300668.276431,1789300668.3932064
Key.space,1789300668.374646,1789300668.522578
m,1789300668.429038,1789300668.5342033
e,1789300668.539478,1789300668.6620247
a,1789300668.6281552,1789300668.7734842
n,1789300668.7045102,1789300668.7921464
s,1789300668.8573587,1789300668.9656315
",",1789300669.5474758,1789300669.6334462
Key.enter,1789300669.8012297,1789300669.9069252
#,1789300671.2543192,1789300671.322196
Key.shift,1789300670.0894437,1789300671.3645256
Key.space,1789300671.3966658,1789300671.4983087
f,1789300673.1695542,1789300673.25635
i,1789300673.21712,1789300673.2990525
r,1789300673.347556,1789300673.490081
s,1789300673.4175012,1789300673.5720246
t,1789300673.6132298,1789300673.748355
Key.space,1789300673.7013774,1789300673.827228
2,1789300676.1064095,1789300676.199573
8,1789300676.8621628,1789300676.9497297
Key.space,1789300677.0544097,1789300677.1645935
e,1789300678.7089884,1789300678.8182306
l,1789300678.8055456,1789300678.929611
e,1789300678.9875064,1789300679.107724
m,1789300679.0975323,1789300679.1976998
e,1789300679.229629,1789300679.336045
n,1789300679.3255472,1789300679.3975744
t,1789300679.4592283,1789300679.5556643
s,1789300679.5667,1789300679.6835597
",",1789300680.1545725,1789300680.2703843
Key.space,1789300680.32867,1789300680.4682598
t,1789300680.4587288,1789300680.5779526
h,1789300680.5583065,1789300680.6486154
e,1789300680.692151,1789300680.8183599
n,1789300680.9824293,1789300681.0183263
Key.space,1789300681.4101799,1789300681.5364025
a,1789300682.2647738,1789300682.3512444
n,1789300682.3714035,1789300682.4430268
o,1789300682.5748434,1789300682.6428266
t,1789300682.71106,1789300682.8015926
h,1789300682.8475049,1789300682.9230156
e,1789300682.9381635,1789300683.023085
t,1789300683.1411803,1789300683.2072835
r,1789300683.1357663,1789300683.2174757
Key.space,1789300683.2210026,1789300683.365229
Key.backspace,1789300683.5610225,1789300683.6492457
Key.backspace,1789300683.7189803,1789300683.8222232
Key.backspace,1789300683.9910326,1789300684.0711706
r,1789300684.806719,1789300684.9424596
Key.space,1789300684.9264846,1789300685.038617
2,1789300685.2213335,1789300685.3365188
8,1789300685.6264498,1789300685.7009885
Key.space,1789300685.7095468,1789300685.8343956
e,1789300685.9245238,1789300686.0442984
l,1789300686.357808,1789300686.4634151
e,1789300686.4774482,1789300686.6135073
m,1789300686.625031,1789300686.7192998
e,1789300686.7228253,1789300686.841036
n,1789300686.8494306,1789300686.9254632
t,1789300686.941142,1789300687.0456202
s,1789300687.033042,1789300687.1548603
Key.space,1789300687.1914654,1789300687.3056612
b,1789300687.3258011,1789300687.422053
e,1789300687.4095886,1789300687.5232742
s,1789300687.6872337,1789300687.7955015
i,1789300687.8755596,1789300687.9674804
d,1789300688.0053165,1789300688.0921204
e,1789300688.1854193,1789300688.303221
Key.space,1789300688.2956936,1789300688.4249384
i,1789300688.5602427,1789300688.6269019
t,1789300688.632413,1789300688.7484488
Key.space,1789300693.7801566,1789300693.928703
f,1789300693.929762,1789300694.033378
o,1789300694.0564556,1789300694.1644776
r,1789300694.1543498,1789300694.27094
Key.space,1789300694.2603898,1789300694.3611166
1,1789300694.372239,1789300694.5109568
Key.space,1789300694.5029452,1789300694.6204326
r,1789300694.9602911,1789300695.0766163
o,1789300695.063579,1789300695.1672816
w,1789300695.1897454,1789300695.2796638
Key.backspace,1789300695.5273733,1789300695.5833166
Key.backspace,1789300695.6733851,1789300695.7713687
Key.backspace,1789300695.8415291,1789300695.9172778
Key.backspace,1789300695.9909701,1789300696.0754952
s,1789300696.0831661,1789300696.1855986
t,1789300696.2399745,1789300696.3710308
Key.space,1789300696.3529553,1789300696.5531013
r,1789300696.6173806,1789300696.7229197
o,1789300696.765665,1789300696.863086
2,1789300696.8831618,1789300696.998404
Key.backspace,1789300697.8920767,1789300697.952796
w,1789300697.9537961,1789300698.0578194
Key.space,1789300698.1454904,1789300698.2403235
Key.space,1789300701.2429683,1789300701.2756472
Key.backspace,1789300701.8746705,1789300701.9682915
.,1789300702.150335,1789300702.2346144
Key.space,1789300702.349706,1789300702.5022943
t,1789300703.208371,1789300703.3124173
h,1789300703.3063128,1789300703.4021685
a,1789300703.36965,1789300703.5128372
t,1789300703.5045962,1789300703.6063387
m,1789300703.614527,1789300703.700984
Key.space,1789300703.564348,1789300703.7044404
k,1789300703.8209875,1789300703.9332137
e,1789300704.0118377,1789300704.173118
s,1789300704.1155407,1789300704.215342
Key.backspace,1789300704.3067455,1789300704.3573909
Key.backspace,1789300704.4332328,1789300704.5233889
Key.backspace,1789300704.5975406,1789300704.6953068
a,1789300704.726749,1789300704.8546326
k,1789300704.8455646,1789300704.939563
e,1789300704.921985,1789300705.0634372
s,1789300704.9967122,1789300705.1031373
Key.space,1789300705.0531607,1789300705.2292626
t,1789300705.2136889,1789300705.313537
h,1789300705.2792811,1789300705.361319
e,1789300705.425691,1789300705.5476475
Key.space,1789300705.503074,1789300705.618888
i,1789300705.7131522,1789300705.8055792
n,1789300705.9253702,1789300706.0012527
p,1789300706.1654751,1789300706.2353313
u,1789300706.3594446,1789300706.426189
t,1789300706.432022,1789300706.52441
Key.enter,1789300706.7430093,1789300706.8446612
#,1789300707.5666492,1789300707.6754448
Key.shift,1789300706.9584925,1789300707.6809487
Key.space,1789300707.6392891,1789300707.7811298
2,1789300709.3052592,1789300709.427493
8,1789300710.15566,1789300710.2755888
",",1789300710.6144145,1789300710.7272878
2,1789300710.752223,1789300710.8746283
8,1789300711.2485685,1789300711.337722
",",1789300711.3920205,1789300711.50875
2,1789300711.5644195,1789300711.7065694
8,1789300711.7419336,1789300711.8463807
Key.space,1789300712.4022374,1789300712.474237
Key.backspace,1789300713.1976101,1789300713.2534943
.,1789300713.3830264,1789300713.4826798
.,1789300713.5635972,1789300713.6253555
.,1789300713.7090588,1789300713.7673466
.,1789300713.8510683,1789300713.9235494
Key.space,1789300714.0772586,1789300714.2136288
=,1789300714.365419,1789300714.437189
Key.space,1789300714.469611,1789300714.591592
t,1789300714.9419878,1789300715.0384984
o,1789300715.0018973,1789300715.0886922
t,1789300715.1496868,1789300715.248452
a,1789300715.326845,1789300715.384718
l,1789300715.341271,1789300715.4087675
Key.space,1789300715.9144382,1789300716.0812037
2,1789300716.412203,1789300716.5123205
Key.backspace,1789300718.2933471,1789300718.3511603
7,1789300719.2746513,1789300719.360918
8,1789300719.4765437,1789300719.574471
4,1789300719.8520687,1789300719.9662805
Key.space,1789300720.7485843,1789300720.8644497
i,1789300721.6396644,1789300721.7425413
Key.backspace,1789300722.2032557,1789300722.297705
e,1789300723.7945604,1789300723.9351022
l,1789300723.936106,1789300724.0263019
e,1789300724.2423248,1789300724.3702667
m,1789300724.442424,1789300724.5301466
e,1789300724.5565095,1789300724.6687467
n,1789300724.6863165,1789300724.7564077
t,1789300724.7765005,1789300724.8980117
s,1789300724.8678012,1789300725.0443995
Key.space,1789300725.0312643,1789300725.1711643
i,1789300725.22543,1789300725.309789
n,1789300725.40203,1789300725.4832656
Key.space,1789300725.4887726,1789300725.608474
1,1789300725.759744,1789300725.8719578
Key.space,1789300725.891139,1789300726.059635
r,1789300726.051508,1789300726.189661
o,1789300726.1966815,1789300726.275219
w,1789300726.2810454,1789300726.4034905
",",1789300731.505514,1789300731.6110497
Key.space,1789300731.741063,1789300731.861149
w,1789300732.961857,1789300733.053534
h,1789300732.9785712,1789300733.056537
i,1789300733.166399,1789300733.2505085
c,1789300733.278791,1789300733.3732915
h,1789300733.3647797,1789300733.4378064
Key.space,1789300733.4844515,1789300733.624481
w,1789300733.714455,1789300733.809369
i,1789300733.8004553,1789300733.8812695
l,1789300733.9844966,1789300734.0381122
l,1789300734.1194363,1789300734.1844838
Key.space,1789300734.1925159,1789300734.342204
d,1789300734.6354077,1789300734.7133758
e,1789300734.8093505,1789300734.8912654
f,1789300734.978189,1789300735.107231
i,1789300735.0757015,1789300735.1591427
n,1789300735.2454998,1789300735.3512268
e,1789300735.369556,1789300735.485743
Key.space,1789300735.49325,1789300735.6114085
o,1789300735.841739,1789300735.9156408
n,1789300736.023049,1789300736.08971
e,1789300736.1236448,1789300736.2277339
Key.space,1789300736.1869085,1789300736.3213813
n,1789300736.3476174,1789300736.4156795
u,1789300736.5334764,1789300736.6010232
m,1789300736.7121015,1789300736.792891
b,1789300736.8865452,1789300736.9675167
e,1789300736.9619553,1789300737.0520575
r,1789300737.1444392,1789300737.2599196
",",1789300737.8644743,1789300737.9656308
Key.space,1789300738.1887586,1789300738.2666626
s,1789300738.734373,1789300738.8246398
o,1789300738.8143785,1789300738.8933847
Key.space,1789300738.9513118,1789300739.0620875
7,1789300740.0711825,1789300740.1833692
8,1789300741.2586281,1789300741.3431594
4,1789300741.3396509,1789300741.474276
Key.space,1789300741.5401697,1789300741.6381428
r,1789300741.7347782,1789300741.825674
o,1789300741.816492,1789300741.9462855
w,1789300741.9713478,1789300742.0564795
s,1789300742.1596065,1789300742.2458532
Key.space,1789300742.372466,1789300742.4613473
Key.enter,1789300742.6890333,1789300742.774483
#,1789300743.9813683,1789300744.0979524
Key.shift,1789300743.0124958,1789300744.1209958
Key.space,1789300744.0797963,1789300744.2517977
f,1789300744.2456264,1789300744.3756602
o,1789300744.3430285,1789300744.4443147
r,1789300744.4673784,1789300744.5710478
Key.space,1789300744.547407,1789300744.6953692
r,1789300744.6723852,1789300744.7495158
e,1789300744.669398,1789300744.7709112
a,1789300744.733223,1789300744.8731067
Key.backspace,1789300745.1121793,1789300745.176117
Key.backspace,1789300745.2455194,1789300745.33548
a,1789300745.309623,1789300745.4533155
c,1789300745.4747033,1789300745.622855
h,1789300745.5860894,1789300745.6796167
Key.space,1789300745.704247,1789300745.824327
6,1789300746.0944395,1789300746.1966228
0,1789300746.1612105,1789300746.246236
0,1789300746.3097036,1789300746.3845313
0,1789300746.474659,1789300746.5463488
0,1789300746.6585596,1789300746.7399135
Key.space,1789300747.3168921,1789300747.4323294
n,1789300747.590113,1789300747.6870785
u,1789300747.7987013,1789300747.882056
m,1789300748.0010753,1789300748.070952
n,1789300748.1829975,1789300748.251202
b,1789300748.176476,1789300748.25531
e,1789300748.2593138,1789300748.355581
Key.backspace,1789300748.666702,1789300748.7176406
Key.backspace,1789300748.795488,1789300748.8810775
e,1789300748.9029517,1789300748.995603
r,1789300749.1088278,1789300749.2079966
s,1789300749.1824071,1789300749.3051872
.,1789300749.7612941,1789300749.8076057
e,1789300756.5799797,1789300756.7420366
v,1789300756.754623,1789300756.8395
Key.backspace,1789300757.0695605,1789300757.0992916
Key.backspace,1789300757.1852782,1789300757.257606
v,1789300757.287183,1789300757.386449
e,1789300757.5093515,1789300757.6012602
r,1789300757.6834931,1789300757.807494
y,1789300757.7356231,1789300757.8297071
Key.backspace,1789300760.2483258,1789300760.3545518
Key.space,1789300760.3821702,1789300760.5320768
i,1789300760.5520844,1789300760.654599
s,1789300760.6621912,1789300760.7493172
Key.space,1789300760.7064204,1789300760.8377085
g,1789300760.8783987,1789300760.9898326
o,1789300760.9382625,1789300761.0083768
n,1789300761.1193419,1789300761.1743355
n,1789300761.241248,1789300761.3212652
a,1789300761.30562,1789300761.4525132
Key.space,1789300761.372865,1789300761.533132
d,1789300761.7770805,1789300761.8711567
i,1789300761.8969736,1789300761.965354
Key.backspace,1789300762.337524,1789300762.4396672
e,1789300762.4744234,1789300762.5576804
f,1789300762.6630876,1789300762.757495
i,1789300762.729514,1789300762.799169
n,1789300762.914634,1789300762.9777174
e,1789300762.9685428,1789300763.1088932
Key.space,1789300763.103646,1789300763.243469
i,1789300763.5387547,1789300763.604795
t,1789300763.6067984,1789300763.7221696
.,1789300764.3784494,1789300764.4085147
m,1789300777.65101,1789300777.732138
o,1789300777.839781,1789300777.9262393
d,1789300777.9036314,1789300777.9850209
e,1789300778.0700057,1789300778.1924224
.,1789300778.1466627,1789300778.2463422
Key.backspace,1789300778.5720732,1789300778.634513
l,1789300778.7665436,1789300778.834486
.,1789300778.9865818,1789300779.0795205
c,1789300779.191118,1789300779.31113
o,1789300779.2532587,1789300779.3196557
m,1789300779.4373217,1789300779.5087967
p,1789300779.7013335,1789300779.8056495
i,1789300779.9892192,1789300780.0744894
l,1789300780.1894753,1789300780.2791533
e,1789300780.3246727,1789300780.465104
),1789300780.847601,1789300780.9310458
Key.shift_r,1789300780.563291,1789300781.0855544
Key.backspace,1789300781.3402696,1789300781.4524298
(,1789300782.020129,1789300782.0742161
Key.shift_r,1789300781.5402696,1789300782.0762181
l,1789300785.8421717,1789300785.9111695
o,1789300785.995696,1789300786.0678506
s,1789300786.1021347,1789300786.1776543
s,1789300786.2503197,1789300786.3665433
=,1789300786.809353,1789300786.8838491
Key.shift_r,1789300787.2724643,1789300787.4837246
s,1789300787.6474338,1789300787.7747226
p,1789300787.7546306,1789300787.8704832
a,1789300787.9044108,1789300788.0483508
r,1789300788.1531012,1789300788.2221398
s,1789300788.9010315,1789300789.0295994
Key.shift_r,1789300789.1031227,1789300789.6333573
c,1789300790.184682,1789300790.2975388
a,1789300790.3061264,1789300790.4522636
t,1789300790.478507,1789300790.5888412
e,1789300789.009021,1789300790.7897248
g,1789300790.9067178,1789300790.998403
o,1789300791.0013964,1789300791.0965173
r,1789300791.113676,1789300791.2145927
i,1789300791.253259,1789300791.3297565
c,1789300791.369529,1789300791.464574
a,1789300791.4510415,1789300791.5796978
l,1789300791.612871,1789300791.6884334
_,1789300789.5528836,1789300792.2985125
Key.shift_r,1789300791.926628,1789300792.3080854
c,1789300792.8996499,1789300792.9954295
r,1789300793.093157,1789300793.1955492
o,1789300793.197549,1789300793.271388
s,1789300793.303083,1789300793.3855457
s,1789300793.467424,1789300793.5774443
e,1789300793.6354666,1789300793.7673256
n,1789300793.8032582,1789300793.8742235
t,1789300794.0991974,1789300794.1894085
r,1789300794.2753303,1789300794.4131508
o,1789300794.6533024,1789300794.7088432
p,1789300794.8145754,1789300794.8946779
y,1789300794.9410605,1789300795.0594132
Key.right,1789300795.8924167,1789300796.0198038
",",1789300796.80444,1789300796.8712692
Key.space,1789300799.57027,1789300799.6646917
o,1789300800.0544977,1789300800.1143878
p,1789300800.214405,1789300800.287911
t,1789300800.3830988,1789300800.4813092
i,1789300800.483314,1789300800.529884
m,1789300800.6645575,1789300800.7322378
i,1789300800.8494945,1789300800.9074717
z,1789300800.9125068,1789300801.0073485
e,1789300801.0430202,1789300801.1582758
r,1789300801.2419524,1789300801.3745377
=,1789300802.6154172,1789300802.6656766
Key.shift_r,1789300803.4736373,1789300803.914595
Key.caps_lock,1789300803.8765452,1789300804.0895314
a,1789300804.1268544,1789300804.2311506
Key.caps_lock,1789300804.1985378,1789300804.3656342
d,1789300804.440167,1789300804.581214
a,1789300804.536721,1789300804.6643965
m,1789300804.6563532,1789300804.716349
Key.right,1789300805.4745533,1789300805.5702293
",",1789300806.0619593,1789300806.0995688
Key.space,1789300806.1212156,1789300806.2231894
m,1789300809.2289402,1789300809.322602
e,1789300809.3134608,1789300809.405456
t,1789300809.501931,1789300809.5974135
r,1789300809.6665006,1789300809.7846067
i,1789300809.785607,1789300809.8595283
c,1789300809.9445312,1789300810.0910938
s,1789300810.0844958,1789300810.212863
Key.space,1789300810.4734242,1789300810.5714152
=,1789300810.7153664,1789300810.8192606
Key.space,1789300810.8474681,1789300810.9453456
[,1789300814.6966054,1789300814.7894278
Key.shift_r,1789300814.9412982,1789300815.1714277
a,1789300815.2729857,1789300815.3854039
c,1789300815.4754636,1789300815.589095
c,1789300815.6632779,1789300815.7687192
u,1789300816.067575,1789300816.1410298
r,1789300816.1285007,1789300816.249665
a,1789300816.2256353,1789300816.3515954
c,1789300816.3656027,1789300816.4854612
t,1789300816.4211109,1789300816.492332
Key.backspace,1789300817.2844858,1789300817.3596487
y,1789300817.4733076,1789300817.5766664
Key.enter,1789300818.1950908,1789300818.256334
Key.shift,1789300817.8845682,1789300818.4244576
Key.enter,1789300824.0494843,1789300824.1244502
Key.enter,1789300824.6230423,1789300824.6726887
Key.shift,1789300824.7496169,1789300825.1727567
Key.space,1789300825.1813183,1789300825.3110116
s,1789300826.5408566,1789300826.664515
p,1789300826.7064407,1789300826.8124385
a,1789300826.878315,1789300827.0127852
r,1789300827.189113,1789300827.2781358
s,1789300827.3895113,1789300827.5101988
e,1789300827.478538,1789300827.6526892
Key.space,1789300827.6119072,1789300827.7622344
c,1789300828.187125,1789300828.2530217
Key.backspace,1789300828.4609983,1789300828.823478
Key.backspace,1789300828.9794002,1789300829.058965
Key.backspace,1789300829.1375234,1789300829.2292442
Key.backspace,1789300829.3172348,1789300829.4031248
Key.backspace,1789300829.483509,1789300829.551303
w,1789300829.5694685,1789300829.65553
e,1789300829.6331015,1789300829.7775233
Key.space,1789300829.7375188,1789300829.9033377
u,1789300829.8432949,1789300829.9314802
s,1789300829.9754581,1789300830.0658205
e,1789300830.0273774,1789300830.1715124
Key.space,1789300830.1270816,1789300830.2445433
c,1789300830.722311,1789300830.8342788
a,1789300830.826918,1789300830.9527683
t,1789300831.074295,1789300831.148631
e,1789300831.246632,1789300831.3282921
g,1789300831.4288304,1789300831.5446794
o,1789300831.4744818,1789300831.5699127
r,1789300831.6400928,1789300831.7735322
i,1789300831.744393,1789300831.8280609
c,1789300831.8644435,1789300831.972328
a,1789300831.972328,1789300832.1126115
l,1789300832.1396723,1789300832.2177315
Key.space,1789300832.23623,1789300832.361957
c,1789300833.9077375,1789300834.0071752
r,1789300834.117458,1789300834.2331269
o,1789300834.3090155,1789300834.3936245
s,1789300834.4509284,1789300834.5228662
s,1789300834.6223354,1789300834.6951594
e,1789300835.1662986,1789300835.25656
n,1789300835.2746294,1789300835.3722796
t,1789300835.4441814,1789300835.5221856
r,1789300835.604137,1789300835.724271
o,1789300835.7498724,1789300835.8202963
p,1789300835.9145284,1789300836.0203516
y,1789300835.991046,1789300836.0964253
Key.space,1789300836.159499,1789300836.301904
f,1789300836.2744553,1789300836.3667443
o,1789300836.338141,1789300836.4143162
r,1789300836.5095847,1789300836.6343336
Key.space,1789300836.5085852,1789300836.6393337
Key.backspace,1789300836.8502183,1789300836.9082813
Key.backspace,1789300836.9919784,1789300837.0698004
r,1789300837.0409536,1789300837.1934772
Key.space,1789300837.1674628,1789300837.2772503
m,1789300838.098946,1789300838.1911864
u,1789300838.331198,1789300838.3812957
l,1789300838.5354657,1789300838.619026
t,1789300838.6586986,1789300838.756934
i,1789300838.7492752,1789300838.8155882
c,1789300839.4634683,1789300839.580004
a,1789300839.5724869,1789300839.7082167
t,1789300839.7663867,1789300839.878473
e,1789300840.0043213,1789300840.115232
Key.backspace,1789300840.568629,1789300840.6419911
Key.backspace,1789300840.702345,1789300840.8423514
Key.backspace,1789300841.6812727,1789300841.7175472
l,1789300841.84546,1789300841.9368424
a,1789300841.9312437,1789300842.0609715
s,1789300842.0309489,1789300842.1329947
s,1789300842.200926,1789300842.3252645
Key.space,1789300842.326401,1789300842.4955513
d,1789300842.462637,1789300842.5870657
a,1789300842.5766373,1789300842.683308
t,1789300842.7152586,1789300842.8592727
a,1789300842.830975,1789300842.9512596
",",1789300843.0009677,1789300843.0733628
Key.space,1789300843.2456634,1789300843.3713691
b,1789300843.7531989,1789300843.8103495
u,1789300843.9509149,1789300844.0124767
t,1789300844.0163171,1789300844.1365151
Key.space,1789300844.110364,1789300844.2520406
h,1789300844.2964313,1789300844.3557713
e,1789300844.388024,1789300844.4883215
r,1789300844.5693908,1789300844.642192
e,1789300844.790162,1789300844.902043
Key.space,1789300844.9395752,1789300845.1066213
w,1789300845.080032,1789300845.2445827
e,1789300845.2345555,1789300845.3821056
Key.space,1789300845.3545642,1789300845.4644103
a,1789300845.454369,1789300845.5984454
r,1789300845.61437,1789300845.7063546
e,1789300845.7753017,1789300845.8830585
Key.space,1789300845.8465273,1789300845.969579
u,1789300845.9766126,1789300846.0512772
s,1789300846.0974252,1789300846.175374
i,1789300846.237112,1789300846.299225
n,1789300846.4171426,1789300846.481443
g,1789300846.4592884,1789300846.5288777
Key.space,1789300846.5610135,1789300846.6756535
s,1789300846.6553948,1789300846.7494662
p,1789300846.7403202,1789300846.8273664
a,1789300846.8696623,1789300846.9874923
r,1789300847.08296,1789300847.1796677
c,1789300847.364301,1789300847.4627116
Key.backspace,1789300847.703177,1789300847.7855124
s,1789300847.791014,1789300847.8974545
e,1789300847.8696735,1789300847.9955368
Key.enter,1789300848.1470082,1789300848.2152138
Key.shift,1789300848.3185866,1789300848.855134
Key.space,1789300848.890296,1789300849.0345042
a,1789300849.1097815,1789300849.3183103
s,1789300849.2523873,1789300849.3998265
Key.space,1789300849.3925097,1789300849.5543537
f,1789300851.0192041,1789300851.0929317
o,1789300851.1381514,1789300851.2289643
r,1789300851.2809527,1789300851.417889
Key.space,1789300851.3974485,1789300851.5194573
n,1789300851.5315516,1789300851.6090388
o,1789300851.748713,1789300851.827988
r,1789300851.8495393,1789300851.955586
m,1789300851.949212,1789300852.042965
a,1789300852.0670593,1789300852.1832135
l,1789300852.1696234,1789300852.2655728
Key.space,1789300852.3047264,1789300852.4262743
w,1789300852.5292053,1789300852.6719482
e,1789300852.6365192,1789300852.7884917
Key.space,1789300852.7162664,1789300852.8401856
w,1789300853.0311759,1789300853.132847
i,1789300853.1202726,1789300853.176218
l,1789300853.3965585,1789300853.4643013
l,1789300853.576396,1789300853.5896595
Key.space,1789300853.8094406,1789300853.94246
h,1789300853.9209027,1789300853.9928532
a,1789300853.9645991,1789300854.1300077
v,1789300854.1541834,1789300854.2423682
e,1789300854.2765841,1789300854.4085429
Key.space,1789300854.3843155,1789300854.5463445
t,1789300854.518196,1789300854.6609962
o,1789300854.6609962,1789300854.751105
Key.space,1789300854.746688,1789300854.8674622
o,1789300855.8291287,1789300855.8920662
n,1789300856.029003,1789300856.1134045
e,1789300856.155603,1789300856.2974606
Key.space,1789300856.257983,1789300856.399617
h,1789300856.5718627,1789300856.6709666
o,1789300856.6934571,1789300856.764699
t,1789300856.7746763,1789300856.9044383
Key.space,1789300856.9008913,1789300857.0498438
e,1789300857.0685415,1789300857.2224667
n,1789300857.2727177,1789300857.3542697
c,1789300857.502051,1789300857.6263785
o,1789300857.7364647,1789300857.8078797
d,1789300857.8209162,1789300857.9442406
Key.space,1789300858.056455,1789300858.1812928
a,1789300858.7510455,1789300858.8843691
l,1789300859.0261328,1789300859.0967946
l,1789300859.1794503,1789300859.2444742
Key.space,1789300859.1830285,1789300859.349406
t,1789300859.2851744,1789300859.4013052
h,1789300859.4330783,1789300859.5156465
e,1789300859.5032225,1789300859.6411402
Key.space,1789300859.6093807,1789300859.737525
t,1789300859.8830907,1789300859.9956293
a,1789300860.142626,1789300860.2674367
r,1789300860.2789786,1789300860.4009738
g,1789300860.5034363,1789300860.5912883
e,1789300860.5211718,1789300860.647339
t,1789300860.7529624,1789300860.8862424
Key.space,1789300860.8652809,1789300861.0355706
v,1789300861.0676672,1789300861.2028036
l,1789300861.275698,1789300861.3532524
a,1789300861.2508702,1789300861.389574
u,1789300861.510353,1789300861.571113
e,1789300861.5766249,1789300861.7189386
s,1789300861.6187491,1789300861.7664227
Key.space,1789300861.709394,1789300861.859574
Key.space,1789300862.4019244,1789300862.5159514
b,1789300862.5993607,1789300862.704468
u,1789300862.7141085,1789300862.8011563
t,1789300862.836296,1789300862.946611
Key.space,1789300862.9843998,1789300863.042569
Key.backspace,1789300863.096416,1789300863.1584675
Key.backspace,1789300863.2320256,1789300863.4583006
Key.backspace,1789300863.5064723,1789300863.6331894
Key.backspace,1789300863.6831365,1789300863.7796464
Key.backspace,1789300863.8273633,1789300863.9654305
b,1789300864.1571753,1789300864.245188
y,1789300864.3134608,1789300864.393449
t,1789300864.3737803,1789300864.5052311
Key.space,1789300864.5594456,1789300864.6296117
Key.backspace,1789300864.7093873,1789300864.763406
Key.backspace,1789300864.8509028,1789300864.9472933
Key.backspace,1789300865.0354404,1789300865.125459
u,1789300865.3984463,1789300865.4759192
t,1789300865.4617944,1789300865.5391624
Key.space,1789300865.5527496,1789300865.6928704
a,1789300865.649482,1789300865.8408182
s,1789300865.7708795,1789300865.8965435
Key.space,1789300865.8799953,1789300866.0363727
t,1789300865.9964616,1789300866.1221097
Key.backspace,1789300866.3899982,1789300866.5010073
o,1789300866.6423452,1789300866.6965706
u,1789300867.0219522,1789300867.1071386
r,1789300867.136544,1789300867.2698648
Key.space,1789300867.2245288,1789300867.3543108
t,1789300867.454409,1789300867.552057
a,1789300867.5943882,1789300867.7241328
r,1789300867.7125404,1789300867.8684273
g,1789300867.8564918,1789300867.9496517
e,1789300867.9711277,1789300868.0831492
t,1789300868.1772385,1789300868.2715642
Key.enter,1789300868.4495802,1789300868.4908643
Key.shift,1789300868.5794501,1789300869.1377206
Key.space,1789300869.1398218,1789300869.2892506
a,1789300869.3334227,1789300869.4774685
l,1789300869.5297055,1789300869.6055808
r,1789300869.6095812,1789300869.677243
e,1789300869.7634866,1789300869.8692126
a,1789300869.8611748,1789300869.999424
d,1789300869.9894452,1789300870.1173441
y,1789300870.136957,1789300870.2298791
Key.space,1789300870.282176,1789300870.4177644
c,1789300870.410305,1789300870.5684767
o,1789300870.5594025,1789300870.6242518
n,1789300870.7545936,1789300870.818538
t,1789300870.7901142,1789300870.906229
a,1789300871.0065522,1789300871.1723676
i,1789300871.126392,1789300871.1908112
n,1789300871.2943637,1789300871.3844917
s,1789300871.3381975,1789300871.4284954
Key.space,1789300871.4395344,1789300871.5745249
m,1789300871.904318,1789300871.9723747
Key.backspace,1789300872.2600753,1789300872.3524241
b,1789300872.394319,1789300872.4973283
u,1789300872.5224423,1789300872.5520184
Key.backspace,1789300873.015548,1789300873.0612426
Key.backspace,1789300873.1352015,1789300873.214339
n,1789300873.2093127,1789300873.3375447
u,1789300873.3653302,1789300873.4129653
m,1789300873.569327,1789300873.617956
b,1789300873.7554927,1789300873.8183374
e,1789300873.8126364,1789300873.9232733
Key.space,1789300874.091034,1789300874.1455312
r,1789300873.9727612,1789300874.1673322
s,1789300874.3912394,1789300874.492934
Key.backspace,1789300874.7995784,1789300874.8845072
Key.backspace,1789300875.0062382,1789300875.073058
Key.backspace,1789300877.5352087,1789300877.9995174
Key.backspace,1789300878.1633654,1789300878.2630353
Key.backspace,1789300878.3795488,1789300878.4454556
Key.backspace,1789300878.790991,1789300878.87754
t,1789300879.5863628,1789300879.7128491
o,1789300879.7542195,1789300879.825626
Key.space,1789300879.8722262,1789300879.9664984
s,1789300883.924223,1789300884.0423472
Key.space,1789300884.029928,1789300884.1441736
l,1789300884.2663682,1789300884.3623357
i,1789300884.460251,1789300884.5275388
k,1789300884.6703565,1789300884.7546504
e,1789300884.7083151,1789300884.8531122
Key.space,1789300884.8485813,1789300884.9902184
1,1789300886.0244653,1789300886.1463912
",",1789300886.1730037,1789300886.27721
2,1789300886.3102102,1789300886.4489677
",",1789300886.4674468,1789300886.562958
3,1789300886.5785718,1789300886.7154624
",",1789300886.7773643,1789300886.8730874
4,1789300886.847335,1789300886.990916
",",1789300887.1156495,1789300887.2180662
5,1789300887.2275836,1789300887.3574178
",",1789300887.4951534,1789300887.5857275
6,1789300887.5923002,1789300887.7093885
",",1789300887.7890892,1789300887.8995543
7,1789300887.9191675,1789300888.0347114
",",1789300888.2144272,1789300888.3122582
8,1789300888.3410225,1789300888.4566157
",",1789300888.812959,1789300888.888653
9,1789300888.992931,1789300889.0985317
",",1789300890.0488381,1789300890.1886077
0,1789300890.441309,1789300890.454269
.,1789300891.9452825,1789300891.9876142
Key.space,1789300892.1575954,1789300892.2974396
a,1789300893.6946375,1789300893.8746264
s,1789300893.796509,1789300893.9266472
Key.backspace,1789300895.4739916,1789300895.569387
Key.backspace,1789300895.681215,1789300895.7446728
Key.backspace,1789300895.8611302,1789300895.9011908
Key.space,1789300896.4330807,1789300896.5455883
w,1789300896.948649,1789300897.144573
e,1789300897.0966008,1789300897.2329612
Key.space,1789300897.1531065,1789300897.3223188
Key.backspace,1789300897.776057,1789300897.821162
Key.backspace,1789300897.9164002,1789300897.9796329
Key.backspace,1789300898.121251,1789300898.2565312
i,1789300898.4785025,1789300898.5578904
t,1789300898.5545256,1789300898.652092
s,1789300898.718088,1789300898.8619049
n,1789300898.8687754,1789300898.9513354
Key.space,1789300898.845722,1789300898.9763772
o,1789300899.0922558,1789300899.1976075
t,1789300899.156485,1789300899.2954333
Key.space,1789300899.2728252,1789300899.4076037
n,1789300899.737518,1789300899.8213139
e,1789300899.8030457,1789300899.8972554
c,1789300900.0124323,1789300900.1192355
e,1789300900.25297,1789300900.362886
s,1789300900.498835,1789300900.6475794
a,1789300900.6173394,1789300900.731203
r,1789300900.774645,1789300900.8654146
r,1789300900.9611614,1789300901.0531251
y,1789300901.041257,1789300901.1233041
Key.space,1789300901.1694007,1789300901.2956915
t,1789300901.2533834,1789300901.3773696
o,1789300901.3788748,1789300901.472037
Key.space,1789300901.4995334,1789300901.6180615
e,1789300901.8384972,1789300901.9386356
n,1789300901.9727912,1789300902.0446856
Key.space,1789300902.195675,1789300902.2556548
Key.backspace,1789300902.614221,1789300902.7227361
c,1789300902.7643166,1789300902.8623552
o,1789300902.9723659,1789300903.0645654
d,1789300903.4504523,1789300903.5691154
Key.space,1789300903.5620356,1789300903.7836046
t,1789300903.702837,1789300903.8414543
h,1789300903.9332306,1789300904.0189064
e,1789300904.079762,1789300904.2075536
s,1789300904.185609,1789300904.3196907
e,1789300904.286718,1789300904.4086173
Key.space,1789300904.3555145,1789300904.4813342
v,1789300905.6012688,1789300905.6696084
a,1789300905.8330429,1789300905.9330132
l,1789300905.9071681,1789300905.9976668
u,1789300906.179651,1789300906.238321
e,1789300906.2333202,1789300906.3492956
s,1789300906.2821295,1789300906.382193
",",1789300910.8567016,1789300910.9301238
Key.enter,1789300911.0420535,1789300911.144239
Key.shift,1789300911.6942728,1789300912.141004
Key.space,1789300912.1510174,1789300912.2985425
a,1789300914.3496332,1789300914.5375109
s,1789300914.4714727,1789300914.6214
Key.space,1789300914.6113262,1789300914.7847404
t,1789300914.8817542,1789300914.9811525
h,1789300914.9746323,1789300915.0249925
a,1789300915.0600235,1789300915.1776183
t,1789300915.1573834,1789300915.2665875
Key.backspace,1789300915.4866874,1789300915.558573
Key.backspace,1789300915.6624277,1789300915.7195885
Key.backspace,1789300915.8000395,1789300915.8684947
Key.backspace,1789300916.101958,1789300916.1581798
Key.backspace,1789300921.5068412,1789300921.5283806
Key.backspace,1789300923.2973971,1789300923.403115
Key.backspace,1789300923.4674203,1789300923.572965
a,1789300923.6699972,1789300923.8164363
s,1789300923.7580948,1789300923.9084604
Key.space,1789300923.8885639,1789300924.0606003
t,1789300924.0795414,1789300924.1912234
h,1789300924.1657324,1789300924.2383535
s,1789300924.3562176,1789300924.434611
Key.backspace,1789300924.6523957,1789300924.7321038
i,1789300924.814595,1789300924.910432
s,1789300924.890274,1789300925.0096302
Key.space,1789300924.9884036,1789300925.1284301
i,1789300926.861137,1789300926.9498508
s,1789300926.9498508,1789300927.067685
Key.space,1789300927.0394695,1789300927.1674185
n,1789300927.1458476,1789300927.2317042
o,1789300927.3436556,1789300927.4298034
t,1789300927.3930786,1789300927.527562
Key.space,1789300927.4913726,1789300927.647249
a,1789300927.603322,1789300927.755334
Key.space,1789300927.7256796,1789300927.8834615
Key.backspace,1789300928.2184734,1789300928.7243812
Key.backspace,1789300929.1800017,1789300929.2863476
Key.backspace,1789300929.3777275,1789300929.459898
Key.backspace,1789300929.5742216,1789300929.6182957
Key.backspace,1789300929.702022,1789300929.7718232
t,1789300930.0885592,1789300930.1766376
Key.backspace,1789300930.4574075,1789300930.515473
h,1789300930.68105,1789300930.7511983
e,1789300930.75735,1789300930.8711967
Key.space,1789300930.8719969,1789300930.997615
t,1789300931.1775565,1789300931.3075974
a,1789300931.3075974,1789300931.433682
r,1789300931.4457314,1789300931.5768857
g,1789300931.5113304,1789300931.591293
e,1789300931.6613872,1789300931.7573428
t,1789300931.849813,1789300931.9650688
Key.space,1789300931.9475024,1789300932.063067
d,1789300932.2964926,1789300932.3743484
o,1789300932.3712072,1789300932.4454966
e,1789300932.509893,1789300932.622343
s,1789300932.5788403,1789300932.69227
t,1789300932.7520084,1789300932.854542
Key.space,1789300932.8353078,1789300932.9585207
Key.backspace,1789300933.3096726,1789300933.3685677
Key.backspace,1789300933.4384463,1789300933.5446675
Key.backspace,1789300933.6223543,1789300933.670362
s,1789300934.2646163,1789300934.3381157
n,1789300934.3521466,1789300934.4121099
t,1789300934.4792118,1789300934.5872846
Key.space,1789300934.6038902,1789300934.714965
c,1789300934.8262665,1789300934.9555488
o,1789300934.9257116,1789300934.987682
n,1789300935.1095197,1789300935.1754262
t,1789300935.1375473,1789300935.2554815
a,1789300935.3313594,1789300935.507187
Key.backspace,1789300935.7576175,1789300935.849552
a,1789300936.0411556,1789300936.1478314
i,1789300936.151359,1789300936.2056777
n,1789300936.2995195,1789300936.363229
Key.space,1789300936.3274395,1789300936.439497
s,1789300942.078234,1789300942.1524186
t,1789300942.254496,1789300942.30104
r,1789300942.3695185,1789300942.4926434
i,1789300942.4936442,1789300942.564224
n,1789300942.6496186,1789300942.72433
g,1789300942.7263324,1789300942.8344686
Key.space,1789300942.8143945,1789300942.988231
b,1789300942.990224,1789300942.9997828
b,1789300943.020326,1789300943.0752916
a,1789300943.1410334,1789300943.2153838
Key.backspace,1789300943.3665993,1789300943.430337
Key.backspace,1789300943.5164125,1789300943.5921643
Key.backspace,1789300943.6987963,1789300943.7575588
v,1789300944.051141,1789300944.1760018
a,1789300944.1411479,1789300944.2676978
l,1789300944.2235963,1789300944.2917829
u,1789300944.4114923,1789300944.4700224
e,1789300944.4594584,1789300944.6036599
s,1789300944.5097275,1789300944.6434205
Key.shift,1789300945.0710876,1789300945.099355
Key.enter,1789300945.8369126,1789300945.9006305
Key.shift,1789300945.227623,1789300946.12682
h,1789300958.0118861,1789300958.0727515
u,1789300958.1855593,1789300958.2502267
i,1789300958.1900961,1789300958.251227
s,1789300958.2773216,1789300958.3929827
Key.backspace,1789300959.1922011,1789300959.2642658
Key.backspace,1789300959.3301644,1789300959.406761
Key.backspace,1789300959.4840558,1789300959.5901632
i,1789300959.7237213,1789300959.8043664
s,1789300959.8542702,1789300959.9504533
t,1789300960.1717548,1789300960.2864954
o,1789300960.2694132,1789300960.3544197
r,1789300960.3736415,1789300960.4963293
y,1789300960.4984028,1789300960.556469
Key.space,1789300960.6146057,1789300960.7321045
-,1789300960.7810314,1789300960.8481197
Key.space,1789300960.9366221,1789300961.0400972
Key.backspace,1789300961.364611,1789300961.4173656
Key.backspace,1789300961.511186,1789300961.5894654
=,1789300962.0177655,1789300962.0797162
Key.space,1789300962.1272755,1789300962.2850626
m,1789300962.2909818,1789300962.3676214
o,1789300962.4910626,1789300962.5673485
d,1789300962.5513587,1789300962.6333668
d,1789300962.7320614,1789300962.7873495
e,1789300962.7233498,1789300962.7974083
Key.backspace,1789300963.1336818,1789300963.1955295
l,1789300963.4748476,1789300963.5320506
.,1789300963.6744442,1789300963.7481825
f,1789300964.1020317,1789300964.1943133
i,1789300964.1641686,1789300964.2410097
t,1789300964.3045108,1789300964.425569
Key.shift_r,1789300964.7565565,1789300965.1334054
Key.caps_lock,1789300965.1996143,1789300965.3445125
x,1789300965.7300355,1789300965.840893
Key.caps_lock,1789300965.805513,1789300965.9528382
Key.shift_r,1789300965.9346514,1789300966.1752472
t,1789300966.2627747,1789300966.373349
r,1789300966.4321043,1789300966.5774083
a,1789300966.515454,1789300966.6255562
i,1789300966.627557,1789300966.69945
n,1789300966.8275409,1789300966.8757656
",",1789300967.0772383,1789300967.1455462
Key.caps_lock,1789300967.5179396,1789300967.6635847
y,1789300967.8111267,1789300967.8675802
Key.caps_lock,1789300967.8913286,1789300968.0420413
Key.backspace,1789300968.3543785,1789300968.441056
y,1789300968.6127574,1789300968.7244549
Key.shift_r,1789300968.7410054,1789300968.9862654
t,1789300969.039604,1789300969.1542943
r,1789300969.2296383,1789300969.3842044
a,1789300969.3082514,1789300969.4483075
i,1789300969.3741715,1789300969.45443
n,1789300969.782517,1789300969.8589375
",",1789300975.5131085,1789300975.5909657
e,1789300975.759555,1789300975.8833199
p,1789300975.9276154,1789300976.0331898
o,1789300976.1355176,1789300976.2153409
c,1789300976.247532,1789300976.3653042
h,1789300976.3774784,1789300976.437549
s,1789300976.5176876,1789300976.5972815
=,1789300976.9911351,1789300977.0183902
1,1789300977.3611038,1789300977.4544091
0,1789300977.7065356,1789300977.7844756
0,1789300977.8664222,1789300977.9276512
0,1789300978.0184379,1789300978.0745497
",",1789300978.2429078,1789300978.3009439
v,1789300982.5000446,1789300982.5897589
a,1789300982.674287,1789300982.7619822
l,1789300982.7743347,1789300982.8563282
i,1789300983.0428753,1789300983.11627
d,1789300983.3911,1789300983.4844358
a,1789300983.4878695,1789300983.604183
t,1789300983.639195,1789300983.7655725
u,1789300983.8112783,1789300983.8318093
i,1789300983.8017297,1789300983.8473678
o,1789300983.969168,1789300984.0644407
n,1789300984.1113203,1789300984.205465
Key.backspace,1789300984.2910984,1789300984.3532922
Key.backspace,1789300984.4432557,1789300984.509462
Key.backspace,1789300984.5946662,1789300984.679533
n,1789300985.2357967,1789300985.2661746
Key.backspace,1789300985.4713316,1789300985.4913363
o,1789300985.8502102,1789300985.962049
n,1789300985.963195,1789300986.0356984
Key.shift_r,1789300986.3601143,1789300986.6120255
s,1789300986.624476,1789300986.7482207
o,1789300986.7944767,1789300986.838308
p,1789300986.7859113,1789300986.8485432
Key.backspace,1789300987.302019,1789300987.374518
l,1789300987.7564323,1789300987.820927
i,1789300987.9365373,1789300987.9801574
t,1789300988.0054047,1789300988.102953
=,1789300988.3312595,1789300988.396237
0,1789300988.68528,1789300988.7788196
.,1789300988.962875,1789300989.0289974
2,1789300989.0553765,1789300989.1510115
Key.enter,1789300989.8828971,1789300989.9455378
Key.shift,1789300989.6333623,1789300990.0872061
Key.esc,1789300994.1329799,1789300994.2141266
y,1789305958.5471604,1789305958.6293242
Key.space,1789305958.765979,1789305958.8624058
Key.backspace,1789305959.1882899,1789305959.3122892
Key.shift_r,1789305959.384863,1789305959.6128511
p,1789305959.7857637,1789305959.869339
r,1789305959.8969057,1789305959.9915054
b,1789305960.128845,1789305960.2469282
Key.space,1789305960.298868,1789305960.433199
=,1789305960.3745036,1789305960.4843018
Key.space,1789305960.5118935,1789305960.6362
Key.backspace,1789305961.148768,1789305961.2210398
Key.backspace,1789305961.3222728,1789305961.394362
Key.backspace,1789305961.5021331,1789305961.5777254
Key.backspace,1789305961.6816816,1789305961.766154
o,1789305961.9502606,1789305962.0260153
b,1789305962.2118351,1789305962.3304508
Key.space,1789305962.7979658,1789305962.8981912
=,1789305962.930218,1789305962.9662266
Key.space,1789305963.0093248,1789305963.1161878
m,1789305964.106913,1789305964.1789103
o,1789305964.3309789,1789305964.4067698
d,1789305964.4122722,1789305964.454436
e,1789305964.5631235,1789305964.6482484
.,1789305964.6786547,1789305964.7546473
p,1789305964.9277442,1789305964.9895504
r,1789305964.999088,1789305965.0868838
Key.backspace,1789305965.2201471,1789305965.2991683
Key.backspace,1789305965.3768923,1789305965.4662
Key.backspace,1789305965.585182,1789305965.7303808
l,1789305965.9000306,1789305965.9800272
.,1789305966.2062035,1789305966.3061352
r,1789305966.3432038,1789305966.421092
e,1789305966.531616,1789305966.6259725
Key.backspace,1789305966.8759408,1789305966.946025
Key.backspace,1789305967.0212069,1789305967.1001985
p,1789305967.1717777,1789305967.2696548
r,1789305967.2410543,1789305967.3279335
e,1789305967.4271464,1789305967.525891
d,1789305967.6233454,1789305967.7039673
i,1789305967.7661836,1789305967.8242192
c,1789305967.835761,1789305967.934072
t,1789305968.0570383,1789305968.177957
Key.shift_r,1789305968.2250495,1789305968.5731015
Key.caps_lock,1789305969.4502091,1789305969.5644014
x,1789305969.6118596,1789305969.7742746
Key.caps_lock,1789305969.7250018,1789305969.8769426
_,1789305959.515115,1789305971.7644324
Key.shift_r,1789305971.0192142,1789305971.7794974
e,1789305971.9478145,1789305972.061455
s,1789305972.0181627,1789305972.1402664
t,1789305972.1861222,1789305972.290056
Key.backspace,1789305975.9619272,1789305976.0741825
Key.backspace,1789305976.1478057,1789305976.2399676
Key.backspace,1789305976.3479614,1789305976.387921
Key.backspace,1789305976.4607873,1789305976.5519726
t,1789305976.5700936,1789305976.6577635
e,1789305976.7519097,1789305976.9059231
s,1789305976.853844,1789305976.9743354
t,1789305977.0350447,1789305977.1440697
Key.enter,1789305977.4191365,1789305977.4807396
Key.shift,1789305977.3065639,1789305977.5909035
Key.shift_r,1789305980.5031836,1789305980.8641021
p,1789305981.01249,1789305981.1105082
r,1789305981.0677304,1789305981.1659448
e,1789305981.2760453,1789305981.3607965
d,1789305981.458803,1789305981.5750487
Key.space,1789305981.5629616,1789305981.6933935
=,1789305981.6589193,1789305981.7711518
Key.space,1789305981.792168,1789305981.9190137
a,1789305982.341412,1789305982.4730148
r,1789305982.5349486,1789305982.6332493
g,1789305983.1988266,1789305983.3072343
m,1789305983.537577,1789305983.5480735
n,1789305983.4833856,1789305983.5621216
a,1789305983.5340598,1789305983.654106
Key.backspace,1789305983.8919215,1789305983.963388
Key.backspace,1789305984.0340765,1789305984.125805
Key.backspace,1789305984.2448058,1789305984.3043866
n,1789305984.496056,1789305984.5784843
a,1789305984.569824,1789305984.6916986
x,1789305984.7295,1789305984.8891213
Key.backspace,1789305985.3293796,1789305985.36793
Key.backspace,1789305985.4678364,1789305985.5431542
Key.backspace,1789305985.6357305,1789305985.726774
m,1789305986.3607056,1789305986.438477
a,1789305986.428768,1789305986.6362953
Key.space,1789305986.591733,1789305986.7202654
=,1789305990.527381,1789305990.554434
Key.backspace,1789305990.5348666,1789305990.9849758
y,1789305980.363476,1789305991.850843
_,1789305980.7734318,1789305992.161908
Key.shift_r,1789305991.9089568,1789305992.1701667
r,1789305992.4419975,1789305992.4935093
Key.backspace,1789305993.2372868,1789305993.3341546
p,1789305993.399785,1789305993.51323
r,1789305993.4920046,1789305993.6258686
o,1789305993.6619666,1789305993.7380033
b,1789305993.7878842,1789305993.9140832
.,1789305993.9713616,1789305994.0569823
a,1789305994.3321917,1789305994.3619742
t,1789305994.7475085,1789305994.760797
r,1789305994.7123237,1789305994.7804153
Key.backspace,1789305995.3319135,1789305995.4631867
g,1789305995.6015472,1789305995.6873362
m,1789305995.7285082,1789305995.811908
a,1789305995.8569982,1789305995.970985
n,1789305996.02046,1789305996.0683382
Key.backspace,1789305996.3790934,1789305996.4490025
a,1789305996.4289587,1789305996.57094
x,1789305996.812029,1789305996.9362261
Key.backspace,1789305997.1814115,1789305997.2622585
Key.backspace,1789305997.3468146,1789305997.4399035
x,1789305997.4157557,1789305997.5285494
Key.shift_r,1789305997.66723,1789305998.0460734
Key.caps_lock,1789305998.367753,1789305998.4878306
Key.caps_lock,1789305998.5939538,1789305998.7417045
a,1789305999.2007332,1789305999.3544917
x,1789305999.4050093,1789305999.5511053
i,1789305999.5423698,1789305999.642374
s,1789305999.6789837,1789305999.7667913
=,1789306000.2960622,1789306000.3473513
1,1789306000.368881,1789306000.456971
Key.enter,1789306001.024454,1789306001.0943673
|,1789306001.0106652,1789306001.1009028
Key.shift,1789306000.8443673,1789306001.447823
Key.right,1789306004.6186934,1789306004.6989305
Key.backspace,1789306004.9242518,1789306005.0031698
Key.enter,1789306005.258791,1789306005.3223548
Key.shift,1789306005.0468085,1789306005.4808264
y,1789306006.9891315,1789306007.0891201
Key.shift_r,1789306007.2678936,1789306007.4178803
Key.shift_r,1789306007.5597875,1789306007.7908442
p,1789306007.9540281,1789306008.0592082
r,1789306008.0489776,1789306008.1466293
e,1789306008.2334342,1789306008.3120472
d,1789306008.4251769,1789306008.5002735
Key.enter,1789306008.6511037,1789306008.7218359
Key.shift,1789306008.5808904,1789306008.8368292
f,1789306012.76093,1789306012.8487892
r,1789306012.9407604,1789306013.0822563
o,1789306013.0124214,1789306013.093948
m,1789306013.2308109,1789306013.3016458
Key.space,1789306013.3081844,1789306013.468815
s,1789306013.4322777,1789306013.5521986
k,1789306013.5309117,1789306013.594376
l,1789306014.1279802,1789306014.2232268
e,1789306014.231892,1789306014.3473544
a,1789306014.299073,1789306014.4149337
r,1789306014.7770681,1789306014.8519113
n,1789306014.8912706,1789306014.9624758
.,1789306015.2101407,1789306015.2992597
m,1789306015.513384,1789306015.6018634
t,1789306015.7861862,1789306015.947541
Key.backspace,1789306016.2058845,1789306016.284266
e,1789306016.2340991,1789306016.3333662
t,1789306016.4217408,1789306016.5382428
r,1789306016.6157913,1789306016.7504816
i,1789306016.7758062,1789306016.8506145
c,1789306016.8868067,1789306017.030259
s,1789306016.9984775,1789306017.128337
Key.space,1789306017.1209316,1789306017.262243
i,1789306017.2145085,1789306017.2769477
m,1789306017.408952,1789306017.4643786
p,1789306017.6419015,1789306017.703068
o,1789306017.8208551,1789306017.8860815
r,1789306017.8885736,1789306017.9883852
t,1789306018.0686066,1789306018.1368515
Key.space,1789306018.1187904,1789306018.2541733
Key.caps_lock,1789306018.2757576,1789306018.4609106
Key.caps_lock,1789306018.5629544,1789306018.666169
a,1789306018.8044195,1789306018.9118893
c,1789306019.0843391,1789306019.1460686
c,1789306019.2561834,1789306019.3222091
u,1789306019.3930504,1789306019.451109
r,1789306019.5899892,1789306019.7165945
a,1789306019.7120614,1789306019.8357968
c,1789306019.8733313,1789306020.0019753
t,1789306019.968099,1789306020.0232704
Key.backspace,1789306020.405756,1789306020.4860568
y,1789306020.5266566,1789306020.651501
_,1789306007.6961122,1789306021.2487032
Key.shift_r,1789306020.9121938,1789306021.2521043
s,1789306021.2986684,1789306021.3823464
c,1789306021.4451287,1789306021.553072
o,1789306021.5557914,1789306021.6323235
r,1789306021.6645894,1789306021.7688165
e,1789306021.841478,1789306021.9532423
Key.enter,1789306022.1408072,1789306022.2130854
Key.shift,1789306022.037121,1789306022.3240988
p,1789306023.8122065,1789306023.9200335
r,1789306023.9259403,1789306024.0369716
i,1789306024.0541198,1789306024.101806
n,1789306024.2276301,1789306024.3096237
t,1789306024.368521,1789306024.4670641
Key.shift_r,1789306024.6774638,1789306025.0678313
a,1789306025.1598127,1789306025.2877872
c,1789306025.3321116,1789306025.4541864
c,1789306025.5382795,1789306025.6488914
u,1789306025.6220233,1789306025.698912
r,1789306025.7930667,1789306025.9043255
a,1789306025.860999,1789306025.9868248
c,1789306026.0308807,1789306026.16695
t,1789306026.2379036,1789306026.261818
Key.backspace,1789306026.747402,1789306026.862267
y,1789306027.0792394,1789306027.1744099
_,1789306027.6218853,1789306027.7473989
Key.shift_r,1789306027.1880887,1789306027.7524078
s,1789306027.794486,1789306027.8719604
Key.backspace,1789306028.2273738,1789306028.301471
s,1789306028.678009,1789306028.7599492
c,1789306028.873223,1789306028.9823568
o,1789306029.0481532,1789306029.1470337
r,1789306029.1794522,1789306029.2512264
e,1789306029.3608081,1789306029.4397879
Key.shift_r,1789306029.5977817,1789306029.901899
y,1789306030.6918714,1789306030.784647
_,1789306031.0606706,1789306031.1366892
Key.shift_r,1789306030.7891567,1789306031.170877
o,1789306031.343167,1789306031.418771
p,1789306031.3370538,1789306031.4292939
r,1789306031.3409867,1789306031.4413316
Key.backspace,1789306032.0259264,1789306032.1132658
e,1789306032.2770588,1789306032.3861609
d,1789306032.483419,1789306032.5894153
m,1789306032.60353,1789306032.7332976
Key.backspace,1789306033.0517411,1789306033.1571414
",",1789306033.6880147,1789306033.7278337
y,1789306033.9333851,1789306034.0412493
_,1789306034.4860785,1789306034.5880873
Key.shift_r,1789306034.0559914,1789306034.5924342
t,1789306034.6971498,1789306034.7711883
e,1789306034.8909123,1789306034.9950938
s,1789306034.9794576,1789306035.1030989
t,1789306035.1269627,1789306035.2271974
Key.enter,1789306035.546557,1789306035.643119
Key.shift,1789306035.435909,1789306035.7043912
p,1789306048.604461,1789306048.6865342
l,1789306048.7986326,1789306048.8570054
t,1789306048.878911,1789306048.9734528
.,1789306049.0290763,1789306049.1415997
o,1789306049.5101342,1789306049.5566635
p,1789306049.5005457,1789306049.5644891
Key.backspace,1789306050.067846,1789306050.1518147
l,1789306050.491807,1789306050.5480154
o,1789306050.8459873,1789306050.9358573
t,1789306051.0580482,1789306051.1462333
Key.shift_r,1789306051.3420303,1789306051.6846702
h,1789306052.1208797,1789306052.2223775
o,1789306052.2603145,1789306052.3231897
i,1789306052.2507021,1789306052.3299675
s,1789306052.428659,1789306052.5420237
Key.backspace,1789306052.7232301,1789306052.7688622
Key.backspace,1789306052.8622317,1789306052.9350638
s,1789306053.2783356,1789306053.3232777
t,1789306053.4560385,1789306053.5588093
o,1789306053.5810533,1789306053.6610012
r,1789306053.6722324,1789306053.7668667
y,1789306053.8802636,1789306053.9707167
.,1789306054.0914547,1789306054.1963167
h,1789306054.736172,1789306054.8245263
i,1789306054.8175967,1789306054.8941915
s,1789306054.9480908,1789306055.069074
t,1789306055.099381,1789306055.216163
o,1789306055.2677824,1789306055.347373
r,1789306055.3280754,1789306055.449721
y,1789306055.7878776,1789306055.8997664
[,1789306056.6543772,1789306056.743031
l,1789306056.9432604,1789306057.0089586
o,1789306057.131774,1789306057.186912
s,1789306057.285023,1789306057.3750782
s,1789306057.4806387,1789306057.5824425
Key.backspace,1789306058.5478706,1789306058.6273625
Key.backspace,1789306058.7141042,1789306058.793126
Key.backspace,1789306058.8805952,1789306058.9559095
Key.backspace,1789306059.0880213,1789306059.1096685
Key.shift_r,1789306059.428938,1789306059.7717981
l,1789306059.9559793,1789306060.0179937
o,1789306060.1120255,1789306060.1762717
s,1789306060.1496675,1789306060.2272742
s,1789306060.3010414,1789306060.4499478
Key.enter,1789306061.0159316,1789306061.0731175
Key.shift,1789306060.8420987,1789306061.2862048
Key.ctrl_l,1789306063.4001484,1789306063.7579467
Key.enter,1789306064.5119214,1789306064.573424
Key.ctrl_l,1789306064.577436,1789306064.7270546
v,1789306066.5844772,1789306066.6817386
a,1789306066.630943,1789306066.7729769
l,1789306066.8252513,1789306066.9018989
_,1789306067.317692,1789306067.3893383
Key.shift_r,1789306067.144402,1789306067.3988845
Key.up,1789306067.6231525,1789306067.6751766
Key.shift,1789306067.4170256,1789306068.0129972
Key.shift,1789306068.5234284,1789306068.5895777
Key.enter,1789306070.2043076,1789306070.2589238
Key.shift,1789306069.8550942,1789306070.3922694
p,1789306075.5219948,1789306075.623242
l,1789306075.7309701,1789306075.793499
t,1789306075.8294423,1789306075.9218848
.,1789306075.94829,1789306076.039018
p,1789306076.2498841,1789306076.334363
l,1789306076.5530772,1789306076.6298118
o,1789306076.73739,1789306076.804426
t,1789306076.8163254,1789306076.910384
Key.shift_r,1789306077.5861409,1789306077.9390872
h,1789306078.528261,1789306078.6202545
i,1789306078.6172473,1789306078.7110295
s,1789306078.7544034,1789306078.8839085
t,1789306078.970971,1789306079.0788767
o,1789306079.256917,1789306079.3597593
r,1789306079.3332593,1789306079.4550192
y,1789306079.5604923,1789306079.6819425
.,1789306080.2647395,1789306080.3362966
h,1789306080.5594776,1789306080.6375375
i,1789306080.6783483,1789306080.7498868
s,1789306080.7761297,1789306080.877604
t,1789306080.9396555,1789306081.081831
o,1789306081.1040397,1789306081.1817234
r,1789306081.1897962,1789306081.284209
y,1789306081.4179611,1789306081.527939
[,1789306082.001834,1789306082.058891
"""",1789306059.671875,1789306082.5995
Key.shift_r,1789306082.253139,1789306082.6050057
Key.tab,1789306083.7709358,1789306083.860714
,1789306085.652007,1789306085.7443638
,1789306063.6609204,1789306086.3730333
Key.ctrl_l,1789306085.303447,1789306086.4620113
,1789306064.629878,1789306087.5072825
Key.ctrl_l,1789306087.1535976,1789306087.5621564
Key.enter,1789306087.66617,1789306087.7481005
,1789306087.9258738,1789306088.051059
Key.ctrl_l,1789306087.8062472,1789306088.060618
v,1789306090.1718428,1789306090.2770348
a,1789306090.2470524,1789306090.379821
l,1789306090.5682793,1789306090.65409
_,1789306091.056972,1789306091.1337757
Key.shift_r,1789306090.9076216,1789306091.151783
Key.enter,1789306091.401327,1789306091.4841259
Key.shift,1789306091.15984,1789306091.5497022
Key.esc,1789306094.434009,1789306094.526011
p,1789306429.6658978,1789306429.7742271
l,1789306429.8565476,1789306429.929827
t,1789306429.9687657,1789306430.071768
.,1789306430.0859034,1789306430.1742997
i,1789306430.4697564,1789306430.5778751
m,1789306430.6990168,1789306430.7914212
s,1789306430.842955,1789306430.9475737
h,1789306430.9576955,1789306431.035611
o,1789306431.1729014,1789306431.2689586
w,1789306431.2471108,1789306431.366779
Key.shift_r,1789306431.5908258,1789306431.9168177
Key.caps_lock,1789306433.771802,1789306433.918849
x,1789306435.0399692,1789306435.0610554
c,1789306435.0274355,1789306435.0784726
x,1789306435.06589,1789306435.0804708
Key.backspace,1789306435.731481,1789306435.8540785
Key.backspace,1789306436.0208673,1789306436.1365447
x,1789306436.2106087,1789306436.3123126
Key.backspace,1789306436.5847645,1789306436.662187
Key.backspace,1789306436.8042183,1789306436.8739116
x,1789306436.8803797,1789306436.9710028
Key.caps_lock,1789306437.0143092,1789306437.1503973
Key.shift_r,1789306437.1625907,1789306437.5328605
t,1789306437.713669,1789306437.8096228
r,1789306437.8646636,1789306438.0432904
a,1789306437.9813974,1789306438.0510154
i,1789306437.968037,1789306438.0589685
n,1789306438.1701162,1789306438.2313232
Key.backspace,1789306438.57802,1789306438.6623468
Key.backspace,1789306438.89018,1789306438.9739137
Key.backspace,1789306439.1036904,1789306439.1978328
a,1789306439.3541641,1789306439.4677587
i,1789306439.4319007,1789306439.5201926
n,1789306439.6295252,1789306439.6859314
[,1789306440.1191647,1789306440.1966178
],1789306440.326023,1789306440.406019
Key.left,1789306441.3370814,1789306441.4005036
Key.ctrl_r,1789306441.3348079,1789306441.4030073
2,1789306444.9092214,1789306444.9863687
Key.enter,1789306445.4625862,1789306445.5168061
Key.shift,1789306445.1870115,1789306445.6671426
Key.caps_lock,1789306448.2078314,1789306448.3039434
m,1789306450.2450755,1789306450.3442476
Key.backspace,1789306450.658096,1789306450.74677
Key.caps_lock,1789306450.9538927,1789306451.0893557
n,1789306451.1413417,1789306451.2199557
o,1789306451.3672826,1789306451.4620237
d,1789306451.492162,1789306451.551699
Key.backspace,1789306451.6793964,1789306451.739946
Key.backspace,1789306451.8238468,1789306451.9078796
Key.backspace,1789306452.2395875,1789306452.3217711
m,1789306452.4657414,1789306452.5255966
o,1789306452.6719475,1789306452.7383335
d,1789306452.776934,1789306452.821944
e,1789306452.92779,1789306453.0329483
l,1789306453.1928802,1789306453.2706647
.,1789306453.4159832,1789306453.4987264
p,1789306453.638909,1789306453.7176864
r,1789306453.7959926,1789306453.9287562
e,1789306454.0086884,1789306454.0612535
d,1789306454.5303876,1789306454.6384003
i,1789306454.6762033,1789306454.753045
c,1789306454.7585893,1789306454.858761
t,1789306454.9802969,1789306455.1087236
Key.shift_r,1789306455.199916,1789306455.5241346
Key.caps_lock,1789306457.751776,1789306457.9125576
x,1789306457.9230945,1789306458.0818608
Key.caps_lock,1789306458.0362422,1789306458.1637204
Key.shift_r,1789306458.1917741,1789306458.474952
t,1789306458.5366726,1789306458.6377847
e,1789306458.7329493,1789306458.8763728
s,1789306458.8429835,1789306458.964081
t,1789306459.045617,1789306459.1584122
[,1789306459.61988,1789306459.7013774
2,1789306459.739577,1789306459.8576255
],1789306459.8657274,1789306459.95761
.,1789306460.5077515,1789306460.5918298
r,1789306460.709734,1789306460.7894552
e,1789306460.8836164,1789306460.9940336
s,1789306461.0321035,1789306461.1504188
h,1789306461.143972,1789306461.2117422
a,1789306461.2598019,1789306461.363351
p,1789306461.396027,1789306461.4814732
e,1789306461.4940987,1789306461.6116626
Key.shift_r,1789306461.764006,1789306462.0549307
Key.backspace,1789306462.4142506,1789306462.5441973
Key.shift_r,1789306462.7307165,1789306463.0586305
1,1789306463.12462,1789306463.2417104
",",1789306463.4068096,1789306463.50062
2,1789306463.6108057,1789306463.7241876
8,1789306464.75316,1789306464.8180625
",",1789306464.859173,1789306464.9786649
2,1789306465.1041098,1789306465.1893702
8,1789306465.85594,1789306465.9467123
Key.shift_r,1789306470.249122,1789306470.9939783
.,1789306472.116847,1789306472.1902623
a,1789306472.2970703,1789306472.3986294
r,1789306472.4229634,1789306472.529637
g,1789306472.7558799,1789306472.8477683
m,1789306472.9217687,1789306473.0011437
a,1789306473.0035613,1789306473.12601
x,1789306473.2199013,1789306473.3811579
Key.backspace,1789306479.5407667,1789306479.9633737
Key.enter,1789306480.4429202,1789306480.5465827
Key.shift,1789306480.2941384,1789306480.6401737
.,1789306483.6873813,1789306483.7709894
a,1789306484.1232622,1789306484.2419174
n,1789306484.8499796,1789306484.9646995
g,1789306485.114098,1789306485.2307389
Key.backspace,1789306485.7456791,1789306485.815595
Key.backspace,1789306485.8838508,1789306485.9698474
r,1789306485.9813533,1789306486.1093774
g,1789306486.3894494,1789306486.4573698
m,1789306486.7977884,1789306486.8917677
a,1789306486.897902,1789306487.0529816
Key.space,1789306487.0750453,1789306487.1635096
x,1789306487.1058142,1789306487.2230134
Key.backspace,1789306487.5356493,1789306487.6415746
Key.backspace,1789306487.7230196,1789306487.8407655
x,1789306487.814536,1789306487.9384103
Key.shift_r,1789306488.0147161,1789306488.5484366
a,1789306488.663134,1789306488.7717083
x,1789306489.0832129,1789306489.0887346
i,1789306489.2407403,1789306489.296021
s,1789306489.4070933,1789306489.4987829
=,1789306490.6936421,1789306490.7612667
1,1789306490.8372495,1789306490.927795
Key.enter,1789306491.3608978,1789306491.4329815
Key.shift,1789306491.141554,1789306491.4941385
Key.backspace,1789306497.105915,1789306497.2086146
4,1789306497.2266948,1789306497.2963383
Key.backspace,1789306497.6567419,1789306497.742868
Key.backspace,1789306497.8499548,1789306497.8887556
[,1789306498.9089558,1789306498.983686
1,1789306499.0058103,1789306499.1013365
Key.enter,1789306499.6157687,1789306499.6979818
Key.shift,1789306499.3707817,1789306499.8430433
Key.backspace,1789306501.094505,1789306501.1757622
Key.enter,1789306501.8717632,1789306501.937106
Key.shift,1789306501.7483373,1789306502.0763965
Key.backspace,1789306504.5337193,1789306504.60283
1,1789306504.5777748,1789306504.662176
Key.enter,1789306505.1758149,1789306505.2858977
Key.shift,1789306504.9194643,1789306506.1883194
Key.backspace,1789306513.465643,1789306513.515704
Key.backspace,1789306513.5976002,1789306513.6688652
e,1789306513.6960158,1789306513.8278837
s,1789306513.797753,1789306513.8912907
t,1789306513.9609995,1789306514.0896728
Key.enter,1789306514.3899527,1789306514.464082
Key.enter,1789306515.2177277,1789306515.2728598
Key.shift,1789306514.2419128,1789306516.088696
Key.backspace,1789306518.169328,1789306518.247498
3,1789306518.5097678,1789306518.609855
Key.backspace,1789306520.7148616,1789306520.8028247
3,1789306520.8459332,1789306520.952074
Key.enter,1789306521.2877376,1789306521.373312
Key.shift,1789306521.1072206,1789306521.6192243
Key.enter,1789306523.766892,1789306523.8086681
Key.enter,1789306524.2720187,1789306524.3729668
Key.shift,1789306523.4213262,1789306524.6719944
Key.esc,1789306525.9731264,1789306526.0606003
[,1789334169.9911954,1789334170.075215
Key.shift_r,1789334170.2263243,1789334170.4347637
r,1789334170.7289774,1789334170.8076751
e,1789334171.123031,1789334171.2066734
Key.tab,1789334171.3855624,1789334171.4654274
Key.backspace,1789334172.8230793,1789334173.445489
Key.backspace,1789334173.7309783,1789334173.8069324
p,1789334173.9508505,1789334174.0511556
r,1789334174.0366805,1789334174.1130977
e,1789334174.1988056,1789334174.3288383
s,1789334174.298961,1789334174.510141
e,1789334174.4482064,1789334174.5303926
Key.shift_r,1789334174.700507,1789334174.9006367
t,1789334175.3877444,1789334175.461381
Key.backspace,1789334175.6229029,1789334175.7016115
Key.backspace,1789334175.7647514,1789334175.8567157
Key.backspace,1789334175.9269295,1789334176.0620227
s,1789334176.069429,1789334176.153821
Key.shift_r,1789334176.491811,1789334176.7419324
t,1789334177.2762845,1789334177.3876183
i,1789334177.3783777,1789334177.4475095
m,1789334177.5512836,1789334177.6103013
e,1789334177.6083698,1789334177.7156808
Key.right,1789334178.1577816,1789334178.2673984
Key.left,1789334178.879661,1789334178.9745753
Key.shift_r,1789334179.4765303,1789334179.666715
Key.right,1789334180.021062,1789334180.1214077
Key.enter,1789334180.28263,1789334180.3506677
d,1789334188.2348616,1789334188.3585055
f,1789334188.44081,1789334188.5437949
Key.space,1789334188.5590007,1789334188.6847754
=,1789334188.816756,1789334188.8804452
Key.space,1789334188.8829515,1789334189.0132442
d,1789334188.975544,1789334189.0973294
f,1789334189.2413573,1789334189.2995546
f,1789334189.3045814,1789334189.3147507
Key.backspace,1789334190.3954077,1789334190.4330218
Key.shift_r,1789334197.083634,1789334197.1454263
[,1789334197.5255563,1789334197.597357
(,1789334197.9905066,1789334198.0647314
Key.shift_r,1789334197.7172434,1789334198.0928295
d,1789334198.4906738,1789334198.5927684
f,1789334198.6844225,1789334198.810588
[,1789334201.7045925,1789334201.7783408
Key.shift_r,1789334201.9197543,1789334202.1074026
Key.tab,1789334203.4329088,1789334203.5567458
Key.right,1789334204.8096745,1789334204.915323
Key.shift_r,1789334205.3815234,1789334205.5730486
0,1789334205.842407,1789334205.9014673
Key.right,1789334206.5198143,1789334206.6028945
Key.space,1789334209.6413672,1789334209.7619097
Key.shift,1789334209.7554293,1789334210.15996
Key.space,1789334210.2230124,1789334210.3777235
Key.shift_r,1789334214.900156,1789334215.236496
d,1789334215.3121693,1789334215.4395213
f,1789334215.509092,1789334215.6257374
[,1789334215.6664908,1789334215.7544358
Key.shift_r,1789334215.9897664,1789334216.2917883
d,1789334216.9783833,1789334217.0865593
w,1789334217.1783392,1789334217.3030415
e,1789334217.2868235,1789334217.4147637
l,1789334217.4546106,1789334217.507355
l,1789334217.5678914,1789334217.6828012
Key.right,1789334220.621611,1789334220.7311826
Key.right,1789334220.9374378,1789334221.0175328
<,1789334221.7578309,1789334221.8228195
Key.shift_r,1789334221.5354426,1789334221.8507044
Key.space,1789334221.9829197,1789334222.092833
Key.caps_lock,1789334222.173311,1789334222.3228526
m,1789334222.3046613,1789334222.4256082
a,1789334222.7947857,1789334222.8944182
x,1789334223.098619,1789334223.220791
Key.shift_r,1789334223.4528208,1789334223.6726265
v,1789334223.7893069,1789334223.914642
l,1789334224.0114355,1789334224.094392
a,1789334223.969529,1789334224.1003964
i,1789334224.2113938,1789334224.2799594
d,1789334224.3183777,1789334224.3846874
Key.shift_r,1789334224.6622176,1789334224.9218447
t,1789334225.0401647,1789334225.1330416
i,1789334225.1245105,1789334225.185688
m,1789334225.296161,1789334225.362095
e,1789334225.357658,1789334225.4315646
Key.right,1789334226.3085093,1789334226.3830943
Key.right,1789334226.5827265,1789334226.6814942
Key.enter,1789334226.9146268,1789334226.988815
d,1789334247.0667577,1789334247.163036
f,1789334247.2603016,1789334247.334406
Key.space,1789334247.2915666,1789334247.4447434
=,1789334247.4653606,1789334247.5407887
Key.space,1789334247.5830634,1789334247.7091002
d,1789334247.71017,1789334247.81058
Key.backspace,1789334248.0153904,1789334248.1140425
Key.backspace,1789334248.175378,1789334248.2587252
Key.backspace,1789334248.3412445,1789334248.4146318
Key.backspace,1789334248.5012772,1789334248.5776098
Key.backspace,1789334248.683156,1789334248.7575045
Key.backspace,1789334248.8416932,1789334248.9331818
Key.caps_lock,1789334248.920153,1789334249.0345697
d,1789334249.1963944,1789334249.2963908
f,1789334249.509785,1789334249.6677222
Key.space,1789334249.6657217,1789334249.8374856
-,1789334249.778111,1789334249.855304
Key.space,1789334249.9354954,1789334250.0075405
Key.backspace,1789334250.155449,1789334250.2337444
Key.backspace,1789334250.3122463,1789334250.4340262
=,1789334250.5291348,1789334250.6189892
Key.space,1789334250.6369827,1789334250.7686634
d,1789334250.794045,1789334250.9297462
f,1789334251.0185144,1789334251.1263378
.,1789334251.1809766,1789334251.2828043
Key.tab,1789334252.0768237,1789334252.1765563
Key.shift_r,1789334256.1161792,1789334256.5065918
d,1789334256.5408018,1789334256.6428761
o,1789334256.7705011,1789334256.8710613
r,1789334256.7346146,1789334256.8770795
p,1789334256.9673119,1789334257.0608559
Key.caps_lock,1789334257.2181673,1789334257.3028898
=,1789334257.5828102,1789334257.6815119
t,1789334258.2053828,1789334258.3028681
Key.caps_lock,1789334258.401208,1789334258.537425
r,1789334258.5596302,1789334258.6692376
u,1789334258.6635227,1789334258.739535
e,1789334258.7712276,1789334258.891323
Key.right,1789334259.3759475,1789334259.4986684
Key.enter,1789334269.1315234,1789334269.2180603
d,1789334269.3014073,1789334269.4015882
f,1789334269.4777918,1789334269.5916986
Key.backspace,1789334270.0405278,1789334270.1191084
Key.backspace,1789334270.4966903,1789334270.5327373
Key.enter,1789334270.7257547,1789334270.8210557
d,1789334270.8820603,1789334270.9529676
f,1789334271.0555513,1789334271.1363437
[,1789334271.64849,1789334271.727103
Key.shift_r,1789334271.951031,1789334272.2260551
f,1789334272.5004609,1789334272.5810916
l,1789334272.5736635,1789334272.6543362
i,1789334272.779275,1789334272.8620656
g,1789334272.9013715,1789334272.9738624
h,1789334273.0327702,1789334273.0931413
t,1789334273.0803397,1789334273.1785069
Key.right,1789334273.6055639,1789334273.7106771
Key.right,1789334273.7755108,1789334273.8655717
Key.space,1789334273.9399333,1789334274.0517843
=,1789334274.2273166,1789334274.2813697
Key.space,1789334274.3008442,1789334274.3936586
d,1789334282.8443274,1789334282.930279
f,1789334283.0156229,1789334283.1056187
[,1789334283.2345953,1789334283.3256383
Key.shift_r,1789334283.4693925,1789334283.6879659
[,1789334283.8911314,1789334284.0062802
r,1789334284.0082803,1789334284.0876176
e,1789334284.1793652,1789334284.3136358
s,1789334284.273436,1789334284.4119148
e,1789334284.4529407,1789334284.4690368
s,1789334284.4284983,1789334284.5327208
Key.backspace,1789334284.6783283,1789334284.7446415
Key.backspace,1789334284.8507657,1789334284.9091568
Key.backspace,1789334284.9862602,1789334285.0829499
Key.backspace,1789334285.1506448,1789334285.2308624
Key.backspace,1789334285.320841,1789334285.382537
Key.backspace,1789334285.452782,1789334285.5613728
p,1789334285.6573794,1789334285.7594976
r,1789334285.7327898,1789334285.8303714
e,1789334285.9186816,1789334286.0505958
s,1789334286.0063605,1789334286.1263015
s,1789334286.1845064,1789334286.2891808
Key.shift_r,1789334286.4000444,1789334286.6929564
t,1789334286.7882774,1789334286.894599
i,1789334286.8877435,1789334286.9619646
m,1789334287.1010861,1789334287.212127
e,1789334287.201602,1789334287.312254
Key.right,1789334290.310818,1789334290.3647373
Key.right,1789334290.4502964,1789334290.5245004
.,1789334291.146066,1789334291.2229335
s,1789334291.3123624,1789334291.4013748
h,1789334291.555382,1789334291.635581
i,1789334291.648607,1789334291.7157104
f,1789334291.7802215,1789334291.869939
t,1789334291.9561865,1789334292.0746653
(,1789334215.1395879,1789334293.252869
Key.shift_r,1789334292.6932833,1789334293.2875617
-,1789334293.6063445,1789334293.6837053
1,1789334293.7073472,1789334293.7907364
Key.right,1789334294.186516,1789334294.3023095
Key.space,1789334294.658467,1789334294.7613568
-,1789334294.9830894,1789334295.0398524
Key.space,1789334295.047893,1789334295.110354
d,1789334297.825329,1789334297.895513
f,1789334297.98932,1789334298.0912793
[,1789334298.3755643,1789334298.4476452
Key.shift_r,1789334298.5771108,1789334298.8384812
r,1789334298.9392054,1789334299.0410225
e,1789334299.122873,1789334299.2554135
Key.tab,1789334299.8663166,1789334299.9506414
Key.right,1789334300.8647385,1789334300.9665887
Key.enter,1789334301.1295373,1789334301.2082794
d,1789334306.451993,1789334306.5322635
f,1789334306.6181262,1789334306.7027018
.,1789334306.8215203,1789334306.8879068
l,1789334307.052772,1789334307.1119745
o,1789334307.2056537,1789334307.260198
c,1789334307.279703,1789334307.406344
[,1789334310.832056,1789334310.901153
l,1789334311.201853,1789334311.2680721
e,1789334311.3158634,1789334311.4208808
n,1789334311.450581,1789334311.501455
Key.shift_r,1789334311.8199122,1789334312.302948
d,1789334312.3413062,1789334312.4080937
f,1789334312.505413,1789334312.607437
Key.right,1789334315.982889,1789334316.0444593
-,1789334316.6318612,1789334316.701552
1,1789334316.822113,1789334316.927367
",",1789334317.2160056,1789334317.271637
Key.space,1789334317.6958947,1789334317.7731175
Key.shift_r,1789334317.829636,1789334318.034744
f,1789334318.3406987,1789334318.4505918
l,1789334318.4330513,1789334318.5167046
i,1789334318.6188967,1789334318.7005494
g,1789334318.6875365,1789334318.7769294
h,1789334318.8548422,1789334318.9207635
t,1789334318.8826685,1789334318.971103
Key.space,1789334322.2478468,1789334322.352881
=,1789334322.9555473,1789334323.0167038
Key.space,1789334323.146529,1789334323.2584882
n,1789334323.5095062,1789334323.6238146
p,1789334323.6345794,1789334323.7106483
",",1789334323.8687146,1789334323.9427614
Key.backspace,1789334324.3888366,1789334324.4544644
.,1789334324.6186295,1789334324.697706
m,1789334325.1429,1789334325.2005632
Key.backspace,1789334325.413619,1789334325.50768
n,1789334325.6593037,1789334325.7638278
a,1789334325.8356822,1789334325.9331017
n,1789334325.9730868,1789334326.0520742
Key.enter,1789334326.3664598,1789334326.4430163
Key.enter,1789334327.470988,1789334327.529759
r,1789334352.1260655,1789334352.1622646
e,1789334352.124683,1789334352.1657953
Key.backspace,1789334352.646894,1789334352.750593
Key.backspace,1789334352.8646796,1789334352.9445875
r,1789334352.9880323,1789334353.0827513
e,1789334353.1866972,1789334353.2129626
t,1789334353.3587823,1789334353.4688225
u,1789334353.4587998,1789334353.516761
r,1789334353.5646772,1789334353.7133257
b,1789334353.6577797,1789334353.7148297
Key.space,1789334353.8106065,1789334353.8845835
Key.backspace,1789334354.0664158,1789334354.13616
Key.backspace,1789334354.216787,1789334354.3045645
n,1789334354.4087484,1789334354.4987671
Key.space,1789334354.81194,1789334354.90158
d,1789334355.3331804,1789334355.43976
f,1789334355.5359354,1789334355.6538613
d,1789334363.6752994,1789334363.7447517
e,1789334363.832871,1789334363.9086285
r,1789334364.0135653,1789334364.1528845
Key.backspace,1789334364.3746567,1789334364.4688883
f,1789334364.4507592,1789334364.5718012
Key.space,1789334364.5437086,1789334364.6858284
e,1789334364.7594974,1789334364.8781068
x,1789334365.235483,1789334365.2682548
t,1789334365.5062141,1789334365.5965178
r,1789334366.3856394,1789334366.4630005
a,1789334366.519361,1789334366.6772232
c,1789334366.867515,1789334366.968794
t,1789334367.0793443,1789334367.1807013
Key.shift_r,1789334367.8415313,1789334368.070901
f,1789334368.8364763,1789334368.921471
e,1789334369.0329232,1789334369.1584337
a,1789334369.1629958,1789334369.289808
t,1789334369.3252373,1789334369.4620128
u,1789334369.445567,1789334369.5155237
e,1789334369.5976524,1789334369.7817526
s,1789334369.7075975,1789334369.851704
Key.backspace,1789334370.2394862,1789334370.295545
Key.backspace,1789334370.3753428,1789334370.4746532
r,1789334370.4575675,1789334370.5603268
u,1789334370.8456988,1789334370.8814974
e,1789334370.9021368,1789334371.052896
s,1789334370.9911723,1789334371.097495
Key.backspace,1789334371.2197423,1789334371.2975636
Key.backspace,1789334371.377544,1789334371.4536238
Key.backspace,1789334371.534106,1789334371.6158447
e,1789334371.5633385,1789334371.6953633
s,1789334371.6368494,1789334371.759256
Key.shift_r,1789334375.9211195,1789334376.3008754
w,1789334376.3920565,1789334376.4851406
i,1789334376.491154,1789334376.5766964
n,1789334376.6865969,1789334376.7682736
d,1789334376.7821796,1789334376.866796
i,1789334376.896492,1789334376.978874
w,1789334377.0174334,1789334377.1339247
Key.backspace,1789334377.238754,1789334377.3254952
Key.backspace,1789334377.4067006,1789334377.4965124
o,1789334377.5963686,1789334377.670562
w,1789334377.6910045,1789334377.7802565
Key.right,1789334378.1824048,1789334378.2964926
Key.shift_r,1789334378.564667,1789334378.8107882
Key.enter,1789334378.9212902,1789334378.9720802
d,1789334381.5298264,1789334381.6103756
u,1789334381.7727776,1789334381.8391912
r,1789334381.8526912,1789334381.9708643
a,1789334381.9487214,1789334382.0620635
t,1789334382.1057417,1789334382.2171166
i,1789334382.1425674,1789334382.230625
o,1789334382.325421,1789334382.413028
n,1789334382.3828714,1789334382.486088
Key.space,1789334382.6122622,1789334382.7106943
=,1789334382.76183,1789334382.8411858
Key.space,1789334382.864694,1789334382.9854527
w,1789334383.0132346,1789334383.1372216
i,1789334383.1044297,1789334383.176781
n,1789334383.2962444,1789334383.3689756
d,1789334383.391042,1789334383.4852376
o,1789334383.5426414,1789334383.618386
w,1789334383.693751,1789334383.775307
[,1789334386.174516,1789334386.2542536
Key.shift_r,1789334386.3846662,1789334386.5927432
r,1789334386.6552463,1789334386.76074
e,1789334386.8254843,1789334386.8953946
l,1789334386.9643974,1789334387.0491917
e,1789334386.9982314,1789334387.1373377
a,1789334387.172996,1789334387.3809528
s,1789334387.2988076,1789334387.4245067
e,1789334387.3823452,1789334387.462661
Key.backspace,1789334387.5142045,1789334387.5947752
Key.backspace,1789334387.6606703,1789334387.7290022
s,1789334388.242664,1789334388.330439
e,1789334388.3006828,1789334388.424852
Key.shift_r,1789334388.6694558,1789334388.9600315
t,1789334389.0677035,1789334389.1818216
i,1789334389.1557837,1789334389.2176907
m,1789334389.3095164,1789334389.3858683
e,1789334389.3575156,1789334389.460667
Key.right,1789334393.3371127,1789334393.4815588
Key.right,1789334393.5759225,1789334393.6618886
.,1789334394.245861,1789334394.3097432
i,1789334394.5506058,1789334394.615521
l,1789334394.7413597,1789334394.7978857
o,1789334394.8917804,1789334394.9472978
c,1789334394.9679255,1789334395.0937808
[,1789334397.616718,1789334397.6802778
-,1789334398.3038015,1789334398.3878636
1,1789334398.4516718,1789334398.5613673
],1789334398.8596923,1789334398.933015
Key.space,1789334401.1124299,1789334401.216356
-,1789334401.4183362,1789334401.4927523
Key.space,1789334401.5213418,1789334401.6187394
w,1789334401.6288323,1789334401.7572966
i,1789334401.7043612,1789334401.77445
n,1789334401.8727508,1789334401.960823
d,1789334401.974464,1789334402.0689173
o,1789334402.124531,1789334402.2203925
w,1789334402.1928341,1789334402.2927296
[,1789334402.6864765,1789334402.7507803
Key.shift_r,1789334402.9103732,1789334403.1476161
o,1789334403.3537555,1789334403.4476874
Key.backspace,1789334403.8678858,1789334403.945562
p,1789334403.9943218,1789334404.105519
r,1789334404.08911,1789334404.1752858
e,1789334404.2697651,1789334404.3944275
s,1789334404.3783844,1789334404.4357142
e,1789334404.5336387,1789334404.5619252
s,1789334404.5054817,1789334404.6198173
Key.shift_r,1789334404.8401365,1789334405.0917528
Key.backspace,1789334405.5275407,1789334405.5928824
Key.backspace,1789334405.6907835,1789334405.7529287
s,1789334406.1297562,1789334406.2084405
_,1789334174.8345075,1789334406.636749
Key.shift_r,1789334406.3165405,1789334406.6465435
t,1789334406.7987506,1789334406.914352
i,1789334406.9015784,1789334406.9808662
m,1789334407.0918026,1789334407.16076
e,1789334407.1632853,1789334407.258704
Key.right,1789334409.6614146,1789334409.759679
Key.right,1789334409.9744444,1789334410.0457482
.,1789334411.1934721,1789334411.2328951
i,1789334411.6094348,1789334411.66931
l,1789334411.7967987,1789334411.8526258
o,1789334411.9528818,1789334412.0091233
c,1789334412.0389364,1789334412.148787
[,1789334413.1815686,1789334413.2814806
0,1789334413.7828677,1789334413.8810925
],1789334414.0314028,1789334414.0782967
Key.enter,1789334414.6577344,1789334414.7515256
n,1789334418.1179836,1789334418.1981838
Key.shift_r,1789334418.2528336,1789334418.4857187
k,1789334418.6758053,1789334418.7736893
e,1789334418.840133,1789334418.9476023
y,1789334419.0773785,1789334419.187146
s,1789334419.4130232,1789334419.539698
Key.space,1789334419.5436246,1789334419.6818748
=,1789334419.701418,1789334419.8025463
Key.space,1789334419.8254461,1789334419.941185
l,1789334422.9603546,1789334423.05727
e,1789334423.0901535,1789334423.1808095
n,1789334423.1895325,1789334423.2546928
Key.shift_r,1789334423.4437115,1789334423.7855191
w,1789334423.9512174,1789334424.0594397
i,1789334425.2310243,1789334425.2912478
n,1789334425.4113462,1789334425.4846165
d,1789334425.5084076,1789334425.5947483
o,1789334425.648942,1789334425.7270498
w,1789334425.680312,1789334425.7887084
Key.right,1789334426.454346,1789334426.5288265
Key.enter,1789334426.6631596,1789334426.7274857
\,1789334431.9567208,1789334431.9927652
Key.enter,1789334431.9547074,1789334432.003057
v,1789334432.082961,1789334432.1589224
v,1789334432.4929485,1789334432.5756173
a,1789334432.6275496,1789334432.7596192
Key.backspace,1789334432.9019651,1789334432.9753845
Key.backspace,1789334433.0623133,1789334433.139255
Key.backspace,1789334433.2337692,1789334433.3054338
Key.backspace,1789334433.5795994,1789334433.6395965
v,1789334433.6817255,1789334433.7875369
a,1789334433.8136106,1789334433.935745
l,1789334433.883749,1789334433.976322
i,1789334434.0929105,1789334434.1578233
d,1789334434.1776786,1789334434.266795
Key.shift_r,1789334434.4619358,1789334434.9017513
f,1789334435.0062976,1789334435.104506
k,1789334435.1743498,1789334435.1947618
l,1789334435.1702738,1789334435.204463
Key.backspace,1789334435.6255043,1789334435.670815
i,1789334436.100504,1789334436.18841
g,1789334436.256581,1789334436.3306806
h,1789334436.3588262,1789334436.4128506
t,1789334436.4443579,1789334436.5405087
s,1789334436.5630748,1789334436.7251973
Key.space,1789334436.7145705,1789334436.858527
=,1789334436.8212512,1789334436.904341
Key.space,1789334436.9687643,1789334437.0762603
d,1789334437.5053742,1789334437.5828662
f,1789334437.6918435,1789334437.7764263
[,1789334437.9878557,1789334438.0538056
Key.shift_r,1789334438.1798387,1789334438.3976064
f,1789334438.7485642,1789334438.8799112
l,1789334438.82435,1789334438.9171999
i,1789334439.0375094,1789334439.1157427
g,1789334441.4095688,1789334441.486451
h,1789334441.4768858,1789334441.538801
t,1789334442.0719018,1789334442.1794105
Key.right,1789334442.4058504,1789334442.4891918
Key.right,1789334442.5753825,1789334442.6776755
w,1789334448.2921963,1789334448.4262848
i,1789334448.3857994,1789334448.4601645
n,1789334448.5557463,1789334448.6277127
d,1789334448.651317,1789334448.732778
o,1789334448.7898612,1789334448.8444827
w,1789334448.9164522,1789334448.9912195
.,1789334450.4570856,1789334450.5369275
d,1789334450.5670114,1789334450.6354582
r,1789334450.7562823,1789334450.9108262
o,1789334451.010714,1789334451.0765176
p,1789334451.158517,1789334451.249391
n,1789334451.3927221,1789334451.4693632
a,1789334451.4916916,1789334451.5816994
],1789334451.8318024,1789334451.9121017
Key.backspace,1789334452.2076283,1789334452.265616
Key.enter,1789334452.4875698,1789334452.5602214
Key.shift_r,1789334456.1216853,1789334456.386986
Key.enter,1789334456.6862736,1789334456.7406764
Key.down,1789334458.0553207,1789334458.183808
Key.backspace,1789334458.429333,1789334458.5359292
v,1789334462.2955592,1789334462.412853
a,1789334462.386277,1789334462.5227888
l,1789334463.592721,1789334463.6992311
i,1789334463.814317,1789334463.874404
d,1789334463.9307237,1789334464.0309644
Key.shift_r,1789334464.315562,1789334464.6105947
f,1789334464.792928,1789334464.9147873
l,1789334464.905344,1789334464.9805834
i,1789334465.0896127,1789334465.1594272
g,1789334465.1684828,1789334465.234401
y,1789334465.3911102,1789334465.470654
t,1789334465.3820217,1789334465.474658
h,1789334465.5408773,1789334465.6044936
Key.backspace,1789334465.8913038,1789334465.980938
Key.backspace,1789334466.0736084,1789334466.184706
Key.backspace,1789334466.6498325,1789334466.7573936
Key.backspace,1789334467.1053002,1789334467.1913426
g,1789334467.699602,1789334467.7869499
h,1789334467.8876905,1789334467.9615052
t,1789334467.996403,1789334468.0529087
s,1789334468.692319,1789334468.7927668
Key.space,1789334468.826629,1789334468.9608154
=,1789334468.9830093,1789334469.0632994
Key.space,1789334469.3820524,1789334469.4630349
Key.ctrl_l,1789334480.1284065,1789334480.4804974
Key.ctrl_l,1789334480.9686213,1789334481.153674
[,1789334484.112159,1789334484.182782
(,1789334312.2357848,1789334485.8930058
Key.shift_r,1789334485.066663,1789334485.9044366
Key.ctrl_l,1789334485.97611,1789334486.2457597
Key.space,1789334488.836348,1789334488.899011
Key.shift_r,1789334488.968718,1789334489.2253034
=,1789334489.564508,1789334489.6374161
0,1789334489.7981973,1789334489.8684926
Key.space,1789334490.2827134,1789334490.3407497
Key.right,1789334493.2205029,1789334493.3568313
Key.space,1789334493.3888443,1789334493.5109243
&,1789334210.1259658,1789334494.9928043
Key.shift,1789334493.7966638,1789334495.0567555
Key.space,1789334495.1261957,1789334495.240729
Key.shift_r,1789334498.3967438,1789334498.7455535
Key.ctrl_l,1789334498.9144433,1789334499.2888935
<,1789334500.1015067,1789334500.2123804
Key.shift_r,1789334499.7886305,1789334500.2210104
Key.caps_lock,1789334500.3044226,1789334500.4547575
m,1789334500.7555723,1789334500.8496523
a,1789334500.8914988,1789334501.0828815
x,1789334501.0259442,1789334501.165583
Key.shift_r,1789334503.314284,1789334503.7665706
v,1789334503.8484867,1789334503.974654
a,1789334503.9667332,1789334504.0885806
l,1789334504.0574646,1789334504.1330054
i,1789334504.2527673,1789334504.3203135
d,1789334504.3265767,1789334504.4072971
Key.shift_r,1789334504.6769586,1789334504.924308
t,1789334505.0274124,1789334505.1286788
i,1789334505.1515515,1789334505.2134738
m,1789334505.4960377,1789334505.5898557
e,1789334505.637308,1789334505.72436
Key.right,1789334506.2231226,1789334506.2875907
Key.right,1789334506.3846252,1789334506.447396
Key.enter,1789334506.64975,1789334506.7036436
b,1789334518.1408904,1789334518.2606957
a,1789334518.3083699,1789334518.4443185
c,1789334518.4868069,1789334518.6360707
k,1789334518.660573,1789334518.7583733
Key.backspace,1789334518.9373665,1789334519.005578
Key.backspace,1789334519.0925791,1789334519.164682
Key.backspace,1789334519.29267,1789334519.3716302
Key.caps_lock,1789334519.5817494,1789334519.7037003
Key.backspace,1789334519.7047005,1789334519.787658
b,1789334520.1757023,1789334520.2573564
a,1789334520.2479012,1789334520.3716123
c,1789334520.3925235,1789334520.5198088
k,1789334520.5594044,1789334520.6483924
s,1789334520.7371762,1789334520.85932
p,1789334520.8894205,1789334520.994256
a,1789334520.96319,1789334521.053556
c,1789334521.0729458,1789334521.1873603
e,1789334521.2895503,1789334521.4597604
Key.space,1789334521.4778333,1789334521.525906
Key.backspace,1789334521.832994,1789334521.9007945
Key.shift_r,1789334522.1629379,1789334522.4285924
c,1789334522.4604824,1789334522.5751553
o,1789334522.598605,1789334522.7142382
u,1789334522.8206174,1789334522.8944533
n,1789334523.0007026,1789334523.0827985
t,1789334523.0265312,1789334523.1364486
Key.space,1789334523.18884,1789334523.322959
=,1789334523.610443,1789334523.7007442
Key.space,1789334523.7506967,1789334523.8542874
Key.shift_r,1789334527.7327538,1789334528.019082
w,1789334528.0985956,1789334528.2074902
i,1789334528.1829212,1789334528.2698267
n,1789334528.3747184,1789334528.4670384
d,1789334528.5506685,1789334528.6682117
o,1789334528.7271442,1789334528.8027816
w,1789334528.8228192,1789334528.9209256
[,1789334531.4228811,1789334531.505458
Key.shift_r,1789334531.6265771,1789334531.7989912
k,1789334531.9712517,1789334532.0632505
e,1789334532.0776098,1789334532.1604018
_,1789334418.4284818,1789334532.6012685
Key.shift_r,1789334532.3225532,1789334532.6093
i,1789334532.7512121,1789334532.8406873
d,1789334532.8873084,1789334532.988218
Key.right,1789334535.7296047,1789334535.8232057
Key.right,1789334535.9925404,1789334536.064324
Key.space,1789334536.6620045,1789334536.7492256
=,1789334536.9505355,1789334537.0053537
=,1789334537.0729928,1789334537.1530054
Key.space,1789334537.1655822,1789334537.246346
Key.shift_r,1789334537.9930246,1789334538.2207716
Key.caps_lock,1789334540.6753306,1789334540.802976
k,1789334541.0665295,1789334541.1509001
Key.caps_lock,1789334541.160428,1789334541.3027937
e,1789334541.3145778,1789334541.4427977
y,1789334532.2846098,1789334541.4885418
.,1789334542.7629776,1789334542.821621
b,1789334543.0686142,1789334543.1427848
a,1789334543.10444,1789334543.2142758
c,1789334543.2843573,1789334543.410769
k,1789334543.4276896,1789334543.5132363
s,1789334543.6677754,1789334543.712341
a,1789334543.9463966,1789334544.0827897
Key.backspace,1789334544.3157504,1789334544.3959818
p,1789334544.6157143,1789334544.71954
a,1789334544.7312129,1789334544.8602757
c,1789334544.8962016,1789334544.977243
e,1789334545.1076438,1789334545.1879656
.,1789334548.8375084,1789334548.93744
s,1789334549.0128338,1789334549.088615
u,1789334549.1819317,1789334549.2525885
m,1789334549.3715315,1789334549.4547298
(,1789334498.6916938,1789334550.0362735
),1789334456.359382,1789334550.2236178
Key.shift_r,1789334549.6636672,1789334550.2413805
Key.enter,1789334551.312832,1789334551.362963
Key.enter,1789334551.692941,1789334551.7325711
Key.ctrl_l,1789334559.3734987,1789334559.590029
Key.ctrl_l,1789334560.7942958,1789334561.2605374
Key.backspace,1789334563.6977994,1789334563.7695458
d,1789334588.1536844,1789334588.2508125
e,1789334589.0810323,1789334589.1597269
f,1789334589.309633,1789334589.3736799
Key.space,1789334589.6223063,1789334589.762509
v,1789334589.9062064,1789334590.050901
Key.backspace,1789334590.3143616,1789334590.3986986
b,1789334590.4086351,1789334590.5131254
u,1789334590.563154,1789334590.6412137
o,1789334590.7704484,1789334590.8609464
Key.backspace,1789334591.1027405,1789334591.1772213
i,1789334591.256372,1789334591.3351338
l,1789334591.4412436,1789334591.5072477
d,1789334591.527626,1789334591.6422052
Key.shift_r,1789334593.6597438,1789334593.9046564
f,1789334593.985378,1789334594.059697
e,1789334594.2724693,1789334594.402987
a,1789334594.390679,1789334594.5052288
u,1789334594.6149738,1789334594.6853526
t,1789334594.5466468,1789334594.6893528
r,1789334594.777664,1789334594.8571122
e,1789334594.7726505,1789334594.8782
Key.backspace,1789334595.192685,1789334595.30371
Key.backspace,1789334595.3621852,1789334595.470552
r,1789334595.4387596,1789334595.537498
Key.shift_r,1789334595.7230315,1789334595.9557104
t,1789334596.0938427,1789334596.2244494
a,1789334596.2133493,1789334596.3210676
Key.space,1789334596.4320428,1789334596.516363
l,1789334596.5368774,1789334596.5904837
Key.backspace,1789334596.7642221,1789334596.8237205
Key.backspace,1789334596.9098606,1789334596.987958
b,1789334596.9842217,1789334597.0868094
l,1789334597.1386588,1789334597.1974924
e,1789334595.620292,1789334597.321082
Key.shift_r,1789334599.4165401,1789334599.69878
d,1789334599.8329139,1789334599.928356
f,1789334600.0355341,1789334600.1368003
",",1789334600.327064,1789334600.3987713
Key.space,1789334600.586075,1789334600.6967413
w,1789334600.7248251,1789334600.8607068
i,1789334600.8056808,1789334600.8823068
n,1789334600.9890234,1789334601.0567954
d,1789334604.7452202,1789334604.8509243
o,1789334604.8366547,1789334604.9412267
w,1789334604.9917717,1789334605.1066897
Key.shift_r,1789334605.4907434,1789334605.7248616
i,1789334605.9153047,1789334606.007346
z,1789334606.0171056,1789334606.1394362
e,1789334606.1312995,1789334606.246848
Key.space,1789334606.2990408,1789334606.3345225
Key.backspace,1789334606.7032897,1789334606.790942
Key.backspace,1789334606.8793998,1789334606.9457638
Key.backspace,1789334607.0428078,1789334607.1036854
Key.backspace,1789334607.2009754,1789334607.2678514
Key.backspace,1789334607.391641,1789334607.4301083
s,1789334607.6004143,1789334607.7231317
u,1789334607.728803,1789334607.803205
z,1789334607.823789,1789334607.9377751
e,1789334607.960681,1789334608.0652602
Key.space,1789334608.0520992,1789334608.1632183
Key.backspace,1789334608.2360322,1789334608.3034039
Key.backspace,1789334608.3736775,1789334608.4642706
Key.backspace,1789334608.5534308,1789334608.678779
Key.backspace,1789334608.94296,1789334609.0536926
i,1789334609.248683,1789334609.317429
z,1789334609.3194273,1789334609.4488623
e,1789334609.4368823,1789334609.5465488
Key.space,1789334609.536643,1789334609.6455953
-,1789334609.7019827,1789334609.7826924
Key.space,1789334609.8489716,1789334609.940796
Key.backspace,1789334610.4402618,1789334610.5180929
Key.backspace,1789334610.6053755,1789334610.6815798
-,1789334610.8167534,1789334610.8875825
Key.space,1789334610.934339,1789334611.0216978
Key.backspace,1789334611.2788236,1789334611.3610935
Key.backspace,1789334611.4433045,1789334611.5678103
=,1789334611.7517264,1789334611.7994547
Key.space,1789334611.8476927,1789334611.9281306
Key.caps_lock,1789334613.998844,1789334614.160872
w,1789334614.2746124,1789334614.4112196
i,1789334614.4142585,1789334614.4929636
n,1789334614.7167418,1789334614.8066297
d,1789334614.8879054,1789334615.0110893
o,1789334615.052584,1789334615.116789
z,1789334615.1726685,1789334615.2898345
Key.backspace,1789334615.6233788,1789334615.721758
w,1789334615.8515522,1789334615.9436753
Key.shift_r,1789334616.0232582,1789334616.2877314
_,1789334593.819631,1789334616.7278528
Key.shift_r,1789334616.4191031,1789334616.7412043
s,1789334616.8243778,1789334616.9396684
u,1789334617.0170906,1789334617.0440753
i,1789334617.0059123,1789334617.059096
Key.backspace,1789334617.4378705,1789334617.5051863
z,1789334617.5917218,1789334617.724383
e,1789334617.73882,1789334617.8576677
",",1789334618.30634,1789334618.3634086
Key.space,1789334618.401678,1789334618.4773998
s,1789334621.5576832,1789334621.6478565
l,1789334621.7332559,1789334621.82592
i,1789334621.9576628,1789334622.023409
d,1789334622.1466358,1789334622.2217011
e,1789334622.3489268,1789334622.4133775
Key.backspace,1789334622.4854498,1789334622.5643964
Key.backspace,1789334622.6435225,1789334622.7159867
Key.backspace,1789334622.793672,1789334622.8638492
Key.backspace,1789334622.961625,1789334623.0176728
Key.caps_lock,1789334623.233717,1789334623.357146
Key.backspace,1789334623.3393729,1789334623.4120338
s,1789334623.5774646,1789334623.6832807
l,1789334623.6792758,1789334623.7567444
u,1789334623.8972301,1789334623.946346
d,1789334623.9946218,1789334624.0813618
Key.backspace,1789334624.3159935,1789334624.3781087
Key.backspace,1789334624.4548185,1789334624.564994
i,1789334624.7152908,1789334624.7683167
d,1789334624.7566702,1789334624.8326192
e,1789334624.9330573,1789334625.0306966
Key.shift_r,1789334625.1131127,1789334625.49392
s,1789334625.5188544,1789334625.6213691
e,1789334625.6642118,1789334625.7863193
t,1789334625.9097662,1789334626.0376704
p,1789334626.0799854,1789334626.1238306
Key.space,1789334626.317453,1789334626.3736482
Key.backspace,1789334626.5171223,1789334626.5895963
Key.backspace,1789334626.6836212,1789334626.7611775
Key.backspace,1789334626.861878,1789334626.9576216
Key.backspace,1789334627.0075138,1789334627.0959532
t,1789334627.1089606,1789334627.196744
e,1789334627.2811182,1789334627.4237454
p,1789334627.4267454,1789334627.5119157
Key.space,1789334627.6183844,1789334627.7284982
=,1789334627.769455,1789334627.846947
Key.space,1789334627.8632154,1789334627.9679863
Key.caps_lock,1789334628.1177535,1789334628.265566
s,1789334628.24225,1789334628.3760564
Key.caps_lock,1789334628.3647912,1789334628.4905708
Key.caps_lock,1789334628.6964612,1789334628.8606715
l,1789334628.8958402,1789334628.9689825
i,1789334629.113249,1789334629.178895
d,1789334629.182367,1789334629.2526996
e,1789334629.3467097,1789334629.4622045
Key.shift_r,1789334629.576666,1789334629.9943163
e,1789334630.1106648,1789334630.2397435
Key.backspace,1789334630.5141041,1789334630.5985749
t,1789334630.5717568,1789334630.6530275
e,1789334630.7348073,1789334630.8621957
p,1789334630.816609,1789334630.9020452
Key.backspace,1789334631.271516,1789334631.33098
Key.backspace,1789334631.411005,1789334631.4985101
Key.backspace,1789334631.5778978,1789334631.645897
Key.backspace,1789334631.7234535,1789334631.7889903
s,1789334631.8247104,1789334631.9206865
t,1789334632.0088594,1789334632.0888703
e,1789334632.1903698,1789334632.3039224
p,1789334632.2685165,1789334632.3401873
Key.right,1789334635.4761844,1789334635.5580971
:,1789334378.750699,1789334636.2518044
Key.shift_r,1789334635.9456687,1789334636.2623057
Key.enter,1789334636.3621314,1789334636.4413295
r,1789334636.815192,1789334636.9419372
o,1789334636.9607449,1789334637.0436616
Key.backspace,1789334637.3279424,1789334637.3956878
Key.backspace,1789334637.471376,1789334637.5377164
r,1789334637.731499,1789334637.8034217
Key.backspace,1789334638.0421767,1789334638.1306129
Key.caps_lock,1789334638.1444137,1789334638.2590647
r,1789334638.3429163,1789334638.4571197
o,1789334638.6212265,1789334638.725717
w,1789334638.775807,1789334638.8496397
s,1789334638.9821842,1789334639.0726595
Key.space,1789334639.150027,1789334639.2805624
=,1789334640.2303104,1789334640.2888274
Key.space,1789334640.3270328,1789334640.4398506
Key.shift_r,1789334640.5655355,1789334640.7460399
{,1789334641.222975,1789334641.2975557
},1789334641.419459,1789334641.485406
Key.shift_r,1789334640.9156206,1789334641.5297298
Key.backspace,1789334641.9254708,1789334642.0050538
Key.backspace,1789334642.0820796,1789334642.1891913
[,1789334642.3793788,1789334642.454058
],1789334642.5466692,1789334642.6309445
Key.enter,1789334642.7886066,1789334642.868059
s,1789334645.1066592,1789334645.230107
t,1789334645.3145418,1789334645.4435468
a,1789334645.4893284,1789334645.615675
r,1789334645.5771894,1789334645.7254624
t,1789334645.8032901,1789334645.9005778
Key.space,1789334645.925117,1789334646.0632918
Key.backspace,1789334646.8502645,1789334646.9442055
Key.space,1789334647.4771717,1789334647.5694838
=,1789334647.5812285,1789334647.6780202
Key.space,1789334647.6655107,1789334647.778668
0,1789334648.1247559,1789334648.1741562
;,1789334648.4389248,1789334648.4846518
Key.enter,1789334648.7203965,1789334648.80715
Key.backspace,1789334649.0302498,1789334649.0893133
Key.backspace,1789334649.2088325,1789334649.2805738
Key.backspace,1789334649.3257847,1789334649.360181
0,1789334650.362236,1789334650.4152567
Key.enter,1789334650.6160233,1789334650.6875875
Key.enter,1789334654.3207574,1789334654.4200172
w,1789334654.5587904,1789334654.6714368
h,1789334654.8273227,1789334654.9490755
i,1789334654.9045813,1789334654.988935
l,1789334655.0920038,1789334655.157412
e,1789334655.1000783,1789334655.2628284
Key.space,1789334655.255661,1789334655.3715749
s,1789334655.3353915,1789334655.4481332
t,1789334655.5153706,1789334655.6379502
a,1789334655.6791413,1789334655.831687
r,1789334655.81217,1789334655.8957207
t,1789334655.993852,1789334656.1022868
+,1789334656.2776992,1789334656.3857236
Key.shift_r,1789334656.141813,1789334656.418056
w,1789334656.7868588,1789334656.9063568
i,1789334656.9118752,1789334656.9760733
n,1789334657.1336787,1789334657.2395952
d,1789334658.0530193,1789334658.149188
o,1789334658.538308,1789334658.6126478
w,1789334658.8459535,1789334658.9434562
_,1789334625.4194767,1789334659.452267
Key.shift_r,1789334659.050097,1789334659.4744782
u,1789334659.6534665,1789334659.71452
i,1789334659.6494682,1789334659.7204912
z,1789334659.7741897,1789334659.873092
Key.backspace,1789334660.0435035,1789334660.1077201
Key.backspace,1789334660.193518,1789334660.2665257
Key.backspace,1789334660.3574924,1789334660.443391
Key.backspace,1789334660.5214343,1789334660.6150615
s,1789334660.6506536,1789334660.7440593
u,1789334660.7716131,1789334660.8099804
i,1789334660.7736735,1789334660.812484
z,1789334660.8758276,1789334661.041731
Key.backspace,1789334661.1241066,1789334661.183821
Key.backspace,1789334661.2719445,1789334661.3476746
Key.backspace,1789334661.4257827,1789334661.516625
i,1789334661.8516889,1789334661.891674
z,1789334661.8958306,1789334662.001334
e,1789334661.9876716,1789334662.0911708
Key.shift_r,1789334664.6967578,1789334664.9344423
=,1789334665.2498243,1789334665.2996686
l,1789334665.6156628,1789334665.6861992
e,1789334665.7346578,1789334665.8414314
n,1789334665.829981,1789334665.8798494
[,1789334666.419745,1789334666.4832425
Key.backspace,1789334667.0175729,1789334667.0998318
(,1789334599.6368191,1789334668.0267222
Key.shift_r,1789334667.2715921,1789334668.0727968
f,1789334668.246337,1789334668.3466547
Key.backspace,1789334668.97442,1789334669.016804
Key.backspace,1789334669.0848465,1789334669.2096705
d,1789334669.2046707,1789334669.2782369
f,1789334669.3868186,1789334669.4403493
r,1789334669.3728402,1789334669.4546096
Key.backspace,1789334669.985677,1789334670.0680668
Key.backspace,1789334670.1335495,1789334670.2155254
f,1789334670.1471841,1789334670.253668
Key.right,1789334670.6077693,1789334670.68943
Key.enter,1789334670.9882352,1789334671.0626333
Key.backspace,1789334673.1842377,1789334673.2462964
Key.backspace,1789334673.4609838,1789334673.5307567
Key.shift_r,1789334674.2878842,1789334674.5652094
Key.enter,1789334674.674487,1789334674.7326272
w,1789334682.7873793,1789334682.9075387
i,1789334682.9629989,1789334683.0656188
n,1789334683.1986701,1789334683.266001
d,1789334683.4114747,1789334683.5312412
o,1789334683.5750182,1789334683.6664164
w,1789334683.660093,1789334683.7569985
Key.space,1789334683.8068964,1789334683.9281874
=,1789334683.934083,1789334684.0438871
Key.space,1789334684.1017878,1789334684.2120755
d,1789334687.0814216,1789334687.1874747
f,1789334687.272214,1789334687.3572524
.,1789334688.3901186,1789334688.4647493
i,1789334688.6552565,1789334688.716802
l,1789334688.9326446,1789334689.01449
o,1789334689.101839,1789334689.162176
c,1789334689.1641943,1789334689.2843277
[,1789334691.9999182,1789334692.091648
s,1789334692.2210953,1789334692.3169627
t,1789334692.4366817,1789334692.57113
a,1789334692.6017792,1789334692.7222474
r,1789334692.704751,1789334692.8306499
t,1789334692.916038,1789334693.027799
Key.shift_r,1789334693.1724997,1789334693.4546876
Key.space,1789334693.5301554,1789334693.6037762
Key.shift_r,1789334693.6613052,1789334693.8910563
Key.space,1789334693.9020367,1789334693.993557
Key.space,1789334695.72733,1789334695.8513224
s,1789334695.8323023,1789334695.971512
t,1789334696.041567,1789334696.1659155
a,1789334696.1587236,1789334696.2973819
r,1789334696.2758694,1789334696.3914926
t,1789334696.4691021,1789334696.5737863
+,1789334697.0016131,1789334697.0953314
Key.shift_r,1789334696.618744,1789334697.1110253
w,1789334697.2109349,1789334697.322793
i,1789334697.326325,1789334697.3914473
n,1789334697.5105026,1789334697.5851445
d,1789334697.6520674,1789334697.7993562
o,1789334698.1567311,1789334698.2280622
w,1789334698.3495555,1789334698.474664
Key.shift_r,1789334698.618933,1789334699.0050144
i,1789334699.194255,1789334699.2939851
z,1789334699.324511,1789334699.4588506
e,1789334699.4602542,1789334699.564232
Key.backspace,1789334699.76932,1789334699.825888
Key.backspace,1789334699.931967,1789334700.015071
Key.backspace,1789334700.115514,1789334700.1895657
Key.backspace,1789334700.2787406,1789334700.3066463
s,1789334700.3427062,1789334700.4475274
i,1789334700.824456,1789334700.8896463
z,1789334700.973696,1789334701.1177378
e,1789334701.1384647,1789334701.2537937
Key.right,1789334701.463242,1789334701.5620341
Key.enter,1789334701.743601,1789334701.799877
r,1789334704.3612087,1789334704.4630923
o,1789334704.613429,1789334704.7259192
w,1789334704.685515,1789334704.7938843
s,1789334704.8707325,1789334704.987649
.,1789334705.0016444,1789334705.0867589
s,1789334705.1717575,1789334705.2726617
[,1789334705.3732002,1789334705.4009957
Key.backspace,1789334705.6993628,1789334705.7776394
Key.backspace,1789334705.8483083,1789334705.944443
a,1789334705.9463744,1789334706.047194
[,1789334706.091174,1789334706.2106438
[,1789334706.3090527,1789334706.4217782
Key.backspace,1789334706.5871809,1789334706.6531348
Key.backspace,1789334706.753974,1789334706.8216572
p,1789334706.9497743,1789334707.034606
p,1789334707.1405928,1789334707.202401
e,1789334707.3150713,1789334707.4275124
n,1789334707.4642894,1789334707.5305116
d,1789334707.6145453,1789334707.7089055
Key.shift_r,1789334711.391166,1789334711.7137506
e,1789334712.0306501,1789334712.1387293
x,1789334712.2493663,1789334712.354874
t,1789334712.45257,1789334712.5731483
r,1789334712.6577663,1789334712.8245378
a,1789334712.9823525,1789334713.1055357
c,1789334713.1597903,1789334713.270834
t,1789334713.3893378,1789334713.4827378
Key.shift_r,1789334713.4998043,1789334713.9791594
Key.backspace,1789334714.3341167,1789334714.409871
Key.shift_r,1789334714.602887,1789334714.88872
f,1789334714.956355,1789334715.0697627
e,1789334715.2118406,1789334715.3374434
a,1789334715.3146222,1789334715.4311202
t,1789334715.4596434,1789334715.5972345
u,1789334715.5651324,1789334715.642163
r,1789334715.6955214,1789334715.8477328
e,1789334715.9375923,1789334716.1397681
s,1789334715.9732726,1789334716.165644
Key.shift_r,1789334717.0725892,1789334717.4746594
w,1789334717.552245,1789334717.6541193
i,1789334717.6351516,1789334717.722647
n,1789334717.8428166,1789334717.9171965
d,1789334717.9839766,1789334718.1007383
o,1789334718.2007236,1789334718.2950172
w,1789334718.3506486,1789334718.460778
Key.enter,1789334722.8967438,1789334722.972327
s,1789334723.0318925,1789334723.1745903
t,1789334723.2275183,1789334723.3590438
a,1789334723.482574,1789334723.6145537
r,1789334723.9565797,1789334724.0448086
t,1789334724.135157,1789334724.2410574
Key.space,1789334724.2580712,1789334724.4035416
+,1789334713.8842716,1789334725.0447397
Key.shift_r,1789334724.5569417,1789334725.052982
=,1789334725.300598,1789334725.3661642
Key.space,1789334725.8416367,1789334725.9298334
s,1789334725.9932435,1789334726.098146
l,1789334726.0836623,1789334726.1643887
i,1789334726.2743616,1789334726.34243
d,1789334726.4381962,1789334726.513149
e,1789334726.6140227,1789334726.7312071
_,1789334698.9268792,1789334727.4132981
Key.shift_r,1789334727.100958,1789334727.419797
s,1789334727.4356434,1789334727.5388484
t,1789334727.662743,1789334727.7456331
e,1789334727.8287451,1789334727.9666913
p,1789334727.9246392,1789334728.017736
Key.enter,1789334728.1687465,1789334728.245166
Key.enter,1789334734.442123,1789334734.5233529
Key.backspace,1789334734.7253582,1789334734.7898254
Key.backspace,1789334735.9186687,1789334735.9915195
Key.backspace,1789334736.9605014,1789334737.0412838
Key.backspace,1789334737.844581,1789334737.9247036
Key.enter,1789334738.1607928,1789334738.2425942
Key.enter,1789334738.7041914,1789334738.7946324
Key.backspace,1789334739.1012754,1789334739.1813953
r,1789334739.4918857,1789334739.6136665
e,1789334739.6936781,1789334739.7826276
u,1789334739.8998845,1789334739.9673548
t,1789334739.883499,1789334739.9977753
r,1789334740.133273,1789334740.2895937
n,1789334740.5516412,1789334740.6397095
e,1789334740.653733,1789334740.763915
Key.space,1789334740.767243,1789334740.881522
Key.backspace,1789334741.045316,1789334741.113778
Key.backspace,1789334741.1879349,1789334741.2919512
Key.space,1789334741.2889502,1789334741.412614
p,1789334741.3952403,1789334741.4944677
d,1789334741.4666753,1789334741.5847187
.,1789334741.8022947,1789334741.8862574
Key.caps_lock,1789334742.327624,1789334742.5024767
d,1789334742.6567023,1789334742.7589014
Key.caps_lock,1789334742.8064954,1789334742.957436
Key.tab,1789334743.3046546,1789334743.4168735
Key.shift_r,1789334743.8692176,1789334744.1716387
r,1789334750.4157298,1789334750.5375843
o,1789334750.7111478,1789334750.8228495
w,1789334750.8122263,1789334750.8926566
s,1789334750.994731,1789334751.1070628
Key.esc,1789334755.7553916,1789334755.8606446
m,1789478849.7648664,1789478849.908348
i,1789478850.0467067,1789478850.1122055
n,1789478850.2341094,1789478850.285116
k,1789478850.420428,1789478850.4964895
Key.backspace,1789478850.7220664,1789478850.78389
Key.backspace,1789478850.8621655,1789478850.9425788
Key.backspace,1789478851.0241542,1789478851.1105483
o,1789478851.2521343,1789478851.3323498
Key.enter,1789478852.6373546,1789478852.703851
i,1789478861.373231,1789478861.4648592
t,1789478861.4494956,1789478861.5455744
Key.space,1789478861.5648165,1789478861.7201724
o,1789478861.7175703,1789478861.810302
c,1789478861.6923883,1789478861.8301902
u,1789478861.9170747,1789478861.9969893
r,1789478861.9994943,1789478862.1030738
s,1789478862.2612746,1789478862.2849514
e,1789478862.2511895,1789478862.4293156
Key.backspace,1789478862.537136,1789478862.617735
Key.backspace,1789478862.6914392,1789478862.783247
s,1789478862.7812564,1789478862.882369
e,1789478862.8404229,1789478862.9819393
Key.space,1789478862.9424636,1789478863.0546484
a,1789478863.0546484,1789478863.19548
g,1789478863.2175314,1789478863.342491
a,1789478863.34807,1789478863.4589841
i,1789478863.3780966,1789478863.4772563
n,1789478863.5979564,1789478863.7103453
s,1789478863.692488,1789478863.812307
g,1789478863.882075,1789478863.9724567
Key.space,1789478863.9704568,1789478864.1145856
Key.backspace,1789478864.2693605,1789478864.3382564
Key.backspace,1789478864.4075985,1789478864.4971278
t,1789478864.4811554,1789478864.5945404
Key.space,1789478864.6040728,1789478864.6978943
n,1789478864.9702697,1789478865.0468338
o,1789478865.072654,1789478865.1539266
y,1789478865.2202876,1789478865.235861
Key.space,1789478865.343929,1789478865.376812
Key.backspace,1789478865.5548167,1789478865.687729
t,1789478865.6405737,1789478865.7216384
Key.backspace,1789478865.7821786,1789478865.8852425
Key.backspace,1789478866.0112724,1789478866.0891557
t,1789478866.0867524,1789478866.1851752
Key.space,1789478866.1771305,1789478866.3532858
c,1789478866.3175535,1789478866.4427094
a,1789478866.4253464,1789478866.5559945
l,1789478866.5700774,1789478866.6150944
l,1789478866.6975803,1789478866.7711089
Key.space,1789478866.7424266,1789478866.9157217
g,1789478866.8831158,1789478867.0138838
o,1789478867.007375,1789478867.072411
o,1789478867.1457205,1789478867.226787
d,1789478867.2242773,1789478867.3493063
Key.space,1789478867.3150463,1789478867.451015
o,1789478867.3953042,1789478867.4651048
l,1789478867.5509999,1789478867.6368635
d,1789478867.6006951,1789478867.6894283
Key.space,1789478867.7071903,1789478867.8195176
w,1789478867.7723594,1789478867.8790405
h,1789478867.8690765,1789478867.9350069
e,1789478867.9704401,1789478868.1069522
n,1789478868.0425644,1789478868.130301
Key.space,1789478868.200514,1789478868.3060892
i,1789478868.2700524,1789478868.35114
t,1789478868.4060812,1789478868.528001
n,1789478868.5357027,1789478868.6104205
Key.space,1789478868.5160575,1789478868.624193
o,1789478868.7401156,1789478868.8359683
t,1789478868.7983315,1789478868.897536
Key.f5,1789478870.3039267,1789478870.3672116
y,1789478871.5276318,1789478871.6072714
e,1789478871.5825336,1789478871.6709635
a,1789478871.6424832,1789478871.777138
r,1789478871.7808444,1789478871.89926
Key.space,1789478871.9110272,1789478872.0528207
f,1789478872.0031807,1789478872.1150222
o,1789478872.1125128,1789478872.1972067
r,1789478872.213856,1789478872.3076253
Key.space,1789478872.282759,1789478872.4092503
s,1789478872.3826458,1789478872.4910848
h,1789478872.4620683,1789478872.5327795
o,1789478872.6640315,1789478872.7526922
w,1789478872.6724532,1789478872.7604175
Key.space,1789478872.819518,1789478872.9506795
s,1789478872.914468,1789478873.015042
y,1789478873.0114403,1789478873.087903
s,1789478873.1057997,1789478873.1860561
t,1789478873.2953806,1789478873.3373787
e,1789478873.529058,1789478873.6621335
m,1789478873.651023,1789478873.7225268
Key.space,1789478873.7322123,1789478873.869458
t,1789478873.8383274,1789478873.9578824
o,1789478873.9558895,1789478874.0267072
Key.space,1789478874.032909,1789478874.1591756
a,1789478874.1078663,1789478874.2402112
n,1789478874.2382016,1789478874.293931
d,1789478874.3153257,1789478874.432249
Key.space,1789478874.4162679,1789478874.5001361
p,1789478874.4905088,1789478874.556261
o,1789478874.6722887,1789478874.7541773
i,1789478874.8582795,1789478874.9220698
n,1789478875.0283377,1789478875.1148903
t,1789478875.0531821,1789478875.1549559
Key.space,1789478875.1549559,1789478875.2729971
h,1789478875.2570863,1789478875.3212407
o,1789478875.4623,1789478875.5767002
m,1789478875.6753042,1789478875.7501442
e,1789478875.7511437,1789478875.8463342
Key.space,1789478875.839329,1789478875.9928286
f,1789478875.9572406,1789478876.0966785
a,1789478876.095672,1789478876.2494774
c,1789478876.2216117,1789478876.3253343
e,1789478876.4269364,1789478876.561501
Key.space,1789478876.5352657,1789478876.6641653
g,1789478876.6179974,1789478876.6823466
e,1789478876.694835,1789478876.7913537
t,1789478876.8613071,1789478876.9702706
Key.f1,1789478880.4850676,1789478880.597425
Key.alt_l,1789478880.1470468,1789478880.6354232
Key.f5,1789478883.0579696,1789478883.144932
l,1789478884.2643032,1789478884.3301454
Key.backspace,1789478884.6223004,1789478884.7055502
p,1789478884.8572154,1789478884.9625425
a,1789478885.0131536,1789478885.1192198
l,1789478885.0432832,1789478885.152402
y,1789478885.184048,1789478885.2878277
Key.space,1789478885.289369,1789478885.445316
Key.backspace,1789478885.5502996,1789478885.6448817
Key.backspace,1789478885.7494369,1789478885.8092654
Key.backspace,1789478885.9013042,1789478886.001081
Key.f5,1789478886.5710244,1789478886.6624522
g,1789478893.34407,1789478893.430054
e,1789478893.4259906,1789478893.5325232
t,1789478893.6074722,1789478893.745215
Key.space,1789478893.7149007,1789478893.849219
t,1789478893.9307027,1789478894.0339541
h,1789478894.0466175,1789478894.1417103
a,1789478894.1417103,1789478894.25152
t,1789478894.2751563,1789478894.4072578
a,1789478894.4370008,1789478894.5974495
Key.space,1789478894.4093723,1789478894.6906993
h,1789478894.739174,1789478894.8281493
a,1789478894.8595963,1789478894.9813392
n,1789478894.9849014,1789478895.0674744
Key.f5,1789478896.3577104,1789478896.4648066
c,1789478897.458072,1789478897.5855978
o,1789478897.562473,1789478897.6326969
Key.backspace,1789478897.9320378,1789478897.991909
Key.backspace,1789478898.0723155,1789478898.143917
b,1789478898.1669474,1789478898.269326
v,1789478898.7031276,1789478898.7611954
c,1789478898.705763,1789478898.767681
Key.backspace,1789478898.9912422,1789478899.060571
Key.backspace,1789478899.15159,1789478899.2325199
Key.backspace,1789478899.3073215,1789478899.411295
Key.f5,1789478899.9132357,1789478900.0090897
u,1789478901.0123477,1789478901.0838995
n,1789478901.1805217,1789478901.2668724
d,1789478901.2563229,1789478901.3291085
e,1789478901.430417,1789478901.5084467
r,1789478901.5979102,1789478901.6900892
Key.space,1789478901.6823528,1789478901.8257093
f,1789478901.7880685,1789478901.8622122
e,1789478901.9640412,1789478902.034389
e,1789478902.1201987,1789478902.2438555
l,1789478902.2601986,1789478902.3453274
Key.space,1789478902.369065,1789478902.4922285
v,1789478902.5267081,1789478902.6018267
e,1789478902.5800812,1789478902.6805668
r,1789478902.7371047,1789478902.860457
y,1789478902.837988,1789478902.8945384
Key.space,1789478902.9052927,1789478903.0305831
h,1789478903.0909572,1789478903.1571343
Key.backspace,1789478903.3819802,1789478903.4474173
n,1789478903.5797017,1789478903.6416233
e,1789478903.6131966,1789478903.7650733
w,1789478903.691435,1789478903.810862
Key.space,1789478903.80859,1789478903.9172418
i,1789478903.8793495,1789478903.947059
t,1789478903.9655895,1789478904.0735002
Key.space,1789478904.0972445,1789478904.179514
a,1789478904.1590452,1789478904.2576668
n,1789478904.2381194,1789478904.2990978
o,1789478904.429281,1789478904.5032156
y,1789478904.5329318,1789478904.5767257
t,1789478904.5153792,1789478904.6094513
h,1789478904.6711972,1789478904.7344236
e,1789478904.7264838,1789478904.805226
r,1789478904.9092748,1789478905.0112715
Key.space,1789478905.0009606,1789478905.121337
a,1789478905.097634,1789478905.1991167
l,1789478905.209391,1789478905.2708032
l,1789478905.365345,1789478905.4478564
Key.space,1789478905.4741259,1789478905.6175225
a,1789478905.7642136,1789478905.8619945
Key.backspace,1789478905.9540477,1789478906.040102
f,1789478906.06242,1789478906.1572735
o,1789478906.2026403,1789478906.2825341
r,1789478906.2702296,1789478906.3870108
Key.space,1789478906.3625326,1789478906.478136
w,1789478906.4344692,1789478906.5963428
y,1789478906.5700934,1789478906.6478715
a,1789478906.7668123,1789478906.8378246
Key.space,1789478906.7668123,1789478906.9339435
Key.backspace,1789478907.0158954,1789478907.0658407
Key.backspace,1789478907.147898,1789478907.2054982
Key.backspace,1789478907.2938187,1789478907.3700707
a,1789478907.4068089,1789478907.5038612
y,1789478907.5060866,1789478907.572343
Key.space,1789478907.638414,1789478907.7674649
a,1789478907.7452812,1789478907.8496282
b,1789478907.9757924,1789478908.077553
o,1789478908.032297,1789478908.102638
u,1789478908.2266583,1789478908.2970371
t,1789478908.3069036,1789478908.4270947
Key.space,1789478908.40267,1789478908.5227218
m,1789478908.5748947,1789478908.635989
o,1789478908.76246,1789478908.8492913
v,1789478908.801287,1789478908.8914897
e,1789478909.003431,1789478909.128059
Key.space,1789478909.1214614,1789478909.2269466
f,1789478909.2811787,1789478909.3553731
e,1789478909.373086,1789478909.499418
w,1789478909.4424453,1789478909.573952
Key.space,1789478909.5754466,1789478909.6984973
c,1789478909.6672385,1789478909.8062134
h,1789478909.7713175,1789478909.8310635
a,1789478909.8549001,1789478909.9626124
n,1789478909.9888947,1789478910.0776541
g,1789478910.142198,1789478910.2140772
e,1789478910.5202363,1789478910.6411579
Key.space,1789478910.6680102,1789478910.8011708
w,1789478910.9104323,1789478911.0343328
h,1789478910.9704554,1789478911.045947
i,1789478911.1789427,1789478911.2621362
c,1789478911.2861736,1789478911.3950708
h,1789478911.3651414,1789478911.434798
Key.space,1789478911.4852061,1789478911.6359055
h,1789478911.5921776,1789478911.72694
o,1789478911.682395,1789478911.7614233
m,1789478911.8680892,1789478911.9605343
e,1789478911.9242723,1789478912.0490494
Key.space,1789478912.020046,1789478912.1379879
w,1789478912.1561093,1789478912.3000193
i,1789478912.6913188,1789478912.7171984
l,1789478913.127386,1789478913.1872287
l,1789478913.277743,1789478913.3387272
Key.space,1789478913.3427532,1789478913.4674206
o,1789478913.471421,1789478913.5327954
u,1789478913.649468,1789478913.7015123
Key.space,1789478913.7927866,1789478913.892398
Key.backspace,1789478914.1125321,1789478914.1823413
Key.backspace,1789478914.2531981,1789478914.3396163
t,1789478914.2868288,1789478914.3916953
Key.space,1789478914.4004583,1789478914.5131483
o,1789478914.5152242,1789478914.6116877
Key.backspace,1789478914.777855,1789478914.819347
Key.backspace,1789478914.9140382,1789478914.9873762
Key.backspace,1789478915.0838583,1789478915.1661148
u,1789478915.4460168,1789478915.5255458
r,1789478915.5778022,1789478915.6290455
t,1789478915.5667176,1789478915.6351988
Key.space,1789478915.6169739,1789478915.7581866
o,1789478915.800054,1789478915.908507
Key.backspace,1789478916.0340316,1789478916.0876453
Key.backspace,1789478916.1840627,1789478916.2562985
Key.backspace,1789478916.3748987,1789478916.4260073
Key.backspace,1789478916.4840662,1789478916.5437973
Key.space,1789478916.6201937,1789478916.7400308
Key.backspace,1789478917.0915523,1789478917.1501527
Key.f5,1789478917.7788994,1789478917.8814259
s,1789478918.79323,1789478918.885237
t,1789478918.8892367,1789478918.9654894
a,1789478918.9910343,1789478919.095173
e,1789478919.089083,1789478919.2248292
Key.space,1789478919.2414095,1789478919.3790565
Key.f5,1789478920.3923998,1789478920.5004609
p,1789478921.8470156,1789478921.9503376
u,1789478922.073046,1789478922.1473436
b,1789478922.1971474,1789478922.3074453
l,1789478922.3124435,1789478922.4007685
i,1789478922.4990945,1789478922.5716054
c,1789478922.5748909,1789478922.6851654
Key.space,1789478922.644763,1789478922.8171964
f,1789478922.8014305,1789478922.9111557
e,1789478923.0175064,1789478923.0841365
e,1789478923.1691003,1789478923.2857044
l,1789478923.311264,1789478923.3813848
Key.space,1789478923.3369765,1789478923.4939003
s,1789478923.4629686,1789478923.541134
c,1789478923.6100156,1789478923.7192476
g,1789478923.8411765,1789478923.906983
h,1789478923.8326566,1789478923.9170117
o,1789478923.9473283,1789478924.0026908
Key.backspace,1789478924.204903,1789478924.2765355
Key.backspace,1789478924.3751323,1789478924.4378903
o,1789478924.602266,1789478924.682071
o,1789478924.7583568,1789478924.8240068
l,1789478924.9266243,1789478925.01558
Key.space,1789478925.012158,1789478925.1545572
u,1789478925.29822,1789478925.3739266
d,1789478925.540977,1789478925.6390214
Key.backspace,1789478925.8582656,1789478925.912207
Key.backspace,1789478925.9900143,1789478926.05775
d,1789478926.5149422,1789478926.6282027
u,1789478926.6418614,1789478926.7201025
r,1789478926.779318,1789478926.9069633
i,1789478926.8553777,1789478926.9194818
n,1789478927.0267375,1789478927.0765038
g,1789478927.0431101,1789478927.173869
Key.space,1789478927.2130463,1789478927.3347285
s,1789478927.510974,1789478927.6469958
y,1789478927.7705393,1789478927.8895903
r,1789478928.1370077,1789478928.1425104
Key.backspace,1789478928.131506,1789478928.2004158
Key.backspace,1789478928.5514758,1789478928.634172
h,1789478928.6457467,1789478928.7368698
o,1789478928.7387025,1789478928.830445
u,1789478928.9392931,1789478928.9930856
l,1789478929.1373742,1789478929.225337
d,1789478929.188148,1789478929.3154466
Key.space,1789478929.2967808,1789478929.4263883
w,1789478929.4493072,1789478929.5720267
o,1789478929.5277133,1789478929.5955734
u,1789478929.7158527,1789478929.765931
l,1789478929.922406,1789478929.9948883
d,1789478930.0024025,1789478930.1051424
Key.space,1789478930.0749934,1789478930.2002194
v,1789478930.197704,1789478930.2803233
e,1789478930.311446,1789478930.373864
r,1789478930.4791334,1789478930.6006575
y,1789478930.6225038,1789478930.6904948
Key.space,1789478930.6975253,1789478930.8080344
w,1789478930.8305063,1789478930.9311213
h,1789478930.998269,1789478931.0841205
e,1789478931.1301074,1789478931.2612684
n,1789478931.2507415,1789478931.3439994
Key.space,1789478931.3394692,1789478931.465106
a,1789478931.4425004,1789478931.5594616
g,1789478931.5770454,1789478931.6539075
a,1789478931.7016165,1789478931.823023
i,1789478931.8291807,1789478931.8978927
n,1789478932.0210872,1789478932.0938926
s,1789478932.0361125,1789478932.1657722
t,1789478932.2353642,1789478932.3603468
Key.space,1789478932.3156512,1789478932.4948275
s,1789478932.5112543,1789478932.5890877
y,1789478932.519127,1789478932.5963228
s,1789478932.9955876,1789478933.0795977
t,1789478933.2023282,1789478933.3093636
e,1789478933.3901107,1789478933.537853
n,1789478933.5031767,1789478933.5901802
Key.space,1789478933.5931916,1789478933.737534
d,1789478933.702973,1789478933.8541608
o,1789478933.822538,1789478933.9003463
Key.space,1789478933.9139934,1789478934.065187
w,1789478934.0024757,1789478934.1703641
a,1789478934.1421285,1789478934.2449157
y,1789478934.1748853,1789478934.2494178
Key.space,1789478934.4113555,1789478934.6290994
o,1789478934.6401436,1789478934.7305548
c,1789478934.589474,1789478934.750177
u,1789478934.8349578,1789478934.8971758
l,1789478935.0269048,1789478935.108191
d,1789478935.09851,1789478935.1992567
Key.space,1789478935.175438,1789478935.2867086
s,1789478935.3012836,1789478935.4223104
y,1789478935.3975515,1789478935.466694
s,1789478935.5160575,1789478935.6174097
t,1789478935.681147,1789478935.778411
e,1789478935.8742802,1789478936.022403
m,1789478935.9771008,1789478936.0725534
Key.space,1789478936.0525153,1789478936.2351472
h,1789478936.1894777,1789478936.327619
o,1789478936.297865,1789478936.3553202
m,1789478936.4612696,1789478936.5595276
e,1789478936.5232463,1789478936.6625648
Key.space,1789478936.6040785,1789478936.7439284
w,1789478936.6930234,1789478936.8281965
i,1789478936.7710903,1789478936.8341901
l,1789478936.9481952,1789478937.000074
l,1789478937.088212,1789478937.1459253
Key.space,1789478937.1112382,1789478937.2928998
f,1789478937.2222793,1789478937.3320563
o,1789478937.3159697,1789478937.3937962
r,1789478937.4284506,1789478937.54437
m,1789478937.5302556,1789478937.6021566
Key.space,1789478937.5593214,1789478937.7238295
l,1789478937.7674298,1789478937.8377848
i,1789478937.9531798,1789478938.0149934
n,1789478938.1255484,1789478938.1882613
e,1789478938.1578386,1789478938.2740843
Key.space,1789478938.2316647,1789478938.3953664
a,1789478938.3358953,1789478938.459344
t,1789478938.4776862,1789478938.6123598
Key.space,1789478938.6249316,1789478938.799193
c,1789478938.7611735,1789478938.9159741
o,1789478938.864223,1789478938.9258842
n,1789478939.0181732,1789478939.0859892
s,1789478939.1169984,1789478939.2302668
i,1789478939.2715023,1789478939.330677
d,1789478939.292123,1789478939.3772728
e,1789478939.474236,1789478939.565194
r,1789478939.6508307,1789478939.7440648
Key.space,1789478939.626084,1789478939.840094
t,1789478939.8167644,1789478939.9325309
h,1789478939.9360447,1789478940.021778
i,1789478940.1439266,1789478940.2139509
Key.backspace,1789478940.3512383,1789478940.4220142
Key.backspace,1789478940.4921756,1789478940.5648818
Key.backspace,1789478940.6382854,1789478940.714903
Key.backspace,1789478940.7854145,1789478940.852629
Key.backspace,1789478940.9273663,1789478940.9939246
r,1789478941.1165178,1789478941.2311475
Key.space,1789478941.2240994,1789478941.3739061
t,1789478941.3377807,1789478941.4453528
h,1789478941.4222221,1789478941.4910493
i,1789478941.6167312,1789478941.7104754
s,1789478941.6959105,1789478941.8058386
Key.space,1789478941.7872367,1789478941.9150784
u,1789478941.9427469,1789478942.005372
s,1789478942.0457993,1789478942.1769888
e,1789478942.1473603,1789478942.282309
Key.space,1789478942.2390795,1789478942.3624017
l,1789478942.3293366,1789478942.4040532
a,1789478942.4010603,1789478942.4811583
t,1789478942.575045,1789478942.6600442
e,1789478942.7671466,1789478942.862448
Key.space,1789478942.825041,1789478942.9401324
t,1789478942.9671702,1789478943.0519059
h,1789478943.021294,1789478943.0860782
a,1789478943.0880792,1789478943.2261975
t,1789478943.2438607,1789478943.3755949
p,1789478943.4510686,1789478943.490161
Key.space,1789478943.3293822,1789478943.5385334
r,1789478944.3541906,1789478944.4691858
o,1789478944.508001,1789478944.578849
b,1789478944.596441,1789478944.6892226
l,1789478944.760256,1789478944.8559055
e,1789478944.905316,1789478945.022299
m,1789478945.0258212,1789478945.0914364
Key.space,1789478945.0539124,1789478945.1844323
t,1789478945.1530976,1789478945.2709177
u,1789478945.255174,1789478945.3291194
e,1789478945.3811378,1789478945.4925103
n,1789478945.4623475,1789478945.5493107
Key.space,1789478945.5092282,1789478945.7023993
Key.backspace,1789478945.8553746,1789478945.909027
Key.backspace,1789478945.9963984,1789478946.0538037
Key.backspace,1789478946.1201444,1789478946.206028
r,1789478946.2214274,1789478946.3549376
n,1789478946.3604434,1789478946.446271
Key.space,1789478946.4482708,1789478946.5993247
s,1789478946.5552695,1789478946.692446
a,1789478946.6540573,1789478946.7795918
y,1789478946.7079856,1789478946.7841072
Key.space,1789478946.8841043,1789478947.0073733
p,1789478947.2594724,1789478947.334067
u,1789478947.467246,1789478947.5193956
b,1789478947.6081975,1789478947.7020323
l,1789478947.7258697,1789478947.809317
i,1789478947.9213285,1789478947.9970005
c,1789478948.014115,1789478948.1055124
Key.space,1789478948.0923417,1789478948.2319121
b,1789478948.4612691,1789478948.519204
e,1789478948.5006187,1789478948.602735
f,1789478948.7049458,1789478948.8172996
o,1789478948.8641403,1789478948.9422753
r,1789478948.9329364,1789478949.022077
e,1789478949.0868726,1789478949.2084494
Key.space,1789478949.1691637,1789478949.3307745
w,1789478949.376973,1789478949.492257
h,1789478949.502802,1789478949.5723603
e,1789478949.5924058,1789478949.7470057
n,1789478949.7071,1789478949.790387
Key.space,1789478949.77527,1789478949.915875
a,1789478949.8710666,1789478950.0190883
Key.space,1789478950.0145757,1789478950.15131
o,1789478950.114183,1789478950.1784801
f,1789478950.1694334,1789478950.269233
f,1789478950.354447,1789478950.470447
Key.space,1789478950.4358134,1789478950.633785
t,1789478950.5759802,1789478950.6700172
h,1789478950.661503,1789478950.7360406
a,1789478950.7166083,1789478950.837937
t,1789478950.8439667,1789478950.9702473
Key.space,1789478950.9240477,1789478951.055101
o,1789478951.0711813,1789478951.142464
f,1789478951.1571882,1789478951.282054
Key.space,1789478951.2510052,1789478951.3724637
a,1789478951.364957,1789478951.4812822
g,1789478951.4767659,1789478951.5555658
a,1789478951.5822313,1789478951.715719
i,1789478951.7101955,1789478951.7793386
n,1789478951.8823435,1789478951.942086
1,1789478954.6468709,1789478954.6792357
Key.esc,1789478954.6167433,1789478954.702916
`,1789478992.867827,1789478993.0183709
Key.alt_l,1789478992.6421473,1789478993.0550177
Key.alt_l,1789478994.460371,1789478995.0598564
Key.esc,1789479001.9679692,1789479002.0792632
b,1789479014.0437846,1789479014.1258261
u,1789479014.254973,1789479014.3360956
t,1789479014.3092546,1789479014.4384394
Key.space,1789479014.4268818,1789479014.5710132
a,1789479014.5760615,1789479014.724093
g,1789479014.7331328,1789479014.8112583
a,1789479014.8340292,1789479014.9672396
i,1789479014.9845257,1789479015.0578392
n,1789479015.1722748,1789479015.2442195
s,1789479015.2258997,1789479015.3559005
t,1789479015.3579004,1789479015.480319
Key.space,1789479015.4507213,1789479015.5739686
m,1789479015.522462,1789479015.5840628
o,1789479015.698354,1789479015.7681782
r,1789479015.7226663,1789479015.818109
e,1789479015.8940477,1789479016.004113
Key.space,1789479015.9873953,1789479016.0871322
b,1789479016.0358484,1789479016.1181502
e,1789479016.1142108,1789479016.205051
f,1789479016.3108685,1789479016.4057963
o,1789479016.4676316,1789479016.546773
r,1789479016.517269,1789479016.6104903
e,1789479016.6988301,1789479016.8130276
l,1789479016.809028,1789479016.8876758
Key.space,1789479016.7909076,1789479016.9140472
i,1789479017.007781,1789479017.0739398
k,1789479017.1720166,1789479017.2439377
e,1789479017.2161865,1789479017.3130004
Key.space,1789479017.2816055,1789479017.3879485
b,1789479017.4151552,1789479017.492262
e,1789479017.5039077,1789479017.581714
w,1789479017.562919,1789479017.757146
e,1789479017.7491114,1789479017.8470054
Key.backspace,1789479017.9811804,1789479018.0366907
Key.backspace,1789479018.119053,1789479018.1890342
Key.esc,1789479019.2822342,1789479019.4003603
a,1789479052.8241978,1789479052.9323084
a,1789479053.0247352,1789479053.1266232
d,1789479053.1023965,1789479053.196689
a,1789479053.222391,1789479053.3148897
d,1789479053.3013568,1789479053.3984644
a,1789479053.4223685,1789479053.5222151
s,1789479053.9677985,1789479054.07223
w,1789479054.0541847,1789479054.0742195
g,1789479053.9940817,1789479054.1824577
e,1789479054.1800191,1789479054.2524154
w,1789479054.1759906,1789479054.2824168
g,1789479054.3130736,1789479054.3702295
Key.esc,1789479055.9751813,1789479056.153074
p,1789479073.3486102,1789479073.4825006
e,1789479073.4247916,1789479073.5011535
r,1789479073.5821571,1789479073.6630645
s,1789479073.6878855,1789479073.8253953
o,1789479073.7723234,1789479073.8273966
n,1789479073.9414146,1789479073.9963615
Key.space,1789479073.9831004,1789479074.1438441
o,1789479074.156448,1789479074.2260098
l,1789479074.3224425,1789479074.3969421
d,1789479074.3678036,1789479074.4753494
Key.space,1789479074.447627,1789479074.5731642
g,1789479074.6247234,1789479074.726892
o,1789479074.7594764,1789479074.8417423
v,1789479074.84925,1789479074.9374404
e,1789479075.0520732,1789479075.1230707
r,1789479075.2278795,1789479075.3311594
n,1789479075.3211768,1789479075.395099
Key.space,1789479075.417161,1789479075.5558054
w,1789479075.5320811,1789479075.6530583
h,1789479075.5861564,1789479075.66151
e,1789479075.7292874,1789479075.8451712
r,1789479075.939355,1789479076.0303204
e,1789479076.2090323,1789479076.3238723
Key.space,1789479076.2005177,1789479076.3558216
Key.backspace,1789479076.5721188,1789479076.6239834
Key.backspace,1789479076.6991036,1789479076.7776253
e,1789479076.7970974,1789479076.9391813
Key.space,1789479076.824947,1789479076.974853
n,1789479077.0103667,1789479077.0839405
a,1789479076.954237,1789479077.0922105
o,1789479077.210491,1789479077.2824352
y,1789479077.2776883,1789479077.364164
t,1789479077.2824352,1789479077.374188
h,1789479077.4582162,1789479077.520289
e,1789479077.672059,1789479077.7776222
r,1789479077.8701015,1789479077.9841049
Key.space,1789479077.999317,1789479078.1177392
Key.backspace,1789479078.3159099,1789479078.3800678
Key.backspace,1789479078.46527,1789479078.5314345
Key.backspace,1789479078.613993,1789479078.6878922
r,1789479078.66528,1789479078.7627966
Key.space,1789479078.748202,1789479078.8642125
u,1789479078.9617438,1789479079.0021942
p,1789479079.3178892,1789479079.4151266
Key.space,1789479079.4276712,1789479079.5230267
o,1789479079.5471592,1789479079.6230845
u,1789479079.7413054,1789479079.799108
t,1789479079.7769291,1789479079.873909
Key.space,1789479079.8654022,1789479079.9530787
e,1789479079.9881291,1789479080.097677
n,1789479080.0752852,1789479080.155517
d,1789479080.204511,1789479080.3255775
Key.space,1789479080.257369,1789479080.4013565
s,1789479080.3895109,1789479080.5111303
m,1789479080.4820325,1789479080.5517168
a,1789479080.5993273,1789479080.7178438
l,1789479080.7053342,1789479080.760448
l,1789479080.8311613,1789479080.8939576
Key.space,1789479080.8964484,1789479081.0167863
s,1789479080.9770312,1789479081.1061537
u,1789479081.072299,1789479081.1413555
c,1789479081.1978998,1789479081.3292563
h,1789479081.2591674,1789479081.3347783
Key.space,1789479081.4266026,1789479081.522191
u,1789479081.49382,1789479081.5572746
r,1789479081.4608026,1789479081.6006143
n,1789479081.6699822,1789479081.7612743
Key.space,1789479081.763995,1789479081.9352875
y,1789479081.9093492,1789479082.0404477
o,1789479081.9407952,1789479082.0404477
u,1789479082.1483183,1789479082.214243
Key.space,1789479082.1931307,1789479082.3438878
a,1789479082.3378618,1789479082.4252443
b,1789479082.4071527,1789479082.4924192
e,1789479082.5575414,1789479082.6438854
Key.backspace,1789479082.7121084,1789479082.7620475
Key.backspace,1789479082.8376877,1789479082.933142
Key.backspace,1789479083.0161374,1789479083.0710666
b,1789479083.2268639,1789479083.2952576
e,1789479083.2813747,1789479083.3893209
g,1789479083.5091763,1789479083.6257079
i,1789479083.609371,1789479083.6617463
n,1789479083.7756212,1789479083.8551035
Key.space,1789479083.9130547,1789479084.0753472
t,1789479084.0339434,1789479084.1881256
a,1789479084.1810112,1789479084.3240151
k,1789479084.2909105,1789479084.37216
e,1789479084.3861995,1789479084.517007
Key.space,1789479084.4448216,1789479084.6011896
a,1789479084.5520074,1789479084.7265422
s,1789479084.661152,1789479084.7971244
k,1789479084.7651968,1789479084.8253624
Key.space,1789479084.8820693,1789479084.9923446
w,1789479084.947569,1789479085.0675483
r,1789479085.1206417,1789479085.2641723
i,1789479085.285352,1789479085.3558738
t,1789479085.3392036,1789479085.4270718
e,1789479085.504044,1789479085.622674
i,1789479085.6095886,1789479085.6725137
Key.space,1789479085.5923603,1789479085.7215917
n,1789479085.7600253,1789479085.825254
Key.space,1789479085.8341217,1789479085.9541109
s,1789479085.9021056,1789479086.0670094
u,1789479085.9951806,1789479086.0762038
c,1789479086.1265802,1789479086.2730386
h,1789479086.2179554,1789479086.2842524
Key.space,1789479086.2958496,1789479086.4504097
l,1789479086.4372122,1789479086.4949381
o,1789479086.5939925,1789479086.7179136
o,1789479086.7966087,1789479086.876579
Key.space,1789479086.9602292,1789479087.0321786
k,1789479086.948307,1789479087.065225
Key.space,1789479087.1780171,1789479087.2571743
t,1789479087.177009,1789479087.2952178
h,1789479087.2468565,1789479087.3239787
e,1789479087.404063,1789479087.5340014
n,1789479087.530505,1789479087.6266587
n,1789479088.3103826,1789479088.4011729
Key.space,1789479088.441324,1789479088.5591128
o,1789479088.8148596,1789479088.9073868
n,1789479089.0316079,1789479089.0956335
l,1789479089.2615664,1789479089.3311734
y,1789479089.337924,1789479089.4269712
Key.space,1789479089.4169385,1789479089.5356562
l,1789479089.5175893,1789479089.5900004
i,1789479089.6848729,1789479089.751405
k,1789479089.835133,1789479089.9168217
e,1789479089.8732316,1789479089.9879813
Key.space,1789479089.953164,1789479090.104754
i,1789479090.1170142,1789479090.1769981
t,1789479090.0670114,1789479090.1851861
m,1789479090.2685065,1789479090.3463268
e,1789479090.329074,1789479090.477766
Key.space,1789479090.449208,1789479090.5904634
s,1789479090.5222669,1789479090.6728137
e,1789479090.713869,1789479090.748097
h,1789479090.698509,1789479090.7767918
e,1789479090.8169746,1789479090.9304173
Key.space,1789479090.9119546,1789479091.0200982
l,1789479090.9993184,1789479091.0608017
o,1789479091.1711917,1789479091.3018963
o,1789479091.3712676,1789479091.4530444
k,1789479091.5661051,1789479091.6446404
Key.space,1789479091.6446404,1789479091.7642233
f,1789479091.8159802,1789479091.9254308
i,1789479091.9048827,1789479091.9646006
n,1789479092.0703735,1789479092.1361265
d,1789479092.129089,1789479092.2295332
Key.space,1789479092.2060132,1789479092.3741868
h,1789479092.348099,1789479092.4183464
c,1789479092.3342052,1789479092.4460094
a,1789479092.4538898,1789479092.5912158
n,1789479092.5823634,1789479092.667333
g,1789479092.6447277,1789479092.7449927
e,1789479092.8453064,1789479092.982013
Key.space,1789479092.9520617,1789479093.1211638
t,1789479093.0827656,1789479093.1823928
e,1789479093.247788,1789479093.4120176
l,1789479093.3663006,1789479093.4270513
l,1789479093.5039103,1789479093.5956807
Key.space,1789479093.5626075,1789479093.7106287
w,1789479093.7096288,1789479093.8684561
a,1789479093.812056,1789479093.9430866
n,1789479093.9258647,1789479094.0122685
t,1789479094.0492878,1789479094.1794446
Key.space,1789479094.1584108,1789479094.3013992
m,1789479094.3793614,1789479094.4548733
o,1789479094.5751693,1789479094.6359768
i,1789479094.5775669,1789479094.6379778
v,1789479094.6199894,1789479094.7378385
Key.backspace,1789479094.9009109,1789479094.9190612
Key.backspace,1789479095.0138,1789479095.0901937
o,1789479095.2260284,1789479095.3152032
v,1789479095.3801985,1789479095.4640448
Key.backspace,1789479095.6501591,1789479095.715609
Key.backspace,1789479095.8042967,1789479095.864113
v,1789479095.7872424,1789479095.8721485
e,1789479095.9878628,1789479096.0840073
Key.space,1789479096.0618021,1789479096.1956015
d,1789479096.2181752,1789479096.3258448
u,1789479096.2727768,1789479096.3358843
r,1789479096.5296507,1789479096.6824791
i,1789479096.634395,1789479096.7049515
n,1789479096.8100383,1789479096.8765519
g,1789479096.8421295,1789479096.9648228
Key.space,1789479096.9621623,1789479097.077795
u,1789479097.1310413,1789479097.1990354
r,1789479097.0858378,1789479097.2286725
n,1789479097.3081985,1789479097.3819153
Key.space,1789479097.363061,1789479097.483951
w,1789479097.455903,1789479097.6004963
o,1789479097.5627491,1789479097.6366737
r,1789479098.3031104,1789479098.3968658
l,1789479098.4492004,1789479098.5131629
d,1789479098.5259786,1789479098.6437728
Key.space,1789479098.626892,1789479098.777149
t,1789479098.7440166,1789479098.8513823
h,1789479098.8428905,1789479098.9148824
a,1789479098.9103494,1789479099.0353708
Key.backspace,1789479099.1856165,1789479099.2350047
Key.backspace,1789479099.32043,1789479099.4349241
Key.backspace,1789479099.528392,1789479099.605009
w,1789479099.6373463,1789479099.7752388
h,1789479099.7638564,1789479099.8301265
a,1789479099.7603445,1789479099.8724442
t,1789479099.9526782,1789479100.0586014
Key.space,1789479100.0203533,1789479100.134165
n,1789479100.0721052,1789479100.156005
u,1789479100.3028426,1789479100.3594584
i,1789479100.300392,1789479100.3624635
t,1789479100.3669858,1789479100.5083473
Key.space,1789479100.487479,1789479100.6252055
;,1789479100.613262,1789479100.654596
l,1789479100.603129,1789479100.6610482
o,1789479100.782097,1789479100.851461
m,1789479100.9710479,1789479101.0504873
g,1789479101.0564935,1789479101.1790667
Key.space,1789479101.1438131,1789479101.2704344
m,1789479101.3538992,1789479101.4140596
o,1789479101.5483966,1789479101.6140902
s,1789479101.5902455,1789479101.7344651
t,1789479101.7803545,1789479101.9203904
Key.space,1789479101.7916532,1789479101.9718802
b,1789479102.0018446,1789479102.0538785
a,1789479102.0465796,1789479102.1807241
c,1789479102.1914656,1789479102.31731
k,1789479102.3109338,1789479102.3770158
Key.space,1789479102.4530804,1789479102.5657628
o,1789479102.539533,1789479102.599933
n,1789479102.7273943,1789479102.7511635
e,1789479102.7710652,1789479102.8955224
Key.space,1789479102.8790913,1789479103.0292783
e,1789479102.9960587,1789479103.1214519
a,1789479103.1214519,1789479103.2532213
h,1789479103.2928617,1789479103.3522909
c,1789479103.2374933,1789479103.3663335
Key.space,1789479103.4073334,1789479103.545335
o,1789479103.5193753,1789479103.5994012
r,1789479103.600563,1789479103.7313087
Key.space,1789479103.7177517,1789479103.812675
w,1789479103.778029,1789479103.9174771
h,1789479103.8932402,1789479103.961343
e,1789479103.9750235,1789479104.1431556
n,1789479104.0688798,1789479104.1584437
Key.space,1789479104.1361513,1789479104.2579288
w,1789479104.1982658,1789479104.3641639
y,1789479104.3664749,1789479104.4377642
a,1789479104.3214147,1789479104.458035
Key.space,1789479104.5282483,1789479104.701871
f,1789479104.7491126,1789479104.9023006
a,1789479104.8892787,1789479105.0423985
c,1789479105.0283709,1789479105.1427774
r,1789479105.2384691,1789479105.3183155
t,1789479105.4662056,1789479105.5021915
Key.backspace,1789479105.5180607,1789479105.6050243
t,1789479105.642113,1789479105.7549477
Key.backspace,1789479105.9365523,1789479106.016478
Key.backspace,1789479106.1039896,1789479106.1939404
t,1789479106.1767294,1789479106.2837906
Key.space,1789479106.2637615,1789479106.3747969
l,1789479106.3246152,1789479106.4023478
i,1789479106.5203536,1789479106.57395
k,1789479106.7080388,1789479106.7890723
e,1789479106.901308,1789479107.0092766
Key.space,1789479106.9459827,1789479107.0986753
b,1789479107.0847936,1789479107.1691885
e,1789479107.9508574,1789479108.0219254
c,1789479108.145068,1789479108.2608387
o,1789479108.293355,1789479108.354804
m,1789479108.461438,1789479108.5329292
e,1789479108.5471418,1789479108.6369576
Key.space,1789479108.621094,1789479108.741377
o,1789479108.7992816,1789479108.879156
f,1789479108.9031954,1789479109.0252519
Key.space,1789479109.0267563,1789479109.158371
e,1789479109.1449754,1789479109.2439935
y,1789479109.2776551,1789479109.3510132
e,1789479109.335009,1789479109.464171
Key.space,1789479109.4779828,1789479109.6858926
o,1789479109.715355,1789479109.7960048
c,1789479109.6351988,1789479109.812099
u,1789479109.9053068,1789479109.9561205
l,1789479110.0837612,1789479110.1700492
d,1789479110.2163694,1789479110.3276896
n,1789479110.3361268,1789479110.4038143
Key.space,1789479110.4778695,1789479110.610302
Key.backspace,1789479110.830063,1789479110.884142
Key.backspace,1789479110.9694402,1789479111.0231907
Key.space,1789479111.0231907,1789479111.154178
a,1789479111.16121,1789479111.2819026
o,1789479111.3621643,1789479111.4365003
r,1789479111.312156,1789479111.4445102
u,1789479111.5541983,1789479111.6008844
n,1789479111.7057972,1789479111.7926104
f,1789479111.8192863,1789479111.9592502
Key.backspace,1789479112.160224,1789479112.2491932
g,1789479112.2183044,1789479112.3221643
Key.space,1789479112.3403072,1789479112.4366992
a,1789479112.4130106,1789479112.5430725
b,1789479112.6693683,1789479112.7848716
o,1789479112.742196,1789479112.8185449
u,1789479112.9277847,1789479112.99613
t,1789479113.0238483,1789479113.1532192
Key.space,1789479113.1292872,1789479113.2201602
n,1789479113.2290957,1789479113.3031309
o,1789479113.436929,1789479113.5203378
Key.space,1789479113.5037851,1789479113.604888
b,1789479113.8560085,1789479113.927258
e,1789479113.910368,1789479114.0107057
f,1789479114.0921228,1789479114.2077882
o,1789479114.2639,1789479114.3339596
r,1789479114.317151,1789479114.4213572
e,1789479114.5110579,1789479114.6379602
Key.space,1789479114.5971372,1789479114.727916
w,1789479114.7450414,1789479114.8929617
o,1789479114.8375974,1789479114.9203074
u,1789479115.0313165,1789479115.100434
l,1789479115.220502,1789479115.3160357
d,1789479115.2803702,1789479115.3904636
Key.space,1789479115.3611407,1789479115.486788
p,1789479115.5692742,1789479115.6803648
e,1789479115.6217284,1789479115.7241788
r,1789479115.8101163,1789479115.9179678
Key.backspace,1789479116.0439541,1789479116.0890834
Key.backspace,1789479116.1659374,1789479116.236553
r,1789479116.2280383,1789479116.3313324
o,1789479116.344155,1789479116.4248056
f,1789479116.4999952,1789479116.5622234
g,1789479116.4878564,1789479116.5678232
Key.backspace,1789479116.8404799,1789479116.9301825
r,1789479117.080226,1789479117.2529428
a,1789479117.2412114,1789479117.3568656
",",1789479117.3746526,1789479117.4297361
m,1789479117.371126,1789479117.437953
Key.space,1789479117.4637964,1789479117.6011822
Key.backspace,1789479117.8425772,1789479117.8938997
Key.backspace,1789479117.9730399,1789479118.0293522
Key.space,1789479118.25323,1789479118.3823047
n,1789479118.457458,1789479118.533002
a,1789479118.5439527,1789479118.63633
t,1789479118.670225,1789479118.7801933
u,1789479118.7791872,1789479118.8271203
o,1789479118.9637668,1789479119.0117888
Key.backspace,1789479119.2039423,1789479119.2854373
Key.backspace,1789479119.3618665,1789479119.4558318
i,1789479119.5162163,1789479119.5867558
o,1789479119.6910634,1789479119.79557
n,1789479119.7061281,1789479119.8291821
Key.space,1789479119.8671293,1789479120.020395
l,1789479119.9373279,1789479120.0322702
e,1789479120.003825,1789479120.1414726
a,1789479120.102332,1789479120.2629762
d,1789479120.2604656,1789479120.3821933
i,1789479120.3942826,1789479120.4717991
Key.space,1789479120.3401432,1789479120.4884925
f,1789479120.5042808,1789479120.6651194
Key.space,1789479120.6542642,1789479120.7701745
h,1789479120.7224576,1789479120.7940667
e,1789479120.8053133,1789479120.9041803
a,1789479120.8957732,1789479121.057376
d,1789479121.0331893,1789479121.1821787
Key.space,1789479121.1359608,1789479121.2748554
;,1789479121.2631934,1789479121.3292007
l,1789479121.2511606,1789479121.3413265
a,1789479121.316974,1789479121.524965
s,1789479121.51945,1789479121.5761275
o,1789479121.5630124,1789479121.645555
Key.backspace,1789479121.7740252,1789479121.8378606
Key.backspace,1789479121.915662,1789479121.9956126
Key.backspace,1789479122.0690653,1789479122.132604
Key.backspace,1789479122.2090404,1789479122.2809815
Key.backspace,1789479122.362351,1789479122.4530954
a,1789479122.4988017,1789479122.60319
l,1789479122.5966454,1789479122.6712399
s,1789479122.7090154,1789479122.8198152
o,1789479122.8198152,1789479122.895174
Key.space,1789479122.9054382,1789479123.049504
p,1789479123.0314171,1789479123.1239355
s,1789479123.2109425,1789479123.2963295
o,1789479123.2459786,1789479123.318411
s,1789479123.3880537,1789479123.5240867
Key.backspace,1789479123.6149244,1789479123.6731844
Key.backspace,1789479123.7617261,1789479123.8221529
Key.backspace,1789479123.9304326,1789479123.97141
o,1789479124.3546731,1789479124.4448225
s,1789479124.4875712,1789479124.554062
s,1789479124.6403358,1789479124.7323613
i,1789479124.7980359,1789479124.8759298
b,1789479124.9437654,1789479125.052349
l,1789479125.046334,1789479125.1273715
e,1789479125.185419,1789479125.288379
Key.space,1789479125.2447608,1789479125.3950953
u,1789479125.5273252,1789479125.6007533
o,1789479125.595923,1789479125.669051
Key.backspace,1789479125.867052,1789479125.941995
Key.backspace,1789479126.124073,1789479126.2092226
y,1789479126.237482,1789479126.353776
o,1789479126.3090146,1789479126.409452
u,1789479126.513135,1789479126.5844693
Key.space,1789479126.6230638,1789479126.7652483
s,1789479126.7712364,1789479126.9200315
e,1789479126.9049616,1789479127.0158675
t,1789479127.1302054,1789479127.2514455
Key.space,1789479127.245118,1789479127.434921
f,1789479127.4989636,1789479127.589039
a,1789479127.7417235,1789479127.9098985
c,1789479127.911909,1789479128.0212958
t,1789479128.3556736,1789479128.4908104
Key.space,1789479128.5214334,1789479128.66243
p,1789479128.6359558,1789479128.7312148
r,1789479128.7312148,1789479128.8402078
o,1789479128.8822308,1789479128.9612856
h,1789479129.016768,1789479129.0868683
g,1789479129.006733,1789479129.106974
Key.backspace,1789479129.4920347,1789479129.5738618
r,1789479129.7086477,1789479129.835371
a,1789479129.8311465,1789479129.954162
m,1789479129.9350002,1789479130.0180721
Key.space,1789479130.0623832,1789479130.1980329
s,1789479130.1693969,1789479130.2824357
t,1789479130.350159,1789479130.464922
i,1789479130.416924,1789479130.485955
l,1789479130.5993402,1789479130.6605291
l,1789479130.7372475,1789479130.8121083
Key.space,1789479130.7938323,1789479130.9426188
m,1789479130.9649303,1789479131.04901
a,1789479130.9624188,1789479131.1081831
t,1789479131.1414065,1789479131.2524564
Key.space,1789479131.242429,1789479131.2894332
Key.backspace,1789479131.4030237,1789479131.457246
Key.backspace,1789479131.54932,1789479131.609441
Key.backspace,1789479131.7123723,1789479131.7732885
Key.backspace,1789479132.072404,1789479132.129109
m,1789479132.284729,1789479132.3461041
a,1789479132.347113,1789479132.4671214
y,1789479132.5660236,1789479132.6830628
Key.space,1789479132.6775563,1789479132.7870214
p,1789479132.8111515,1789479132.8871846
l,1789479132.9730752,1789479133.0468912
a,1789479133.030235,1789479133.140022
n,1789479133.2338526,1789479133.2623663
Key.space,1789479133.2879004,1789479133.3982866
o,1789479133.4503267,1789479133.521982
t,1789479133.5422242,1789479133.6357148
h,1789479133.695326,1789479133.7572463
e,1789479133.7354434,1789479133.873977
r,1789479133.9661968,1789479134.0331142
Key.space,1789479133.887782,1789479134.102323
Key.backspace,1789479134.2990575,1789479134.368194
Key.backspace,1789479134.4579928,1789479134.5314016
r,1789479134.9759147,1789479135.064887
e,1789479134.9702413,1789479135.0725498
Key.space,1789479135.0520797,1789479135.1992233
Key.backspace,1789479135.3522396,1789479135.4245842
Key.backspace,1789479135.510366,1789479135.583018
Key.backspace,1789479135.643168,1789479135.7339678
r,1789479135.7313359,1789479135.8800297
Key.space,1789479135.9070375,1789479136.0730917
w,1789479136.0291536,1789479136.2076619
a,1789479136.15387,1789479136.267073
y,1789479136.2031474,1789479136.2811072
Key.space,1789479136.3573706,1789479136.485249
p,1789479136.490288,1789479136.5691926
a,1789479136.5439715,1789479136.6768017
r,1789479136.6692777,1789479136.7859623
t,1789479136.8824189,1789479136.985141
Key.space,1789479136.9891922,1789479137.0935326
e,1789479137.2038846,1789479137.3290663
v,1789479137.333906,1789479137.412379
e,1789479137.4350748,1789479137.5992796
n,1789479137.5880108,1789479137.6614537
Key.space,1789479137.720254,1789479137.8951628
g,1789479137.8822567,1789479138.0041907
o,1789479137.9693775,1789479138.0541177
e,1789479138.1194572,1789479138.2366319
Key.backspace,1789479138.54721,1789479138.6540852
v,1789479138.5658898,1789479138.6726606
e,1789479138.7683213,1789479138.8849008
r,1789479138.9767704,1789479139.1075885
n,1789479139.0580194,1789479139.1748407
f,1789479139.2447085,1789479139.3622234
Key.space,1789479139.2048538,1789479139.36999
i,1789479139.4048088,1789479139.493818
r,1789479139.46002,1789479139.6274195
s,1789479139.6019351,1789479139.7703412
t,1789479139.7840097,1789479139.9210076
Key.space,1789479139.8824704,1789479139.986829
k,1789479139.95905,1789479140.0311751
n,1789479140.1323457,1789479140.2000399
o,1789479140.3199978,1789479140.3953273
w,1789479140.355844,1789479140.4879804
Key.space,1789479140.4672463,1789479140.6103563
c,1789479140.5681875,1789479140.697457
h,1789479140.81497,1789479140.9323707
l,1789479141.0863109,1789479141.1312912
Key.backspace,1789479141.468673,1789479141.5632353
o,1789479141.6395855,1789479141.7212262
l,1789479141.824805,1789479141.914159
Key.space,1789479141.9601774,1789479142.0269375
Key.backspace,1789479142.0845714,1789479142.1390407
Key.backspace,1789479142.235233,1789479142.2829742
Key.backspace,1789479142.3800654,1789479142.4448059
i,1789479142.760252,1789479142.822269
l,1789479142.9494643,1789479143.005655
d,1789479143.1719377,1789479143.3278592
Key.space,1789479143.322215,1789479143.4474835
j,1789479143.47104,1789479143.5347993
u,1789479143.652417,1789479143.7224984
s,1789479143.7032716,1789479143.8063118
t,1789479143.8515904,1789479143.91765
r,1789479143.8465762,1789479143.9708638
Key.space,1789479143.9276967,1789479144.0910406
s,1789479144.067929,1789479144.218134
a,1789479144.4773972,1789479144.618191
y,1789479144.587296,1789479144.6642058
Key.space,1789479144.6923923,1789479144.8139927
w,1789479144.801872,1789479144.942192
l,1789479145.0091622,1789479145.0702295
e,1789479144.9251828,1789479145.075286
l,1789479145.1459763,1789479145.23118
Key.space,1789479145.2549305,1789479145.389071
h,1789479145.3661249,1789479145.439031
e,1789479145.495992,1789479145.6214566
l,1789479145.5994384,1789479145.650325
k,1789479145.5903957,1789479145.6513233
Key.backspace,1789479146.003148,1789479146.0717766
Key.backspace,1789479146.1494834,1789479146.2326932
l,1789479146.3224494,1789479146.4049048
p,1789479146.4994106,1789479146.5790088
Key.space,1789479146.5658534,1789479146.7269628
w,1789479146.6017027,1789479146.7800243
h,1789479146.77247,1789479146.8370104
a,1789479146.760392,1789479146.8839037
t,1789479146.9715648,1789479147.0950716
Key.space,1789479147.0795567,1789479147.1684196
Key.backspace,1789479147.2162583,1789479147.280465
Key.space,1789479147.609396,1789479147.7158663
g,1789479147.8276234,1789479147.905435
o,1789479148.0190628,1789479148.110254
r,1789479148.0030208,1789479148.1121528
u,1789479148.2178366,1789479148.2906904
p,1789479148.4276407,1789479148.5348787
Key.space,1789479148.520082,1789479148.6523805
a,1789479148.707975,1789479148.8476815
l,1789479148.8038433,1789479148.880471
s,1789479148.9449227,1789479149.059227
o,1789479149.0944192,1789479149.1549811
Key.space,1789479149.1278522,1789479149.2852943
b,1789479149.3573818,1789479149.4178584
y,1789479149.4652886,1789479149.5915759
Key.space,1789479149.6112165,1789479149.7161238
m,1789479149.727692,1789479149.8141704
a,1789479149.8673708,1789479149.9554029
k,1789479149.9634578,1789479150.0368185
e,1789479150.08913,1789479150.2120686
Key.space,1789479150.1677082,1789479150.2847602
o,1789479150.2492406,1789479150.3094044
r,1789479150.3974974,1789479150.4447973
Key.backspace,1789479150.582334,1789479150.6671367
Key.backspace,1789479150.7637763,1789479150.8423629
p,1789479150.934774,1789479151.0314548
r,1789479150.9971175,1789479151.1040292
o,1789479151.2769687,1789479151.3744998
b,1789479151.4111521,1789479151.524855
l,1789479151.6739504,1789479151.7571666
e,1789479151.8292272,1789479151.9311194
m,1789479151.9341187,1789479152.010036
Key.space,1789479151.9858234,1789479152.1340017
p,1789479152.190305,1789479152.2929242
e,1789479152.2587686,1789479152.3639145
r,1789479152.4462798,1789479152.5821679
s,1789479152.5564709,1789479152.68375
o,1789479152.6300054,1789479152.685756
n,1789479152.817572,1789479152.8694212
Key.space,1789479152.8361757,1789479152.9804156
p,1789479153.0480564,1789479153.1219497
l,1789479153.2123108,1789479153.3143678
a,1789479153.325879,1789479153.4303722
n,1789479153.5479472,1789479153.632228
Key.space,1789479153.655921,1789479153.7778776
s,1789479153.7925847,1789479153.9181685
t,1789479153.9779108,1789479154.09314
a,1789479154.104765,1789479154.2277129
n,1789479154.2240856,1789479154.3022802
d,1789479154.32385,1789479154.4611523
Key.space,1789479154.4310281,1789479154.5714555
u,1789479154.5073829,1789479154.57246
s,1789479154.576981,1789479154.7238133
e,1789479154.6891105,1789479154.8056161
Key.space,1789479154.765335,1789479154.9514108
g,1789479154.9694371,1789479155.0304928
f,1789479154.959421,1789479155.0540543
Key.backspace,1789479155.259127,1789479155.3358583
Key.backspace,1789479155.428166,1789479155.4968882
g,1789479155.514218,1789479155.6127124
o,1789479155.656851,1789479155.7330291
Key.space,1789479155.7010446,1789479155.8292155
b,1789479156.1002564,1789479156.1750329
u,1789479156.3277888,1789479156.401014
y,1789479156.5220509,1789479156.5692341
t,1789479156.7785568,1789479156.9293747
Key.backspace,1789479157.0377054,1789479157.0965257
Key.backspace,1789479157.186089,1789479157.252119
t,1789479157.3174987,1789479157.4138541
Key.space,1789479157.3901026,1789479157.5223398
i,1789479157.7941525,1789479157.8476388
t,1789479157.8802567,1789479157.993132
Key.space,1789479157.9562354,1789479158.086066
s,1789479158.1348042,1789479158.2619941
o,1789479158.2382581,1789479158.2881732
m,1789479158.3843796,1789479158.451114
e,1789479158.427481,1789479158.5397224
Key.space,1789479158.510314,1789479158.6522803
o,1789479158.6266062,1789479158.6902843
n,1789479158.8058438,1789479158.8662126
e,1789479158.8859887,1789479158.9979463
Key.space,1789479158.9620643,1789479159.1049848
;,1789479159.0521214,1789479159.1275167
l,1789479159.0602176,1789479159.1320307
Key.backspace,1789479159.4439871,1789479159.520213
Key.backspace,1789479159.6192532,1789479159.6955929
;,1789479159.786911,1789479159.8973453
i,1789479160.0131655,1789479160.0612283
Key.backspace,1789479160.2704434,1789479160.339046
Key.backspace,1789479160.4375894,1789479160.499449
;,1789479160.7138588,1789479160.8025646
Key.backspace,1789479161.052446,1789479161.1455028
l,1789479161.232043,1789479161.3168013
i,1789479161.4409256,1789479161.4962234
k,1789479161.5916543,1789479161.668647
e,1789479161.6751606,1789479161.790348
Key.space,1789479161.7452211,1789479161.891976
w,1789479161.8784504,1789479161.976316
o,1789479161.8909748,1789479162.0024762
k,1789479162.4302278,1789479162.5326028
e,1789479162.6117334,1789479162.6942003
r,1789479162.6002812,1789479162.7024364
Key.space,1789479162.6841733,1789479162.8324842
Key.backspace,1789479162.9977317,1789479163.047959
h,1789479163.151034,1789479163.28099
Key.backspace,1789479163.4520729,1789479163.512237
Key.backspace,1789479163.6139834,1789479163.6699944
Key.backspace,1789479163.755869,1789479163.837824
Key.esc,1789479164.0275378,1789479164.142027
