key_id,press_time,release_time
m,1789669795.224833,1789669795.3207638
o,1789669795.3688905,1789669795.4966822
n,1789669795.5373747,1789669795.6176832
k,1789669795.7411737,1789669795.8362312
e,1789669795.8622427,1789669795.960283
y,1789669796.0300887,1789669796.0857053
Key.down,1789669797.0256977,1789669797.1152375
Key.down,1789669797.2126877,1789669797.288687
Key.down,1789669797.3866885,1789669797.4546876
Key.down,1789669797.5546882,1789669797.6186874
Key.down,1789669797.7066875,1789669797.8130136
Key.down,1789669797.8746886,1789669797.9408884
Key.down,1789669798.0176187,1789669798.1001446
Key.enter,1789669798.373753,1789669798.4521728
d,1789669809.09278,1789669809.245371
u,1789669809.272789,1789669809.384385
r,1789669809.4236891,1789669809.5301077
i,1789669809.5301077,1789669809.665648
n,1789669809.7343128,1789669809.8316898
g,1789669809.8877003,1789669809.986226
Key.space,1789669810.0656896,1789669810.1336896
s,1789669810.2265258,1789669810.3872535
t,1789669810.3608935,1789669810.4539974
i,1789669810.4713154,1789669810.5589762
l,1789669810.7486997,1789669810.829398
l,1789669810.8966894,1789669810.969699
Key.space,1789669811.1527238,1789669811.2226896
o,1789669811.3466897,1789669811.469197
w,1789669811.4712212,1789669811.6026895
n,1789669811.6253068,1789669811.6866913
Key.space,1789669811.8526897,1789669811.9016895
f,1789669811.9738438,1789669812.0556905
o,1789669812.0716898,1789669812.169685
l,1789669812.2706966,1789669812.350113
l,1789669812.4296668,1789669812.4956908
o,1789669812.6159716,1789669812.7416832
w,1789669812.7574983,1789669812.8836434
Key.space,1789669812.927518,1789669812.983691
p,1789669813.1357222,1789669813.2197127
l,1789669813.2696898,1789669813.3731925
a,1789669813.43269,1789669813.5306897
n,1789669813.6196973,1789669813.6844063
Key.space,1789669813.8286903,1789669813.88869
o,1789669813.9906886,1789669814.12096
t,1789669814.12096,1789669814.2186902
h,1789669814.30269,1789669814.3913133
e,1789669814.4186916,1789669814.5791152
r,1789669814.51269,1789669814.607699
Key.space,1789669814.6896908,1789669814.74569
b,1789669815.8598623,1789669815.9085019
e,1789669815.9316905,1789669816.0916228
t,1789669816.0726905,1789669816.1466904
w,1789669816.2446923,1789669816.4229205
e,1789669816.4229205,1789669816.4986906
e,1789669816.5866907,1789669816.6646903
n,1789669816.6966903,1789669816.7726908
Key.space,1789669817.7856905,1789669817.87769
n,1789669818.0336905,1789669818.1216295
e,1789669818.1836908,1789669818.2585802
e,1789669818.3341243,1789669818.435969
d,1789669818.4634795,1789669818.547782
Key.space,1789669818.5976923,1789669818.6816907
a,1789669818.7237406,1789669818.8134813
Key.space,1789669818.873065,1789669818.9346905
s,1789669819.0187395,1789669819.1094549
o,1789669819.1126907,1789669819.2585561
m,1789669819.2892215,1789669819.3911612
e,1789669819.4766927,1789669819.5646908
Key.space,1789669819.5932543,1789669819.657285
p,1789669819.8231459,1789669819.9446905
r,1789669819.9666915,1789669820.07221
o,1789669820.0977,1789669820.201054
b,1789669820.2595658,1789669820.3220625
l,1789669820.647691,1789669820.7377048
e,1789669820.7696912,1789669820.8846989
m,1789669820.9616947,1789669821.0436912
Key.space,1789669821.169691,1789669821.2321274
h,1789669821.4276915,1789669821.5177078
e,1789669821.535692,1789669821.6386929
Key.space,1789669821.720739,1789669821.7589796
p,1789669821.9337163,1789669822.0274072
e,1789669822.0587544,1789669822.1706922
r,1789669822.155658,1789669822.2477016
s,1789669822.278691,1789669822.3572621
o,1789669822.3538473,1789669822.4949214
n,1789669822.524551,1789669822.5771973
Key.space,1789669822.7291572,1789669822.8096366
f,1789669822.843691,1789669822.9241488
a,1789669822.9251516,1789669823.0995972
c,1789669823.0776508,1789669823.1599782
e,1789669823.197749,1789669823.2556913
Key.space,1789669823.4256222,1789669823.524191
o,1789669823.7956915,1789669823.9085553
n,1789669823.9646916,1789669824.0386934
l,1789669824.2264676,1789669824.2910812
y,1789669824.3210375,1789669824.398688
Key.space,1789669824.5082967,1789669824.5806935
s,1789669824.6326916,1789669824.7265146
h,1789669824.7666917,1789669824.8386915
o,1789669824.903697,1789669825.0286918
u,1789669825.0708818,1789669825.1326916
l,1789669825.3016913,1789669825.385692
d,1789669825.4181051,1789669825.5262246
Key.space,1789669825.5656917,1789669825.6116915
i,1789669825.7403903,1789669825.8802793
n,1789669825.877692,1789669825.9762828
t,1789669826.0196917,1789669826.1214092
o,1789669826.1227858,1789669826.2216918
Key.space,1789669826.3452399,1789669826.438504
a,1789669826.478495,1789669826.594658
g,1789669826.650692,1789669826.7806923
a,1789669826.7626922,1789669826.8686683
i,1789669826.852658,1789669826.9786947
n,1789669826.9869668,1789669827.0826926
s,1789669827.10655,1789669827.238692
t,1789669827.228692,1789669827.368856
Key.space,1789669827.368856,1789669827.4423745
t,1789669827.606965,1789669827.6966922
h,1789669827.7196922,1789669827.8093195
i,1789669827.8376925,1789669827.9577234
i,1789669827.9856923,1789669828.0580735
n,1789669827.9656925,1789669828.0592127
g,1789669828.1599736,1789669828.2476923
Key.backspace,1789669828.710081,1789669828.7996924
Key.backspace,1789669828.8922443,1789669828.9994843
g,1789669829.049674,1789669829.1375551
Key.space,1789669829.316694,1789669829.398693
f,1789669829.518689,1789669829.596447
o,1789669829.5974512,1789669829.715032
r,1789669829.7426927,1789669829.8233511
Key.space,1789669829.9171443,1789669830.000693
s,1789669830.0646927,1789669830.1847525
c,1789669830.1886926,1789669830.27285
h,1789669830.3073008,1789669830.357094
o,1789669830.511392,1789669830.5602608
o,1789669830.6336927,1789669830.7316961
l,1789669830.8956935,1789669830.983693
Key.space,1789669831.1842306,1789669831.2296927
w,1789669831.335694,1789669831.4381633
h,1789669831.497694,1789669831.581693
i,1789669831.616163,1789669831.7606921
c,1789669831.8806944,1789669831.955247
h,1789669832.0206928,1789669832.0826929
Key.space,1789669832.3606925,1789669832.416693
o,1789669832.5546944,1789669832.6614017
f,1789669832.678693,1789669832.7408595
f,1789669832.818693,1789669832.898693
Key.space,1789669833.055729,1789669833.13168
w,1789669833.203693,1789669833.3436923
e,1789669833.3016932,1789669833.395693
Key.space,1789669833.489695,1789669833.5616927
p,1789669833.7456932,1789669833.8562136
r,1789669833.8301961,1789669833.9539979
e,1789669833.8832638,1789669834.0096934
s,1789669834.1136842,1789669834.1915398
e,1789669834.2775233,1789669834.3878918
n,1789669834.4770494,1789669834.580693
t,1789669834.622861,1789669834.7176957
Key.space,1789669834.8069854,1789669834.882833
e,1789669834.9726384,1789669835.0706935
y,1789669835.230693,1789669835.3706932
e,1789669835.4166934,1789669835.5231454
Key.space,1789669835.5906641,1789669835.6606927
o,1789669835.9463408,1789669836.0806646
n,1789669836.2036934,1789669836.2836936
l,1789669836.4400692,1789669836.5316935
y,1789669836.5796936,1789669836.6919153
Key.space,1789669836.837573,1789669836.9079192
w,1789669836.9579372,1789669837.074864
o,1789669837.1073315,1789669837.2106938
u,1789669837.3166947,1789669837.4006937
l,1789669837.5866935,1789669837.6569052
d,1789669837.7686937,1789669837.8446937
Key.space,1789669837.9739208,1789669838.0526938
a,1789669838.7776937,1789669838.8855486
n,1789669838.9574807,1789669839.0359843
o,1789669839.1400335,1789669839.2096937
t,1789669839.2559612,1789669839.3356938
h,1789669839.4042807,1789669839.4916933
e,1789669839.543694,1789669839.6733146
r,1789669839.6203184,1789669839.733566
Key.space,1789669839.8286948,1789669839.9131224
a,1789669839.914127,1789669840.0167205
g,1789669840.1017497,1789669840.212694
i,1789669840.311048,1789669840.3443258
a,1789669840.2967234,1789669840.3806946
n,1789669840.5846405,1789669840.7026944
s,1789669840.8100772,1789669840.959694
t,1789669840.947103,1789669841.0396767
Key.space,1789669841.1253793,1789669841.2016943
t,1789669841.2816942,1789669841.3816946
h,1789669841.4220865,1789669841.5015428
e,1789669841.5156946,1789669841.631694
y,1789669841.6976733,1789669841.800093
Key.space,1789669841.9920993,1789669842.0232003
a,1789669842.0666945,1789669842.2266946
r,1789669842.1986947,1789669842.2826943
o,1789669842.3346946,1789669842.4326942
u,1789669842.5766943,1789669842.6548612
n,1789669842.7486963,1789669842.8186944
d,1789669842.9026945,1789669842.9636946
Key.space,1789669843.031314,1789669843.103271
t,1789669843.1758926,1789669843.19407
m,1789669843.3455398,1789669843.3916
Key.backspace,1789669843.689578,1789669843.749696
Key.backspace,1789669843.8136954,1789669843.8836956
m,1789669844.0830584,1789669844.1728287
a,1789669844.2009368,1789669844.280696
n,1789669844.341187,1789669844.4146955
y,1789669844.4646962,1789669844.590669
Key.space,1789669844.6446958,1789669844.726695
b,1789669844.9891753,1789669845.0786958
e,1789669845.0891185,1789669845.2433352
f,1789669845.2231188,1789669845.312697
o,1789669845.358695,1789669845.4726408
r,1789669845.4726408,1789669845.5857139
e,1789669845.5381253,1789669845.653929
Key.space,1789669845.6857288,1789669845.774305
h,1789669845.9714115,1789669846.069705
o,1789669846.1812727,1789669846.2756953
w,1789669846.2767024,1789669846.3402362
e,1789669846.4529097,1789669846.5697045
v,1789669846.581695,1789669846.6656952
e,1789669846.6756954,1789669846.8176963
r,1789669846.794704,1789669846.8776956
Key.space,1789669846.9333377,1789669847.0167046
w,1789669847.2149315,1789669847.312696
i,1789669847.295331,1789669847.4106953
t,1789669847.4386387,1789669847.512697
h,1789669847.4782267,1789669847.564696
o,1789669847.6990068,1789669847.8270698
u,1789669847.8270698,1789669847.924939
t,1789669847.9650903,1789669848.0348582
Key.space,1789669848.1686802,1789669848.2741637
b,1789669848.3853822,1789669848.4561312
u,1789669848.4943335,1789669848.5961478
t,1789669848.634042,1789669848.7176955
Key.space,1789669848.8200927,1789669848.8836956
t,1789669848.9560359,1789669849.0356023
h,1789669849.08993,1789669849.1742241
s,1789669849.1981153,1789669849.3139336
e,1789669849.393889,1789669849.4942365
Key.space,1789669849.555867,1789669849.6446264
Key.backspace,1789669849.9082808,1789669849.985625
Key.backspace,1789669850.0822668,1789669850.1629982
Key.backspace,1789669850.2450027,1789669850.3507779
e,1789669850.4171712,1789669850.497315
s,1789669850.6185718,1789669850.7104473
e,1789669850.8054683,1789669850.898806
Key.space,1789669850.9333978,1789669850.9994304
m,1789669851.1317804,1789669851.209696
i,1789669851.2996962,1789669851.408496
g,1789669851.4302428,1789669851.519974
h,1789669851.5796967,1789669851.659696
t,1789669851.7016957,1789669851.7916958
Key.space,1789669851.8496912,1789669851.9380007
a,1789669851.9756958,1789669852.135696
f,1789669852.2339723,1789669852.3370204
t,1789669852.4827054,1789669852.5908148
e,1789669852.5918188,1789669852.753376
r,1789669852.7306962,1789669852.8272674
Key.space,1789669853.5772889,1789669853.6616886
p,1789669853.9896975,1789669854.1227164
r,1789669854.1227164,1789669854.2096965
o,1789669854.2616966,1789669854.3736959
b,1789669854.4279993,1789669854.5539477
l,1789669854.6166964,1789669854.724696
e,1789669854.7666965,1789669854.873394
m,1789669854.9388237,1789669855.0266967
Key.space,1789669855.1646962,1789669855.2166963
u,1789669855.3506966,1789669855.4486966
s,1789669855.484627,1789669855.592379
e,1789669855.677401,1789669855.7703438
Key.space,1789669855.8156965,1789669855.8996964
s,1789669855.9556966,1789669856.0398314
y,1789669856.0836966,1789669856.1956933
s,1789669856.2496965,1789669856.3336723
t,1789669856.4136982,1789669856.5316966
e,1789669856.497697,1789669856.6061218
m,1789669856.6615088,1789669856.7597668
Key.space,1789669856.9074552,1789669856.9676967
t,1789669857.0597074,1789669857.1726964
h,1789669857.2086968,1789669857.2926965
a,1789669857.3426974,1789669857.4992814
t,1789669857.4933996,1789669857.5926967
Key.space,1789669857.636818,1789669857.7106972
l,1789669857.908697,1789669857.996697
i,1789669858.1392677,1789669858.2086966
k,1789669858.3226962,1789669858.4126968
e,1789669858.464697,1789669858.567608
Key.space,1789669858.6116974,1789669858.7315812
a,1789669858.907697,1789669859.006034
i,1789669859.0478845,1789669859.0754793
Key.backspace,1789669859.539698,1789669859.6336975
g,1789669859.6497302,1789669859.7766552
a,1789669859.7755878,1789669859.8715127
i,1789669859.9084983,1789669859.9895988
n,1789669860.0991375,1789669860.1903734
s,1789669860.217122,1789669860.333187
t,1789669860.3106973,1789669860.4037147
Key.space,1789669860.4666982,1789669860.536847
b,1789669860.6817296,1789669860.7566972
o,1789669860.8969269,1789669861.0096974
t,1789669861.0396972,1789669861.1178772
h,1789669861.1956975,1789669861.2870286
Key.space,1789669861.4762497,1789669861.5530634
l,1789669861.880957,1789669861.9396975
i,1789669862.0841238,1789669862.1256974
o,1789669862.103595,1789669862.1256974
t,1789669862.1601346,1789669862.2336998
t,1789669862.341666,1789669862.4126976
Key.backspace,1789669862.5906975,1789669862.6728685
Key.backspace,1789669862.7566977,1789669862.8188503
Key.backspace,1789669862.9429214,1789669863.0086977
t,1789669863.088698,1789669863.1693714
t,1789669863.2606976,1789669863.326698
l,1789669863.3724558,1789669863.4525833
e,1789669863.5193856,1789669863.6151662
Key.space,1789669863.6886692,1789669863.7586977
l,1789669863.924331,1789669864.0007079
i,1789669864.1298926,1789669864.1996987
k,1789669864.3300583,1789669864.399698
e,1789669864.438247,1789669864.539698
Key.space,1789669864.5796995,1789669864.6416984
h,1789669864.6937099,1789669864.7824004
o,1789669864.811698,1789669864.905408
l,1789669865.0291364,1789669865.0899549
d,1789669865.165883,1789669865.244698
Key.space,1789669865.296698,1789669865.3668835
a,1789669865.4930396,1789669865.572839
l,1789669865.6372178,1789669865.7219436
s,1789669865.7926989,1789669865.875435
o,1789669865.870625,1789669865.9826937
Key.space,1789669866.1166666,1789669866.1931748
f,1789669866.2126982,1789669866.3426988
e,1789669866.31859,1789669866.3992028
e,1789669866.4786944,1789669866.57167
l,1789669866.5766983,1789669866.674258
Key.space,1789669866.8276014,1789669866.8976998
o,1789669866.9916983,1789669867.1276984
h,1789669867.1136985,1789669867.1701238
=,1789669867.6336982,1789669867.7435172
Key.backspace,1789669868.172392,1789669868.2230818
Key.backspace,1789669868.3108513,1789669868.3946984
n,1789669868.6034713,1789669868.687165
l,1789669868.859652,1789669868.942683
y,1789669868.9588258,1789669869.064699
Key.space,1789669869.2069626,1789669869.2586985
t,1789669869.3456984,1789669869.4580588
h,1789669869.4958305,1789669869.5796988
e,1789669869.5896983,1789669869.6698701
s,1789669869.7861142,1789669869.8556366
e,1789669869.9498491,1789669870.0377614
Key.space,1789669870.0777004,1789669870.1514616
m,1789669870.823699,1789669870.9317312
a,1789669870.9560044,1789669871.068856
k,1789669871.1117108,1789669871.199914
e,1789669871.210699,1789669871.3031204
Key.space,1789669871.3807874,1789669871.4606988
f,1789669871.495708,1789669871.5767422
i,1789669871.5747,1789669871.6426957
i,1789669871.6709013,1789669871.7011526
n,1789669871.6852689,1789669871.7826998
d,1789669871.8446991,1789669871.922698
Key.space,1789669871.9446988,1789669872.0046985
Key.backspace,1789669872.3498952,1789669872.394699
Key.backspace,1789669872.478699,1789669872.5726986
Key.backspace,1789669872.6478853,1789669872.7057006
Key.backspace,1789669872.779699,1789669872.8577
n,1789669873.2356477,1789669873.323699
d,1789669873.4362774,1789669873.5167093
Key.space,1789669873.565383,1789669873.6396997
s,1789669873.7396994,1789669873.7956991
Key.backspace,1789669874.1318212,1789669874.21546
c,1789669874.2766993,1789669874.3647006
o,1789669874.441535,1789669874.5306995
m,1789669874.6513197,1789669874.7426996
e,1789669874.7906995,1789669874.8985226
Key.space,1789669874.9248,1789669875.0187495
i,1789669875.1307101,1789669875.2586994
n,1789669875.284816,1789669875.3786995
t,1789669875.3926995,1789669875.529276
e,1789669875.529276,1789669875.678719
r,1789669875.6547005,1789669875.7987325
e,1789669875.7607007,1789669875.8477087
s,1789669875.9567006,1789669876.041701
t,1789669876.0703113,1789669876.15433
Key.space,1789669876.2075415,1789669876.2802367
a,1789669876.3361647,1789669876.4257
n,1789669876.4757006,1789669876.5427117
o,1789669876.6257,1789669876.7097
t,1789669876.7660592,1789669876.8636997
h,1789669876.9010139,1789669876.9944053
e,1789669877.0076997,1789669877.1637003
r,1789669877.1026661,1789669877.1647046
Key.space,1789669877.244385,1789669877.3276997
d,1789669877.3816998,1789669877.4627087
e,1789669877.4796999,1789669877.6161733
v,1789669877.6513069,1789669877.7457
e,1789669877.7357976,1789669877.8403692
l,1789669877.8679237,1789669877.9557016
o,1789669878.1147006,1789669878.1874018
p,1789669878.2931564,1789669878.3946998
Key.space,1789669878.5886045,1789669878.6467013
n,1789669878.782701,1789669878.8567004
u,1789669878.9327002,1789669879.0309474
m,1789669879.1407,1789669879.2312574
b,1789669879.3707004,1789669879.4532568
e,1789669879.4832292,1789669879.5907004
r,1789669879.5348697,1789669879.6407
Key.space,1789669879.658701,1789669879.7327044
o,1789669879.8397005,1789669879.9740574
n,1789669879.9957364,1789669880.0701349
l,1789669880.2215831,1789669880.3203893
y,1789669880.3561301,1789669880.445649
Key.space,1789669880.5497022,1789669880.6217
a,1789669880.752295,1789669880.8737006
g,1789669880.9217007,1789669880.992015
a,1789669880.9932466,1789669881.0977006
i,1789669881.0699937,1789669881.1957004
n,1789669881.2097013,1789669881.2757006
Key.space,1789669881.4037,1789669881.4737003
c,1789669881.5737007,1789669881.6487017
a,1789669881.636675,1789669881.7293046
n,1789669881.7567008,1789669881.813422
Key.space,1789669881.9147015,1789669881.9787016
m,1789669882.1309865,1789669882.2127006
a,1789669882.2287133,1789669882.3087006
n,1789669882.4227004,1789669882.5097106
Key.space,1789669882.6387005,1789669882.7126262
u,1789669882.84127,1789669882.9468482
n,1789669882.9840257,1789669883.0627341
d,1789669883.1427016,1789669883.2332366
e,1789669883.1713178,1789669883.38702
r,1789669883.338701,1789669883.4227011
Key.space,1789669883.4637334,1789669883.5576978
a,1789669883.541701,1789669883.6681118
s,1789669883.6237013,1789669883.7372773
Key.space,1789669883.7537012,1789669883.8277009
l,1789669884.091702,1789669884.1697016
i,1789669884.3117113,1789669884.3827121
k,1789669884.4924119,1789669884.561701
e,1789669884.596125,1789669884.7001245
Key.space,1789669884.743701,1789669884.8344953
l,1789669885.0027013,1789669885.0867975
o,1789669885.1807013,1789669885.2447011
o,1789669885.3287363,1789669885.4147012
k,1789669885.4508252,1789669885.5387192
Key.space,1789669885.6871707,1789669885.753329
s,1789669885.8112416,1789669885.8947012
m,1789669885.9387012,1789669885.9805868
a,1789669886.0107355,1789669886.0887015
l,1789669886.1867013,1789669886.2531588
l,1789669886.3409863,1789669886.4307013
Key.space,1789669886.6015594,1789669886.6597016
w,1789669886.7747102,1789669886.94329
r,1789669886.9442942,1789669887.0242088
i,1789669887.0577013,1789669887.1521199
t,1789669887.184263,1789669887.3197012
e,1789669887.2787118,1789669887.3840153
Key.space,1789669887.4203162,1789669887.503553
m,1789669887.6269772,1789669887.7057014
o,1789669887.7437015,1789669887.8638904
v,1789669887.8917022,1789669888.0137017
e,1789669887.9800029,1789669888.0829463
Key.space,1789669888.1107125,1789669888.2047017
c,1789669888.2929869,1789669888.3547015
h,1789669888.4077137,1789669888.4865665
i,1789669888.5467012,1789669888.6767025
l,1789669888.7989862,1789669888.896711
d,1789669888.9350557,1789669889.02976
Key.space,1789669889.080702,1789669889.138702
j,1789669889.2824109,1789669889.3967018
u,1789669889.4988098,1789669889.6222007
s,1789669889.6166282,1789669889.7617018
t,1789669889.729702,1789669889.8499658
Key.space,1789669889.8717017,1789669889.9655354
d,1789669890.0044215,1789669890.1297188
a,1789669890.1097028,1789669890.2607117
h,1789669890.427702,1789669890.5043478
y,1789669890.4057028,1789669890.5219975
Key.space,1789669890.5897028,1789669890.6776946
Key.backspace,1789669891.0137022,1789669891.070702
Key.backspace,1789669891.1689851,1789669891.242702
Key.space,1789669891.6182058,1789669891.7002518
a,1789669891.7505322,1789669891.9127018
f,1789669891.8757145,1789669891.9788854
e,1789669892.0867026,1789669892.3047023
t,1789669892.2544355,1789669892.3607204
Key.backspace,1789669892.6517022,1789669892.721702
Key.backspace,1789669892.811703,1789669892.9137032
t,1789669892.8999844,1789669893.0057037
e,1789669893.0067117,1789669893.1833065
r,1789669893.127703,1789669893.2217023
Key.space,1789669893.3400383,1789669893.4159868
l,1789669893.5897038,1789669893.6777024
a,1789669893.6787179,1789669893.8097024
t,1789669893.8197024,1789669893.9447134
e,1789669893.8897023,1789669894.0107107
Key.space,1789669894.049766,1789669894.137703
s,1789669894.286703,1789669894.420703
u,1789669894.434678,1789669894.5527022
c,1789669894.5652113,1789669894.644715
h,1789669894.6767027,1789669894.7565894
Key.space,1789669894.9147043,1789669894.9707026
p,1789669895.1490533,1789669895.2764037
o,1789669895.346734,1789669895.4427037
s,1789669895.499206,1789669895.5620904
s,1789669895.6637032,1789669895.716217
i,1789669895.7615652,1789669895.8927114
b,1789669895.9297042,1789669896.0117123
l,1789669896.0877028,1789669896.1817632
e,1789669896.227703,1789669896.336266
Key.space,1789669896.3953834,1789669896.4637039
p,1789669896.653703,1789669896.8118834
l,1789669896.872711,1789669896.9637234
a,1789669896.9817395,1789669897.083444
u,1789669897.149094,1789669897.236703
Key.space,1789669897.3747032,1789669897.4605227
Key.backspace,1789669897.751063,1789669897.802703
Key.backspace,1789669897.8787196,1789669897.976704
h,1789669898.0390928,1789669898.1287372
y,1789669898.0319078,1789669898.1667993
Key.backspace,1789669898.760225,1789669898.831647
Key.space,1789669899.0617034,1789669899.125705
b,1789669899.2777033,1789669899.366402
e,1789669899.3678238,1789669899.4637096
Key.space,1789669899.5177305,1789669899.5937035
t,1789669899.618237,1789669899.71216
h,1789669899.7437272,1789669899.817807
a,1789669899.845737,1789669899.9356997
n,1789669899.9857035,1789669900.04172
Key.space,1789669900.1629696,1789669900.2107036
j,1789669901.6957037,1789669901.8316817
Key.backspace,1789669902.3417041,1789669902.387704
Key.backspace,1789669902.429708,1789669902.4503057
h,1789669904.163714,1789669904.2407048
a,1789669904.2835376,1789669904.432787
v,1789669904.4087052,1789669904.5289888
e,1789669904.4747136,1789669904.6067045
Key.space,1789669904.7337067,1789669904.8159056
r,1789669905.7357044,1789669905.8341725
e,1789669905.7753887,1789669905.910761
a,1789669905.8239682,1789669905.9539025
l,1789669905.974209,1789669906.0757043
Key.space,1789669906.2717056,1789669906.3557045
a,1789669906.4397047,1789669906.5097044
=,1789669906.8109174,1789669906.8847048
e,1789669906.9267044,1789669907.039715
Key.backspace,1789669907.3187046,1789669907.3811107
Key.backspace,1789669907.4727046,1789669907.5347056
Key.backspace,1789669907.6047049,1789669907.665241
e,1789669907.7577517,1789669907.8661714
n,1789669907.88368,1789669907.9677224
d,1789669908.037705,1789669908.1356506
Key.space,1789669908.133475,1789669908.191709
p,1789669908.3176565,1789669908.4183726
r,1789669908.4183726,1789669908.5020363
o,1789669908.5668812,1789669908.6641662
b,1789669908.703428,1789669908.783612
l,1789669909.2277045,1789669909.326705
e,1789669909.3537052,1789669909.4534225
m,1789669909.5410504,1789669909.6156187
Key.space,1789669909.754706,1789669909.797798
p,1789669909.983589,1789669910.0468445
l,1789669910.0727053,1789669910.1727068
a,1789669910.2087362,1789669910.3077197
y,1789669910.410739,1789669910.5317473
Key.space,1789669910.591705,1789669910.6697059
h,1789669910.835705,1789669910.9197054
e,1789669910.9475005,1789669911.0458724
Key.space,1789669911.1097603,1789669911.1697052
k,1789669911.3117054,1789669911.391705
o,1789669911.6162446,1789669911.7498004
Key.backspace,1789669912.0901148,1789669912.1826212
n,1789669912.3707054,1789669912.4596982
o,1789669912.5167055,1789669912.6583848
w,1789669912.6583848,1789669912.7747054
Key.space,1789669912.7947052,1789669912.8847055
l,1789669913.0567062,1789669913.1431324
i,1789669913.2646434,1789669913.3490803
f,1789669913.384273,1789669913.5165782
e,1789669913.4507048,1789669913.5779624
Key.space,1789669913.5897057,1789669913.667855
i,1789669913.7567155,1789669913.8542912
n,1789669913.8658574,1789669913.9577057
t,1789669914.0577054,1789669914.213224
o,1789669914.2142239,1789669914.273707
Key.space,1789669914.4017057,1789669914.4804065
w,1789669914.5057065,1789669914.6501884
a,1789669914.6036053,1789669914.727601
n,1789669914.7377055,1789669914.8321395
t,1789669914.8416767,1789669914.9314463
Key.space,1789669914.9847057,1789669915.060679
d,1789669915.1087065,1789669915.202342
u,1789669915.1970406,1789669915.280679
r,1789669915.3387067,1789669915.3992345
i,1789669915.3992345,1789669915.5207064
n,1789669915.578706,1789669915.667243
g,1789669915.721717,1789669915.8087068
Key.space,1789669915.896841,1789669915.9646606
n,1789669916.0797138,1789669916.1490042
o,1789669916.1970255,1789669916.3320665
w,1789669916.3320665,1789669916.430063
Key.space,1789669916.4717546,1789669916.5357058
t,1789669916.5577385,1789669916.6504014
h,1789669916.6960423,1789669916.7857065
a,1789669916.7867131,1789669916.92573
t,1789669916.8842955,1789669916.982524
Key.space,1789669917.0017061,1789669917.0714417
o,1789669917.17892,1789669917.2577062
r,1789669917.2577062,1789669917.3673446
Key.space,1789669917.3997076,1789669917.488707
f,1789669917.5133574,1789669917.6347063
e,1789669917.6559029,1789669917.7957375
w,1789669917.9007082,1789669918.046657
Key.space,1789669918.054706,1789669918.0972767
h,1789669918.2407074,1789669918.31311
o,1789669918.3959157,1789669918.5227218
m,1789669918.5207074,1789669918.601069
e,1789669918.6672711,1789669918.7557068
Key.space,1789669918.769707,1789669918.8302326
f,1789669918.8732145,1789669918.9440522
i,1789669918.972213,1789669919.0658944
r,1789669919.0669007,1789669919.1646469
s,1789669919.15199,1789669919.3206213
t,1789669919.2798526,1789669919.3597064
Key.space,1789669919.38028,1789669919.5017066
r,1789669919.770265,1789669919.8217068
t,1789669919.7501082,1789669919.8227127
h,1789669919.8437192,1789669919.9235747
Key.backspace,1789669920.288722,1789669920.3367076
Key.backspace,1789669920.41074,1789669920.493828
h,1789669920.6806777,1789669920.750707
e,1789669920.9133213,1789669920.975717
s,1789669921.0810537,1789669921.1800506
e,1789669921.2877076,1789669921.3627093
Key.space,1789669921.3837068,1789669921.453709
m,1789669921.5677066,1789669921.678913
e,1789669921.651707,1789669921.7677066
a,1789669921.6837063,1789669921.8197036
n,1789669921.845678,1789669921.907707
Key.space,1789669922.0197077,1789669922.069707
p,1789669922.22272,1789669922.299533
l,1789669922.3318594,1789669922.4177063
a,1789669922.4185984,1789669922.5862753
n,1789669922.6034935,1789669922.663918
Key.space,1789669922.7567167,1789669922.8587077
w,1789669922.904709,1789669923.0567384
a,1789669923.0149467,1789669923.1277165
y,1789669923.2627301,1789669923.366707
Key.space,1789669923.3927412,1789669923.4803512
g,1789669923.7747073,1789669923.8614154
r,1789669924.052707,1789669924.1567242
t,1789669924.0537088,1789669924.1567242
Key.backspace,1789669924.4737074,1789669924.562016
e,1789669924.6183896,1789669924.785707
a,1789669924.7197084,1789669924.867708
t,1789669924.859632,1789669924.9547148
Key.space,1789669925.035708,1789669925.1340759
b,1789669925.2697098,1789669925.3437161
a,1789669925.3677068,1789669925.4806044
c,1789669925.4976652,1789669925.5887165
k,1789669925.6207166,1789669925.6817775
l,1789669925.6207166,1789669925.6832159
Key.backspace,1789669926.0887547,1789669926.1628993
Key.space,1789669926.478039,1789669926.572708
t,1789669926.6025088,1789669926.7134857
h,1789669926.7367077,1789669926.8313217
r,1789669926.881141,1789669926.9567418
o,1789669926.979414,1789669927.0782242
u,1789669927.1155896,1789669927.19189
g,1789669927.2249076,1789669927.3017075
h,1789669927.447708,1789669927.5157077
Key.space,1789669927.7217078,1789669927.8433397
d,1789669928.0619187,1789669928.1459649
u,1789669928.1716943,1789669928.2643218
r,1789669928.2643218,1789669928.3449304
i,1789669928.3677087,1789669928.483708
n,1789669928.5151558,1789669928.6057165
g,1789669928.636709,1789669928.7309737
Key.space,1789669928.9028516,1789669928.962944
Key.esc,1789669934.4057088,1789669934.4907086
Key.alt_l,1789670045.9099135,1789670046.0134509
Key.tab,1789670045.9497266,1789670046.0529768
n,1789670047.1277854,1789670047.2086835
e,1789670047.269987,1789670047.4264312
w,1789670047.318666,1789670047.4663186
Key.space,1789670047.526751,1789670047.5803914
w,1789670047.8628008,1789670048.022875
r,1789670047.9849923,1789670048.092972
i,1789670048.1244652,1789670048.236005
t,1789670048.2569277,1789670048.3911686
e,1789670048.338896,1789670048.487065
Key.space,1789670048.4856045,1789670048.542406
j,1789670048.67509,1789670048.7652917
e,1789670048.8344698,1789670048.9228868
e,1789670049.006773,1789670049.1091926
Key.backspace,1789670049.4055023,1789670049.5218372
Key.backspace,1789670049.6017268,1789670049.679931
Key.backspace,1789670049.7660835,1789670049.8401952
k,1789670050.061736,1789670050.1697261
e,1789670050.2999237,1789670050.385727
e,1789670050.497792,1789670050.5937612
p,1789670050.649573,1789670050.767248
Key.space,1789670050.905727,1789670050.989728
b,1789670051.150542,1789670051.237727
e,1789670051.295727,1789670051.4237375
c,1789670051.4989789,1789670051.5712025
o,1789670051.6407278,1789670051.7532315
m,1789670051.8265994,1789670051.9207282
e,1789670052.008737,1789670052.1237369
Key.space,1789670052.1484575,1789670052.2267275
l,1789670052.4146485,1789670052.4887273
o,1789670052.613079,1789670052.7332308
g,1789670052.9614081,1789670053.0557399
Key.backspace,1789670053.3517272,1789670053.4360075
n,1789670053.6160853,1789670053.70529
g,1789670053.7237518,1789670053.8217275
Key.space,1789670054.053728,1789670054.135727
s,1789670054.1757274,1789670054.2887375
e,1789670054.3757386,1789670054.549696
t,1789670054.5257275,1789670054.6517277
Key.space,1789670054.6257274,1789670054.7444353
l,1789670054.893879,1789670054.9500303
i,1789670055.1337276,1789670055.2017272
t,1789670055.225709,1789670055.3027277
t,1789670055.404729,1789670055.4757361
l,1789670055.502728,1789670055.5867276
e,1789670055.6507294,1789670055.7407277
Key.space,1789670055.7786615,1789670055.818728
o,1789670055.9473755,1789670056.0527277
w,1789670056.0847294,1789670056.1992824
n,1789670056.220728,1789670056.2815118
Key.space,1789670056.4247286,1789670056.4907277
l,1789670056.6917632,1789670056.762544
e,1789670056.7577507,1789670056.9113612
a,1789670056.8336236,1789670056.9577367
v,1789670056.974718,1789670057.0697274
e,1789670057.0307677,1789670057.1237376
Key.space,1789670057.2177272,1789670057.2837286
u,1789670057.4264717,1789670057.5438852
n,1789670057.5839794,1789670057.664076
d,1789670057.7140863,1789670057.8077083
e,1789670057.761913,1789670057.9502406
r,1789670057.916075,1789670057.9955614
Key.space,1789670057.9840972,1789670058.0597296
a,1789670058.1437614,1789670058.2417624
l,1789670058.2978067,1789670058.3877285
s,1789670058.433728,1789670058.5267282
o,1789670058.5387285,1789670058.6489508
Key.space,1789670058.764729,1789670058.8427606
t,1789670058.9023612,1789670058.9771557
h,1789670059.017017,1789670059.1147702
i,1789670059.1527412,1789670059.2567282
n,1789670059.2827284,1789670059.3630743
g,1789670059.4804578,1789670059.5447288
Key.backspace,1789670059.8597283,1789670059.9541802
k,1789670060.0597248,1789670060.1377285
Key.space,1789670060.2857285,1789670060.3305535
u,1789670060.4557283,1789670060.5737293
n,1789670060.5897298,1789670060.6737292
d,1789670060.6897285,1789670060.809719
e,1789670060.7776926,1789670060.9660063
r,1789670060.910959,1789670061.0057626
Key.space,1789670061.0057626,1789670061.0857284
a,1789670061.131584,1789670061.2304888
l,1789670061.2717288,1789670061.343747
l,1789670061.3990107,1789670061.474727
Key.space,1789670061.6187294,1789670061.6963234
a,1789670061.7207954,1789670061.8427389
l,1789670061.843751,1789670061.9272316
s,1789670061.9887288,1789670062.0947287
o,1789670062.096065,1789670062.198783
Key.space,1789670062.3267198,1789670062.4150875
p,1789670062.7979026,1789670062.893729
o,1789670062.9883766,1789670063.0964556
i,1789670063.180793,1789670063.2597287
n,1789670063.2862685,1789670063.3661883
t,1789670063.38973,1789670063.501729
Key.space,1789670063.521729,1789670063.6078532
t,1789670063.627529,1789670063.70779
o,1789670063.7087922,1789670063.8098693
Key.space,1789670063.9099066,1789670063.9792762
c,1789670064.0047395,1789670064.0644207
o,1789670064.1080394,1789670064.2374911
m,1789670064.2318218,1789670064.30773
e,1789670064.351729,1789670064.4727294
Key.space,1789670064.4464846,1789670064.5087543
l,1789670064.6587293,1789670064.721302
i,1789670064.8327293,1789670064.9027293
k,1789670065.000729,1789670065.074731
e,1789670065.0947258,1789670065.2070057
Key.space,1789670065.2167292,1789670065.2747293
h,1789670065.4387302,1789670065.5367296
a,1789670065.513358,1789670065.640027
v,1789670065.6619895,1789670065.7327287
e,1789670065.695093,1789670065.8027294
Key.space,1789670065.8107305,1789670065.8707304
h,1789670066.007158,1789670066.0587533
Key.backspace,1789670066.313462,1789670066.3796325
t,1789670066.438152,1789670066.5217304
h,1789670066.5417607,1789670066.6725717
i,1789670066.699866,1789670066.8177288
s,1789670066.8437483,1789670066.9281807
Key.space,1789670066.9597394,1789670067.0393388
i,1789670067.125688,1789670067.2144363
n,1789670067.2175784,1789670067.2754564
Key.space,1789670067.3801196,1789670067.446436
b,1789670067.573069,1789670067.6473835
e,1789670067.6207297,1789670067.7510884
c,1789670067.7451894,1789670067.806566
a,1789670067.8872325,1789670067.9654624
u,1789670068.0792158,1789670068.1607296
s,1789670068.1946924,1789670068.3067095
e,1789670068.3772755,1789670068.4607298
Key.space,1789670068.4970818,1789670068.578223
i,1789670068.6847298,1789670068.7687309
n,1789670068.798658,1789670068.88573
t,1789670068.898838,1789670068.9805162
o,1789670069.0257397,1789670069.099731
Key.space,1789670069.2257297,1789670069.2997298
s,1789670069.3672438,1789670069.4077306
o,1789670069.4138641,1789670069.4883986
m,1789670069.5000908,1789670069.580307
e,1789670069.58573,1789670069.6660576
Key.space,1789670069.7097301,1789670069.7621863
p,1789670070.1556573,1789670070.23473
u,1789670070.4027307,1789670070.4687302
b,1789670070.53673,1789670070.6212323
l,1789670070.72073,1789670070.829281
i,1789670070.9487302,1789670071.05673
c,1789670071.0787175,1789670071.1527305
Key.space,1789670071.2148838,1789670071.288731
l,1789670071.4648588,1789670071.5437307
a,1789670071.5447357,1789670071.642229
t,1789670071.65173,1789670071.7717304
e,1789670071.753731,1789670071.8336575
Key.space,1789670071.8537312,1789670071.9197307
n,1789670072.0377302,1789670072.1207387
e,1789670072.1325014,1789670072.2337306
w,1789670072.1600692,1789670072.321731
Key.space,1789670072.3057206,1789670072.371692
o,1789670072.4783378,1789670072.57573
n,1789670072.5975657,1789670072.6577299
Key.space,1789670072.7690203,1789670072.830727
n,1789670072.9470544,1789670072.99873
a,1789670072.9877427,1789670073.0966709
t,1789670073.1587305,1789670073.2357404
i,1789670073.2197404,1789670073.2885754
o,1789670073.3927324,1789670073.4907496
n,1789670073.5377896,1789670073.5767403
Key.space,1789670073.6929483,1789670073.7487302
t,1789670073.865274,1789670073.9475696
u,1789670073.9707305,1789670074.061909
r,1789670074.130286,1789670074.2007308
n,1789670074.2267306,1789670074.2877316
Key.space,1789670074.3937309,1789670074.4597466
w,1789670074.4937444,1789670074.6017306
i,1789670074.6027362,1789670074.6819992
l,1789670074.8217309,1789670074.8642888
l,1789670074.9887345,1789670075.0599263
Key.space,1789670075.3832576,1789670075.4437401
t,1789670075.5783613,1789670075.6847308
h,1789670075.7227147,1789670075.820731
e,1789670075.8347325,1789670075.953742
r,1789670075.9110346,1789670076.0507312
e,1789670076.016731,1789670076.1247327
Key.space,1789670076.1124296,1789670076.168731
h,1789670076.2684443,1789670076.3567317
a,1789670076.3392334,1789670076.4887319
v,1789670076.4453547,1789670076.5285802
e,1789670076.4986398,1789670076.6013966
Key.space,1789670076.606732,1789670076.6647303
s,1789670076.800731,1789670076.8990245
y,1789670077.0018182,1789670077.143731
s,1789670077.204765,1789670077.3099484
t,1789670077.449731,1789670077.5577314
e,1789670077.530462,1789670077.6479068
m,1789670077.6319273,1789670077.7377326
Key.space,1789670077.8737433,1789670077.9161298
m,1789670078.0429845,1789670078.0975676
a,1789670078.0990245,1789670078.1737313
y,1789670078.2817328,1789670078.3597407
Key.space,1789670078.4668365,1789670078.5507321
h,1789670078.7395852,1789670078.790731
o,1789670078.8507316,1789670078.9587474
u,1789670078.9597514,1789670079.0614934
s,1789670079.0887313,1789670079.1654825
e,1789670079.2950346,1789670079.3619282
Key.space,1789670079.3867319,1789670079.4367325
p,1789670079.5707314,1789670079.6587408
r,1789670079.659761,1789670079.7777297
o,1789670079.8143826,1789670079.8657315
b,1789670079.953732,1789670080.0217323
Key.backspace,1789670080.4876788,1789670080.5657885
g,1789670081.1660466,1789670081.2455645
r,1789670081.3537316,1789670081.4635658
a,1789670081.4567316,1789670081.547553
m,1789670081.5687323,1789670081.6605837
Key.space,1789670081.804733,1789670081.875881
w,1789670081.9247336,1789670082.0616338
e,1789670082.030097,1789670082.1113126
l,1789670082.2409384,1789670082.3213966
l,1789670082.386732,1789670082.4687316
Key.space,1789670082.647174,1789670082.6927671
s,1789670082.7507322,1789670082.8537433
h,1789670082.915341,1789670082.9647317
o,1789670083.027379,1789670083.0910907
u,1789670083.1247327,1789670083.2367432
l,1789670083.614169,1789670083.7020624
d,1789670083.757919,1789670083.8427792
Key.space,1789670083.892164,1789670083.9559863
l,1789670084.0956624,1789670084.1640463
t,1789670084.3657315,1789670084.453732
t,1789670084.5341754,1789670084.6357346
Key.backspace,1789670084.7997334,1789670084.8612747
Key.backspace,1789670084.9467318,1789670085.0547292
i,1789670085.2167325,1789670085.3007321
t,1789670085.3507326,1789670085.4207325
t,1789670085.5152397,1789670085.5717406
l,1789670085.644703,1789670085.7347326
e,1789670085.7727227,1789670085.8792276
Key.space,1789670085.9247644,1789670085.9889271
b,1789670086.1945295,1789670086.2665668
e,1789670086.2609742,1789670086.4007325
f,1789670086.3787434,1789670086.4784613
o,1789670086.5143304,1789670086.6317322
r,1789670086.6327398,1789670086.762662
e,1789670086.6817167,1789670086.8381357
Key.space,1789670086.8577156,1789670086.931735
o,1789670087.0337327,1789670087.1177325
e,1789670087.1497326,1789670087.2589748
p,1789670087.2600138,1789670087.3786001
n,1789670087.4797306,1789670087.5357423
Key.space,1789670087.647733,1789670087.7257674
w,1789670087.7377336,1789670087.8676093
h,1789670087.9172602,1789670088.0047626
o,1789670088.0410416,1789670088.1740422
Key.space,1789670088.2487333,1789670088.3207326
a,1789670088.418733,1789670088.5093477
n,1789670088.628498,1789670088.698733
m,1789670088.6610234,1789670088.6997411
Key.backspace,1789670089.166734,1789670089.2429008
d,1789670089.286734,1789670089.3717692
Key.space,1789670089.4358988,1789670089.509884
m,1789670089.618745,1789670089.701769
i,1789670089.751733,1789670089.8780992
g,1789670089.8677335,1789670089.9563637
h,1789670090.0060716,1789670090.0817533
t,1789670090.1237333,1789670090.2177334
Key.space,1789670090.2857335,1789670090.3423133
w,1789670090.5960927,1789670090.7079244
h,1789670090.721919,1789670090.814345
i,1789670090.8377342,1789670090.9840393
c,1789670090.9622898,1789670091.0456896
h,1789670091.0586936,1789670091.1187334
Key.space,1789670091.276933,1789670091.3450043
g,1789670091.4097438,1789670091.479469
r,1789670091.72777,1789670091.8393195
a,1789670091.84749,1789670092.0187335
e,1789670091.8007338,1789670092.0247283
t,1789670091.9827344,1789670092.0708578
Key.space,1789670092.1207244,1789670092.1983073
a,1789670092.4357333,1789670092.562368
f,1789670092.542529,1789670092.6605928
e,1789670092.7497413,1789670092.8877676
t,1789670092.8657336,1789670092.9600945
Key.backspace,1789670093.3657331,1789670093.4262202
Key.backspace,1789670093.5017338,1789670093.613733
t,1789670093.6157339,1789670093.7141502
e,1789670093.7377346,1789670093.9067354
r,1789670093.842127,1789670093.9387336
Key.space,1789670094.0367284,1789670094.1111488
t,1789670094.1446307,1789670094.2357438
a,1789670094.3414493,1789670094.4593349
k,1789670094.4593349,1789670094.5547342
e,1789670094.570734,1789670094.6784968
Key.space,1789670094.7230692,1789670094.790928
l,1789670094.9474766,1789670095.0357432
e,1789670095.004734,1789670095.1625237
a,1789670095.0790207,1789670095.233734
d,1789670095.19916,1789670095.294397
Key.space,1789670095.333735,1789670095.4077342
i,1789670095.5084865,1789670095.5922399
t,1789670095.5933774,1789670095.6764467
Key.space,1789670095.7177932,1789670095.7857347
m,1789670095.9037347,1789670095.9697356
a,1789670095.9837337,1789670096.071734
k,1789670096.1193907,1789670096.198376
e,1789670096.208078,1789670096.2944832
Key.space,1789670096.3557348,1789670096.4077342
o,1789670096.5589643,1789670096.5957336
n,1789670096.6387286,1789670096.6807358
Key.space,1789670096.7732303,1789670096.8645084
w,1789670096.9106283,1789670097.0216763
i,1789670097.0216763,1789670097.0909712
l,1789670097.222734,1789670097.2967336
l,1789670097.3610523,1789670097.4374352
Key.space,1789670097.6229494,1789670097.6507351
j,1789670098.0402076,1789670098.1524312
u,1789670098.2537384,1789670098.3477342
s,1789670098.3624272,1789670098.5107057
t,1789670098.459698,1789670098.5717344
Key.space,1789670098.5604985,1789670098.6217349
i,1789670098.696605,1789670098.801737
f,1789670098.8337364,1789670098.9037342
Key.space,1789670098.9265153,1789670098.989735
b,1789670099.1410246,1789670099.2057357
a,1789670099.2337346,1789670099.3603237
c,1789670099.3502388,1789670099.4135954
k,1789670099.4069748,1789670099.4827347
Key.space,1789670099.6255238,1789670099.6807346
h,1789670099.8408737,1789670099.902735
e,1789670099.950744,1789670100.0497448
l,1789670100.109486,1789670100.2106078
p,1789670100.2735271,1789670100.374742
Key.space,1789670100.5409393,1789670100.6387682
a,1789670101.045735,1789670101.129735
n,1789670101.1542935,1789670101.2382598
d,1789670101.3409913,1789670101.4237347
Key.backspace,1789670102.2414002,1789670102.3077452
Key.backspace,1789670102.382736,1789670102.4627347
Key.backspace,1789670102.5109134,1789670102.5927186
e,1789670102.617743,1789670102.732735
n,1789670102.7869427,1789670102.8722415
d,1789670102.9187355,1789670103.0131264
Key.space,1789670103.0987358,1789670103.2265415
v,1789670103.7070954,1789670103.7807355
a,1789670103.7687352,1789670103.9392173
Key.backspace,1789670104.2096496,1789670104.3173273
Key.backspace,1789670104.3736577,1789670104.479728
b,1789670104.4961684,1789670104.6100585
a,1789670104.6317356,1789670104.7827456
c,1789670104.7547605,1789670104.8385556
k,1789670104.8701608,1789670104.9727614
h,1789670105.3207355,1789670105.3997416
Key.backspace,1789670105.712697,1789670105.782738
Key.space,1789670105.956746,1789670106.032737
h,1789670106.178736,1789670106.2663374
e,1789670106.2627366,1789670106.3749843
Key.space,1789670106.42533,1789670106.5027368
g,1789670106.538736,1789670106.641936
o,1789670106.6763432,1789670106.7605298
Key.backspace,1789670107.061736,1789670107.1282356
e,1789670107.1797361,1789670107.318745
t,1789670107.2399216,1789670107.347736
Key.space,1789670107.381736,1789670107.471745
g,1789670107.649737,1789670107.727663
o,1789670107.7117376,1789670107.8279138
Key.space,1789670107.9337368,1789670108.0073514
a,1789670108.1036897,1789670108.1640465
n,1789670108.1797376,1789670108.2567756
d,1789670108.2707217,1789670108.372736
Key.space,1789670108.4084444,1789670108.470737
b,1789670108.600736,1789670108.6707368
e,1789670108.6827362,1789670108.7753437
Key.space,1789670108.8106601,1789670108.8729203
a,1789670108.9112694,1789670109.0787356
s,1789670109.0307362,1789670109.1432862
Key.space,1789670109.142274,1789670109.1667368
t,1789670109.2388515,1789670109.322763
u,1789670109.3242016,1789670109.4146407
r,1789670109.4534109,1789670109.516736
n,1789670109.52479,1789670109.5869267
Key.space,1789670109.698737,1789670109.7731805
a,1789670109.7931318,1789670109.8957362
n,1789670109.9057374,1789670109.9797363
h,1789670110.0744162,1789670110.1294885
y,1789670110.0497367,1789670110.1907682
Key.space,1789670110.1907682,1789670110.2601705
Key.backspace,1789670110.6777365,1789670110.7457361
Key.backspace,1789670110.8117366,1789670110.9337366
Key.space,1789670111.1007366,1789670111.1709979
g,1789670111.2314367,1789670111.2507458
o,1789670111.316545,1789670111.40893
v,1789670111.3947365,1789670111.4687362
e,1789670111.4746244,1789670111.6432369
r,1789670111.6146524,1789670111.6994345
n,1789670111.7627363,1789670111.8231993
Key.space,1789670112.123019,1789670112.2189202
s,1789670112.2827365,1789670112.4003673
a,1789670112.4003673,1789670112.5366714
y,1789670112.5857475,1789670112.6837366
Key.space,1789670112.7057526,1789670112.7941751
l,1789670112.9596558,1789670113.0377371
o,1789670113.1517367,1789670113.2357368
n,1789670113.2657373,1789670113.3317368
g,1789670113.369919,1789670113.4506266
Key.space,1789670113.4677365,1789670113.5273397
m,1789670113.6549437,1789670113.7307374
a,1789670113.711366,1789670113.8187366
y,1789670113.8992605,1789670114.0013094
Key.space,1789670114.0023246,1789670114.0647378
l,1789670114.210738,1789670114.298738
a,1789670114.2997494,1789670114.4736292
r,1789670114.4066525,1789670114.501062
g,1789670114.620737,1789670114.7188616
e,1789670114.6687393,1789670114.7767272
Key.space,1789670114.7827387,1789670114.8487377
p,1789670114.9536314,1789670115.0337381
r,1789670115.0517378,1789670115.1235774
o,1789670115.159751,1789670115.2577283
b,1789670115.3222005,1789670115.4104002
l,1789670115.447737,1789670115.5237296
e,1789670115.5417984,1789670115.645737
k,1789670115.7137375,1789670115.7435713
Key.backspace,1789670116.112738,1789670116.1831937
m,1789670116.317752,1789670116.3907537
Key.space,1789670116.5167396,1789670116.5727377
m,1789670116.6875136,1789670116.7657459
a,1789670116.7707372,1789670116.8587697
Key.backspace,1789670117.1242812,1789670117.1877372
Key.backspace,1789670117.2581377,1789670117.337771
w,1789670117.3084638,1789670117.5052428
a,1789670117.4526968,1789670117.5217717
y,1789670117.709738,1789670117.822071
Key.space,1789670117.8261218,1789670117.9037373
n,1789670118.0257142,1789670118.1063514
o,1789670118.1357481,1789670118.2697716
w,1789670118.2377474,1789670118.3589838
Key.space,1789670118.3995128,1789670118.4817374
l,1789670118.8031435,1789670118.9107368
a,1789670118.9117389,1789670119.0547373
t,1789670119.022568,1789670119.1566873
e,1789670119.0927396,1789670119.2056246
Key.space,1789670119.2128208,1789670119.2867377
f,1789670119.3987398,1789670119.450763
o,1789670119.4467378,1789670119.5487342
Key.backspace,1789670119.8277378,1789670119.8978574
a,1789670119.9707496,1789670120.106745
c,1789670120.0717485,1789670120.141954
t,1789670120.2777383,1789670120.3617373
Key.space,1789670120.3937376,1789670120.4457378
o,1789670120.5397537,1789670120.6696978
n,1789670120.6732583,1789670120.739423
l,1789670120.8754303,1789670120.9636776
y,1789670120.9559827,1789670121.0477386
Key.space,1789670121.164738,1789670121.2422602
w,1789670121.3221107,1789670121.4645538
h,1789670121.4607384,1789670121.613751
e,1789670121.6736643,1789670121.7447398
n,1789670121.826738,1789670121.8647385
Key.space,1789670122.0043888,1789670122.0833044
a,1789670122.1417572,1789670122.2167397
h,1789670122.2950504,1789670122.3127384
o,1789670122.533738,1789670122.6137383
u,1789670122.5817385,1789670122.6744037
Key.backspace,1789670122.950048,1789670123.0017385
Key.backspace,1789670123.0913687,1789670123.1755595
Key.backspace,1789670123.2297382,1789670123.305188
b,1789670123.2900264,1789670123.3637385
i,1789670123.4440913,1789670123.5177474
o,1789670123.4451559,1789670123.5177474
u,1789670123.7107384,1789670123.794739
Key.backspace,1789670124.1335893,1789670124.2107387
Key.backspace,1789670124.26884,1789670124.3697677
Key.backspace,1789670124.6647394,1789670124.786748
o,1789670124.8657384,1789670124.9635808
u,1789670125.1037514,1789670125.1920366
t,1789670125.247739,1789670125.3505354
Key.space,1789670125.6862552,1789670125.7457385
l,1789670125.933739,1789670126.0147438
a,1789670126.0137389,1789670126.1947386
s,1789670126.0987387,1789670126.290237
t,1789670126.274113,1789670126.3652773
Key.space,1789670126.4264665,1789670126.5107381
p,1789670126.668923,1789670126.7895994
u,1789670126.918603,1789670127.0127387
b,1789670127.0406163,1789670127.114739
l,1789670127.2086866,1789670127.2787392
c,1789670127.501826,1789670127.574241
Key.backspace,1789670127.892236,1789670127.967739
i,1789670128.091739,1789670128.1813123
c,1789670128.2357404,1789670128.3197393
Key.space,1789670128.3937392,1789670128.4677389
b,1789670128.632747,1789670128.687739
e,1789670128.697742,1789670128.8117435
c,1789670129.1147397,1789670129.196739
o,1789670129.2232275,1789670129.3212416
m,1789670129.412739,1789670129.4867396
e,1789670129.5107386,1789670129.5867393
Key.space,1789670129.6447394,1789670129.7071362
d,1789670130.2247393,1789670130.330749
a,1789670130.3317726,1789670130.4277396
t,1789670130.5297396,1789670130.5727303
y,1789670130.530741,1789670130.599494
Key.backspace,1789670131.0960977,1789670131.1617386
Key.backspace,1789670131.2738297,1789670131.3477404
y,1789670131.4507456,1789670131.5437393
Key.space,1789670131.6476688,1789670131.738503
t,1789670131.8147955,1789670131.9088929
h,1789670131.9388452,1789670132.0367415
i,1789670132.0627396,1789670132.1827502
n,1789670132.1967397,1789670132.2647395
k,1789670132.41074,1789670132.4727445
l,1789670132.4117482,1789670132.4737544
Key.space,1789670132.6627398,1789670132.7267396
Key.backspace,1789670132.9545715,1789670133.0087395
Key.backspace,1789670133.092654,1789670133.2000158
m,1789670133.3582172,1789670133.4167476
Key.backspace,1789670133.9997509,1789670134.0797398
Key.space,1789670134.2720203,1789670134.3437402
a,1789670134.4565957,1789670134.59574
g,1789670134.5967424,1789670134.70074
a,1789670134.751122,1789670134.8317516
i,1789670134.92874,1789670135.054784
n,1789670135.0127401,1789670135.1050208
s,1789670135.1347425,1789670135.26074
t,1789670135.3049135,1789670135.3727596
Key.space,1789670135.3787403,1789670135.448773
h,1789670135.7687533,1789670135.8617404
e,1789670135.8777404,1789670135.9847498
Key.space,1789670136.0396578,1789670136.1078517
t,1789670136.138116,1789670136.2245965
h,1789670136.273232,1789670136.3477404
e,1789670136.3579843,1789670136.4617403
n,1789670136.4957407,1789670136.5517404
Key.space,1789670136.6777406,1789670136.733724
j,1789670136.8982282,1789670136.983941
u,1789670137.043436,1789670137.1467404
s,1789670137.1667802,1789670137.31074
t,1789670137.2788298,1789670137.398329
Key.space,1789670137.350742,1789670137.4249227
i,1789670138.3187888,1789670138.4368687
o,1789670138.3467414,1789670138.4368687
Key.backspace,1789670138.9277987,1789670139.025741
Key.backspace,1789670139.0897782,1789670139.1903207
o,1789670139.2869554,1789670139.384779
r,1789670139.384779,1789670139.4918156
Key.space,1789670139.6257405,1789670139.7137408
s,1789670140.0567355,1789670140.1977239
a,1789670140.1597445,1789670140.2570503
m,1789670140.23676,1789670140.326741
e,1789670140.355551,1789670140.4556174
Key.space,1789670140.5263972,1789670140.550741
w,1789670140.5933168,1789670140.6904876
i,1789670140.6647644,1789670140.7487426
l,1789670140.9012108,1789670140.9574893
l,1789670141.0226617,1789670141.1153257
Key.space,1789670141.2687411,1789670141.3427413
a,1789670141.3551111,1789670141.4757411
t,1789670141.5277417,1789670141.6437411
Key.space,1789670141.7211404,1789670141.811741
s,1789670141.913741,1789670141.999741
e,1789670142.093742,1789670142.171726
e,1789670142.2384572,1789670142.3322513
m,1789670142.3297412,1789670142.389743
Key.space,1789670142.5937414,1789670142.683741
s,1789670142.697743,1789670142.7743387
e,1789670142.8777413,1789670142.957066
e,1789670143.0365293,1789670143.1427429
Key.space,1789670143.086345,1789670143.1647587
h,1789670143.3167415,1789670143.3947415
e,1789670143.4107437,1789670143.4947414
Key.space,1789670143.5347414,1789670143.6047835
o,1789670143.6893132,1789670143.8007417
w,1789670143.7827415,1789670143.884739
n,1789670143.8797505,1789670143.9375186
Key.space,1789670144.038527,1789670144.106574
m,1789670144.2432852,1789670144.3048291
u,1789670144.4227417,1789670144.5460267
c,1789670144.5404477,1789670144.593626
h,1789670144.5954394,1789670144.6737306
Key.space,1789670144.8237562,1789670144.887736
s,1789670144.9542706,1789670145.0687497
h,1789670145.0687497,1789670145.149742
o,1789670145.1976335,1789670145.3097417
u,1789670145.3443837,1789670145.4137418
l,1789670145.5757413,1789670145.6503775
d,1789670145.720575,1789670145.7995865
Key.space,1789670145.843742,1789670145.9235349
w,1789670145.9355457,1789670146.0560672
h,1789670146.0847418,1789670146.1607418
e,1789670146.178742,1789670146.2908819
n,1789670146.2888563,1789670146.3591807
Key.space,1789670146.460742,1789670146.5309756
n,1789670146.6398978,1789670146.7107432
e,1789670146.6558185,1789670146.8187428
v,1789670146.8033485,1789670146.8869457
e,1789670146.8845015,1789670147.066742
r,1789670147.008742,1789670147.11375
Key.space,1789670147.1607428,1789670147.2419884
i,1789670147.3587422,1789670147.4287431
n,1789670147.4652746,1789670147.5497437
c,1789670147.550751,1789670147.6257424
r,1789670147.7757423,1789670147.902077
e,1789670147.8706741,1789670147.9617429
a,1789670147.9057908,1789670148.0039759
s,1789670148.0737424,1789670148.1369174
e,1789670148.215753,1789670148.2871149
Key.space,1789670148.3535995,1789670148.4182441
o,1789670148.5237422,1789670148.6437426
f,1789670148.6204205,1789670148.6897733
f,1789670148.769558,1789670148.9105
Key.space,1789670148.9105,1789670148.9883933
s,1789670149.0552802,1789670149.1347442
c,1789670149.176742,1789670149.2507427
h,1789670149.288654,1789670149.3593278
o,1789670149.4427423,1789670149.5054705
o,1789670149.5867798,1789670149.6677508
l,1789670149.7787428,1789670149.8535738
Key.space,1789670150.0044143,1789670150.0807426
t,1789670150.1567423,1789670150.2507424
h,1789670150.2657425,1789670150.3401332
i,1789670150.3457432,1789670150.4705572
s,1789670150.4757428,1789670150.5637424
Key.space,1789670150.6035388,1789670150.7014956
m,1789670151.0807562,1789670151.1937428
o,1789670151.3237426,1789670151.4419243
s,1789670151.4459372,1789670151.579902
t,1789670151.5297434,1789670151.6457427
Key.space,1789670151.6597428,1789670151.7487423
w,1789670151.7967427,1789670151.9091804
e,1789670151.887001,1789670151.9467435
l,1789670152.058743,1789670152.1197479
l,1789670152.1927428,1789670152.2817523
Key.space,1789670152.4487429,1789670152.514744
b,1789670152.9767432,1789670153.0547204
a,1789670153.0607429,1789670153.2075403
c,1789670153.164757,1789670153.2576869
k,1789670153.289723,1789670153.3757432
Key.space,1789670153.5457428,1789670153.622056
l,1789670153.919801,1789670153.9917438
i,1789670154.1627781,1789670154.2378604
t,1789670154.286873,1789670154.3637445
t,1789670154.4376395,1789670154.5385013
l,1789670154.6167772,1789670154.7147431
e,1789670154.7385693,1789670154.856704
Key.space,1789670154.9704583,1789670155.0587435
d,1789670155.4667766,1789670155.5587432
o,1789670155.5887427,1789670155.687086
Key.space,1789670155.8541138,1789670155.9277432
w,1789670156.0487795,1789670156.1037238
u,1789670156.2365365,1789670156.247744
Key.backspace,1789670156.5457447,1789670156.6016405
Key.backspace,1789670156.6737428,1789670156.769991
u,1789670156.9378088,1789670157.0227394
n,1789670157.0767448,1789670157.1807437
d,1789670157.2799456,1789670157.2799456
e,1789670157.2393677,1789670157.4431162
r,1789670157.3974235,1789670157.5227427
Key.space,1789670157.5666845,1789670157.6418562
Key.backspace,1789670157.9807281,1789670158.0467446
Key.backspace,1789670158.1587439,1789670158.2133443
Key.backspace,1789670158.3281658,1789670158.367237
Key.backspace,1789670158.4536047,1789670158.537272
d,1789670158.5647461,1789670158.683744
e,1789670158.6203713,1789670158.8157532
r,1789670158.770435,1789670158.8776622
Key.space,1789670158.8657439,1789670158.9547963
t,1789670159.0297446,1789670159.1307647
h,1789670159.1523817,1789670159.240289
a,1789670159.240289,1789670159.376262
n,1789670159.4117599,1789670159.4716074
Key.space,1789670159.5888085,1789670159.6447446
f,1789670159.712744,1789670159.77874
i,1789670159.779744,1789670159.8627439
n,1789670159.8527172,1789670159.9407458
d,1789670159.9868033,1789670160.0705924
Key.space,1789670160.0845768,1789670160.1587238
w,1789670160.2828658,1789670160.4365063
a,1789670160.4102488,1789670160.500744
n,1789670160.5287452,1789670160.6168606
t,1789670160.614778,1789670160.725744
Key.space,1789670160.775744,1789670160.841744
i,1789670160.9777448,1789670161.053661
t,1789670161.1186192,1789670161.2467556
Key.space,1789670161.3183756,1789670161.4489722
t,1789670161.6850195,1789670161.7864304
h,1789670161.8515475,1789670161.9361014
i,1789670162.0024364,1789670162.1617546
n,1789670162.1407447,1789670162.2049568
k,1789670162.3787463,1789670162.4918451
Key.space,1789670162.6567447,1789670162.718959
i,1789670162.8192275,1789670162.9267468
n,1789670162.9045737,1789670162.9707024
Key.space,1789670163.0767446,1789670163.1567445
m,1789670163.2827446,1789670163.3685431
u,1789670163.4501598,1789670163.5837445
s,1789670163.560755,1789670163.692125
t,1789670163.6497765,1789670163.7798162
Key.space,1789670163.7777445,1789670163.8617454
i,1789670163.9437447,1789670164.0387075
f,1789670164.073745,1789670164.1447542
Key.space,1789670164.211746,1789670164.2917445
b,1789670164.5297449,1789670164.5882604
a,1789670164.597745,1789670164.7297547
c,1789670164.6850293,1789670164.7962148
k,1789670164.8491664,1789670164.933276
Key.space,1789670165.0807786,1789670165.1367364
c,1789670165.1356475,1789670165.2194023
a,1789670165.1944194,1789670165.3031647
l,1789670165.354745,1789670165.4147449
l,1789670165.478758,1789670165.564776
Key.space,1789670165.7523196,1789670165.8049107
a,1789670165.942746,1789670166.0692484
t,1789670166.079581,1789670166.1537318
g,1789670166.0706718,1789670166.1617463
a,1789670166.181761,1789670166.2879417
i,1789670166.3077457,1789670166.406076
n,1789670166.4137459,1789670166.5162818
s,1789670166.5717444,1789670166.7117548
t,1789670166.6855562,1789670166.7641864
Key.backspace,1789670166.937745,1789670167.0183363
Key.backspace,1789670167.1195676,1789670167.1757479
Key.backspace,1789670167.25902,1789670167.3120947
Key.backspace,1789670167.396746,1789670167.4607458
Key.esc,1789670182.7641723,1789670182.855687
m,1789718827.14688,1789718827.2457676
o,1789718827.2963126,1789718827.4492812
n,1789718827.479395,1789718827.5616524
k,1789718827.719762,1789718827.8166795
e,1789718827.8886502,1789718828.0129442
Key.enter,1789718828.1240602,1789718828.185484
o,1789718830.9685755,1789718831.0741398
r,1789718831.1277087,1789718831.2092793
Key.space,1789718831.3453903,1789718831.3622174
f,1789718831.4494915,1789718831.4989097
a,1789718831.528633,1789718831.669972
c,1789718831.6163282,1789718831.70184
t,1789718831.840458,1789718831.903316
Key.space,1789718831.96865,1789718832.0510852
g,1789718832.1614254,1789718832.2726178
e,1789718832.256115,1789718832.467728
Key.space,1789718832.5190446,1789718832.6102054
Key.backspace,1789718832.994772,1789718833.0979354
t,1789718833.2698152,1789718833.3872366
Key.space,1789718833.5569553,1789718833.5880597
f,1789718833.5969,1789718833.7261224
a,1789718833.7851133,1789718833.9095078
c,1789718833.8596437,1789718833.996893
e,1789718834.0211077,1789718834.0811172
Key.space,1789718834.1414638,1789718834.2147274
f,1789718834.3941236,1789718834.5295131
i,1789718834.531566,1789718834.6537852
r,1789718834.6638677,1789718834.7889042
s,1789718834.7928815,1789718834.968111
t,1789718835.017817,1789718835.0536914
Key.space,1789718835.0578396,1789718835.1539524
p,1789718835.3161864,1789718835.392805
o,1789718835.5111341,1789718835.5973268
i,1789718835.7387698,1789718835.7808547
n,1789718835.8104284,1789718835.8914373
t,1789718835.9236135,1789718836.0378773
Key.space,1789718836.0404105,1789718836.1230805
a,1789718836.1358564,1789718836.2305467
Key.space,1789718836.303382,1789718836.3719337
f,1789718836.4249897,1789718836.502158
r,1789718836.6057446,1789718836.6626437
o,1789718836.702838,1789718836.825716
m,1789718836.8247063,1789718836.8846047
Key.space,1789718836.9827507,1789718837.05962
n,1789718837.1744206,1789718837.2334726
e,1789718837.2376902,1789718837.3306706
e,1789718837.410958,1789718837.5318303
d,1789718837.5555754,1789718837.6289458
Key.space,1789718837.6542177,1789718837.7420805
t,1789718837.7765121,1789718837.9226947
u,1789718837.9241986,1789718837.9805324
r,1789718838.0161855,1789718838.1460211
n,1789718838.1485286,1789718838.1988623
Key.space,1789718838.3075142,1789718838.347246
b,1789718838.509856,1789718838.569389
e,1789718838.5926452,1789718838.676185
Key.space,1789718838.6948676,1789718838.7610035
o,1789718838.8818312,1789718839.0276167
h,1789718839.122095,1789718839.1819072
Key.backspace,1789718839.4738472,1789718839.553283
t,1789718839.6287527,1789718839.7149186
h,1789718839.765066,1789718839.859954
e,1789718839.8896909,1789718840.0350897
r,1789718839.9736233,1789718840.116222
Key.space,1789718840.1196978,1789718840.2157753
e,1789718840.2402196,1789718840.3378613
n,1789718840.350087,1789718840.436974
d,1789718840.5132935,1789718840.606113
Key.space,1789718840.6111143,1789718840.6975296
f,1789718840.8432965,1789718840.9373581
o,1789718840.93936,1789718841.0269804
l,1789718841.1983137,1789718841.2031975
l,1789718841.2753692,1789718841.3500273
o,1789718841.4260092,1789718841.5303228
w,1789718841.5495594,1789718841.6538198
Key.space,1789718841.6633987,1789718841.7366993
p,1789718841.859364,1789718841.9576018
u,1789718842.3682332,1789718842.4594204
b,1789718842.5116968,1789718842.6006544
l,1789718842.6484003,1789718842.7510326
i,1789718842.846956,1789718842.9800425
c,1789718842.9866347,1789718843.0323627
Key.space,1789718843.0846832,1789718843.176712
w,1789718843.2124054,1789718843.3557723
e,1789718843.3444135,1789718843.384099
Key.space,1789718843.4507031,1789718843.5472553
v,1789718844.052975,1789718844.189998
e,1789718844.2746391,1789718844.4832711
r,1789718844.3472548,1789718844.4852722
y,1789718844.6398203,1789718844.7090473
Key.space,1789718844.75445,1789718844.846103
a,1789718844.8684764,1789718845.0075445
r,1789718844.9694989,1789718845.0553772
o,1789718845.0816817,1789718845.1830828
u,1789718845.302346,1789718845.4323738
n,1789718845.4204981,1789718845.5678158
d,1789718845.5704842,1789718845.668746
Key.space,1789718845.7932045,1789718845.8378184
i,1789718846.1014955,1789718846.2376225
n,1789718846.2398844,1789718846.3093076
Key.space,1789718846.4503248,1789718846.5340114
t,1789718846.50852,1789718846.6453032
a,1789718846.6465502,1789718846.7447245
k,1789718846.805432,1789718846.911878
e,1789718846.9432807,1789718847.0164826
Key.space,1789718847.0466652,1789718847.1389225
l,1789718847.3004646,1789718847.3965135
e,1789718847.40114,1789718847.568252
a,1789718847.5142217,1789718847.7336514
d,1789718847.5928423,1789718847.7346623
Key.space,1789718847.737123,1789718847.8336065
w,1789718847.8370967,1789718847.9291863
o,1789718847.9544728,1789718848.072218
k,1789718848.2003367,1789718848.293484
Key.backspace,1789718848.5514622,1789718848.6312115
r,1789718848.7436483,1789718848.8640275
k,1789718848.848021,1789718848.9327447
Key.space,1789718849.0852811,1789718849.1786337
r,1789718849.285046,1789718849.4173381
e,1789718849.339378,1789718849.5132084
a,1789718849.4328735,1789718849.586915
l,1789718849.664101,1789718849.7200804
Key.space,1789718849.9659834,1789718850.0615878
a,1789718850.093484,1789718850.2575214
t,1789718850.2023628,1789718850.3371007
Key.space,1789718850.3560157,1789718850.4548683
a,1789718850.5005636,1789718850.6852381
s,1789718850.6522548,1789718850.760731
Key.space,1789718850.7823455,1789718850.8901336
t,1789718850.925325,1789718851.037181
h,1789718851.1146932,1789718851.2328753
a,1789718851.287881,1789718851.4355981
t,1789718851.396348,1789718851.488007
Key.space,1789718851.53401,1789718851.6447005
s,1789718851.6662598,1789718851.803053
a,1789718851.7486382,1789718851.8657403
m,1789718851.870742,1789718852.0147707
e,1789718852.027039,1789718852.1418083
Key.space,1789718852.1588836,1789718852.2501054
w,1789718852.3522317,1789718852.4542265
h,1789718852.4988718,1789718852.6073
e,1789718852.6721296,1789718852.8019316
n,1789718852.7710848,1789718852.8542657
Key.space,1789718852.9863358,1789718853.0447266
i,1789718853.2251027,1789718853.3091445
n,1789718853.3214996,1789718853.4201212
t,1789718853.4860654,1789718853.5973334
o,1789718853.6365514,1789718853.7487836
Key.space,1789718853.832975,1789718853.936135
p,1789718854.0523539,1789718854.169712
a,1789718854.1815457,1789718854.3507543
r,1789718854.3163657,1789718854.3700848
t,1789718854.4692647,1789718854.571377
Key.space,1789718854.5728817,1789718854.6349988
p,1789718854.7702785,1789718854.9079165
l,1789718854.9595325,1789718855.0549648
a,1789718855.0987806,1789718855.1925173
n,1789718855.245009,1789718855.310276
Key.space,1789718855.4327674,1789718855.4848027
h,1789718855.6153147,1789718855.7029624
a,1789718855.7142313,1789718855.8248308
n,1789718855.8337524,1789718855.9147744
d,1789718855.9527965,1789718856.059662
Key.space,1789718856.1098185,1789718856.208653
a,1789718856.2410178,1789718856.3093057
Key.space,1789718856.3796628,1789718856.4933128
a,1789718856.8103771,1789718856.9292955
g,1789718856.9464567,1789718857.0496218
a,1789718857.0635579,1789718857.1379466
i,1789718857.1113665,1789718857.250154
n,1789718857.2319133,1789718857.3267267
s,1789718857.3299198,1789718857.446458
t,1789718857.5661242,1789718857.587767
Key.space,1789718857.6181986,1789718857.7119994
d,1789718857.858278,1789718857.955137
u,1789718857.9651484,1789718858.0629659
r,1789718858.0938427,1789718858.171157
i,1789718858.1734073,1789718858.302966
n,1789718858.2747064,1789718858.372639
g,1789718858.4131992,1789718858.49112
Key.space,1789718858.4744136,1789718858.5483997
n,1789718858.648562,1789718858.7233179
e,1789718858.6905994,1789718858.8266127
v,1789718858.840948,1789718858.9634845
e,1789718858.9705358,1789718859.1216905
r,1789718859.0905783,1789718859.1782262
Key.space,1789718859.2071657,1789718859.300903
g,1789718859.340958,1789718859.4607189
e,1789718859.4642556,1789718859.5600517
n,1789718859.5712998,1789718859.728405
e,1789718859.7325282,1789718859.8186262
r,1789718859.7873251,1789718859.9279644
a,1789718859.9338775,1789718860.0105984
l,1789718860.025462,1789718860.1311064
Key.space,1789718860.2573326,1789718860.327056
f,1789718860.3847864,1789718860.4743183
o,1789718860.4783506,1789718860.5647657
r,1789718860.5884352,1789718860.675388
m,1789718860.6914988,1789718860.7979162
Key.space,1789718861.02428,1789718861.103209
b,1789718861.261915,1789718861.325678
e,1789718861.388847,1789718861.484122
Key.space,1789718861.4449728,1789718861.5473583
h,1789718861.6746416,1789718861.738077
e,1789718861.8016825,1789718861.9081
r,1789718861.9081,1789718862.0247629
e,1789718862.0047624,1789718862.0719602
Key.space,1789718862.1000948,1789718862.1809914
l,1789718862.3495133,1789718862.4221451
o,1789718862.507214,1789718862.576104
o,1789718862.657193,1789718862.7555509
k,1789718862.7331598,1789718862.8174617
Key.space,1789718863.002067,1789718863.0816507
h,1789718863.1523187,1789718863.2656662
o,1789718863.267676,1789718863.3645513
l,1789718863.427829,1789718863.5242643
d,1789718863.5849264,1789718863.654661
Key.space,1789718863.654661,1789718863.7537165
n,1789718863.9346485,1789718863.9554818
i,1789718863.8235993,1789718863.9692142
Key.space,1789718864.1087263,1789718864.1562812
t,1789718864.6007178,1789718864.6802018
h,1789718864.7183657,1789718864.8063207
i,1789718864.822166,1789718864.9962487
n,1789718864.9802566,1789718865.0434341
k,1789718865.2051215,1789718865.2651339
Key.space,1789718865.4155736,1789718865.5081186
c,1789718865.660132,1789718865.7397814
o,1789718865.7714694,1789718865.8348145
n,1789718865.861081,1789718865.9462605
s,1789718865.9616544,1789718866.0722215
i,1789718866.1041815,1789718866.2658327
d,1789718866.2671173,1789718866.3557756
e,1789718866.328506,1789718866.4791753
r,1789718866.4834957,1789718866.576995
Key.space,1789718866.5976171,1789718866.7040865
s,1789718866.7713678,1789718866.8716297
u,1789718867.0179133,1789718867.0816433
c,1789718867.2365744,1789718867.355173
h,1789718867.3689103,1789718867.4501672
Key.space,1789718867.6349897,1789718867.6876032
m,1789718867.8416526,1789718867.938073
o,1789718867.9857874,1789718868.1127195
v,1789718868.176837,1789718868.3041198
e,1789718868.288032,1789718868.4410326
Key.space,1789718868.4410326,1789718868.4853165
i,1789718868.746141,1789718868.8885958
Key.backspace,1789718869.1266472,1789718869.2234864
f,1789718869.237404,1789718869.3804657
i,1789718869.4120502,1789718869.5263774
n,1789718869.5314066,1789718869.6240559
d,1789718869.6853433,1789718869.7798958
Key.space,1789718869.770748,1789718869.8693738
t,1789718869.9614725,1789718870.0542755
h,1789718870.1087403,1789718870.188223
e,1789718870.2356057,1789718870.3309207
Key.space,1789718870.4107246,1789718870.4538033
m,1789718870.6349456,1789718870.7035344
o,1789718870.7443087,1789718870.863748
v,1789718870.8682082,1789718871.0024154
e,1789718870.9348798,1789718871.0465326
Key.space,1789718871.0780518,1789718871.1729732
t,1789718871.411489,1789718871.522343
h,1789718871.5380824,1789718871.6267104
a,1789718871.729148,1789718871.8172765
t,1789718871.7555702,1789718871.8522437
Key.space,1789718871.8986099,1789718871.9871132
d,1789718872.3640833,1789718872.4758909
u,1789718872.4815168,1789718872.5717685
r,1789718872.6033268,1789718872.683295
i,1789718872.7152362,1789718872.8279135
n,1789718872.8234181,1789718872.9057426
g,1789718872.9713192,1789718873.0701458
Key.space,1789718873.1432495,1789718873.2385895
w,1789718873.7860441,1789718873.9532611
e,1789718873.906934,1789718874.011178
Key.space,1789718874.066533,1789718874.1583056
t,1789718874.3033376,1789718874.4149418
h,1789718874.4471934,1789718874.5346777
o,1789718874.6275659,1789718874.735639
u,1789718874.7554684,1789718874.8499532
g,1789718874.8966572,1789718874.9967012
h,1789718875.0520031,1789718875.137795
Key.backspace,1789718875.475132,1789718875.5318978
Key.backspace,1789718875.6313956,1789718875.7036135
Key.backspace,1789718875.772052,1789718875.8483136
Key.backspace,1789718875.9158616,1789718876.0466516
r,1789718876.4593592,1789718876.5549386
o,1789718876.5796924,1789718876.6566672
u,1789718876.7767053,1789718876.86935
g,1789718876.9027648,1789718877.0046775
h,1789718877.0119088,1789718877.1291635
Key.space,1789718877.5704074,1789718877.6288226
a,1789718878.2289073,1789718878.3022363
Key.space,1789718878.3781223,1789718878.4492521
e,1789718878.6704476,1789718878.7900558
v,1789718878.827337,1789718878.9426112
e,1789718878.913224,1789718879.0248885
n,1789718879.065778,1789718879.1544952
Key.space,1789718879.3213308,1789718879.3556285
s,1789718879.5472107,1789718879.6555061
y,1789718879.70716,1789718879.8436503
s,1789718879.8499138,1789718879.9646556
t,1789718879.9901843,1789718880.1172
e,1789718880.079306,1789718880.180413
m,1789718880.2127347,1789718880.3154318
Key.space,1789718880.4369435,1789718880.518503
t,1789718880.7648633,1789718880.8593318
o,1789718880.8652856,1789718880.9330301
o,1789718880.9966893,1789718881.1085894
Key.space,1789718881.2483492,1789718881.3355005
s,1789718881.4860117,1789718881.5663478
h,1789718881.5856655,1789718881.6544187
o,1789718881.741699,1789718881.8546357
w,1789718881.90407,1789718881.981
Key.space,1789718882.015988,1789718882.0946805
s,1789718882.1960669,1789718882.316857
t,1789718882.3852725,1789718882.566261
a,1789718882.5618856,1789718882.6330457
t,1789718882.6140978,1789718882.7416372
e,1789718882.6983433,1789718882.798438
Key.space,1789718882.8538077,1789718882.9496047
t,1789718883.0687234,1789718883.17468
h,1789718883.2251813,1789718883.2959833
a,1789718883.3347049,1789718883.4238691
n,1789718883.4634802,1789718883.5342464
Key.space,1789718883.6669188,1789718883.749496
p,1789718884.1054049,1789718884.1251707
l,1789718884.2159631,1789718884.2316453
a,1789718884.4933822,1789718884.6156347
c,1789718884.9460666,1789718885.0807235
e,1789718885.0333004,1789718885.1437573
Key.space,1789718885.183448,1789718885.280659
o,1789718885.446692,1789718885.568327
Key.backspace,1789718885.8195312,1789718885.8971417
n,1789718886.0478513,1789718886.142876
o,1789718886.1895907,1789718886.3143463
Key.space,1789718886.41561,1789718886.5154874
o,1789718886.9052076,1789718886.954062
t,1789718886.93631,1789718887.0338256
h,1789718887.1057396,1789718887.1937113
e,1789718887.2096894,1789718887.3328168
r,1789718887.2802641,1789718887.3880389
Key.space,1789718887.3938107,1789718887.5010173
f,1789718887.6598384,1789718887.7562587
e,1789718887.8557546,1789718887.9962034
e,1789718888.0130672,1789718888.1246176
l,1789718888.0904207,1789718888.169091
Key.space,1789718888.3138757,1789718888.4011033
w,1789718888.5176356,1789718888.650809
o,1789718888.6539726,1789718888.7631383
r,1789718888.7573361,1789718888.8403966
d,1789718889.0877483,1789718889.096327
Key.backspace,1789718889.3308868,1789718889.419474
l,1789718889.5131013,1789718889.6167364
d,1789718889.6697733,1789718889.7855923
Key.space,1789718889.8344207,1789718889.933059
o,1789718890.1676767,1789718890.1782317
n,1789718890.2355971,1789718890.2490149
l,1789718890.4768252,1789718890.590541
y,1789718890.7135787,1789718890.828054
Key.space,1789718890.8841212,1789718890.9663215
l,1789718891.08873,1789718891.1740978
o,1789718891.3735611,1789718891.5025768
o,1789718891.5523434,1789718891.6880023
k,1789718891.7037354,1789718891.7983725
Key.space,1789718892.0042443,1789718892.0439918
a,1789718892.2300994,1789718892.399339
s,1789718892.3523858,1789718892.4616625
k,1789718892.7212737,1789718892.865009
Key.space,1789718893.0177104,1789718893.0816848
m,1789718893.2099836,1789718893.2777588
u,1789718893.4409323,1789718893.499367
s,1789718893.511193,1789718893.6621528
t,1789718893.6548197,1789718893.7649918
Key.space,1789718893.7828195,1789718893.862297
r,1789718893.9391923,1789718893.9927173
u,1789718893.9798412,1789718894.1194694
n,1789718894.1034923,1789718894.1843958
Key.space,1789718894.2913947,1789718894.3642678
t,1789718894.5305717,1789718894.565915
h,1789718894.5807285,1789718894.6658945
i,1789718894.6860247,1789718894.8362212
n,1789718894.8133693,1789718894.910903
g,1789718894.9602158,1789718895.0173447
Key.space,1789718895.0673742,1789718895.1429408
r,1789718895.3346589,1789718895.4346628
i,1789718895.4394884,1789718895.6438558
g,1789718895.646923,1789718895.6747618
h,1789718895.6648004,1789718895.7632859
t,1789718895.8312228,1789718895.9220223
Key.space,1789718895.9900298,1789718896.0871146
p,1789718896.461451,1789718896.5914567
l,1789718896.596006,1789718896.7134805
a,1789718896.7134805,1789718896.7831323
c,1789718896.7831323,1789718896.9057877
e,1789718896.8755662,1789718896.9532218
Key.space,1789718897.0377877,1789718897.1302004
f,1789718897.3007166,1789718897.3957796
o,1789718897.399172,1789718897.506496
r,1789718897.5655015,1789718897.6362467
Key.space,1789718897.6529665,1789718897.7911983
l,1789718897.8823946,1789718897.9616265
i,1789718898.0973294,1789718898.2451973
n,1789718898.2208004,1789718898.3185089
e,1789718898.3579643,1789718898.4912581
Key.space,1789718898.5002682,1789718898.587288
t,1789718899.015027,1789718899.1161344
i,1789718899.1272094,1789718899.2272277
m,1789718899.2552,1789718899.3535004
e,1789718899.4128346,1789718899.498018
Key.space,1789718899.5197506,1789718899.6228108
s,1789718899.8196697,1789718899.9724433
t,1789718900.0515058,1789718900.089093
a,1789718900.0809672,1789718900.2320745
t,1789718900.3449101,1789718900.457022
e,1789718900.4587417,1789718900.5514762
Key.space,1789718900.9285495,1789718901.058988
s,1789718901.0865695,1789718901.2126575
h,1789718901.2126575,1789718901.3080125
o,1789718901.3511827,1789718901.50209
w,1789718901.50209,1789718901.5921934
Key.space,1789718901.6152766,1789718901.706358
n,1789718901.783865,1789718901.8832386
e,1789718901.9190538,1789718902.1429458
w,1789718902.0519083,1789718902.1543128
Key.space,1789718902.1796968,1789718902.2406707
t,1789718902.26215,1789718902.3492932
a,1789718902.431554,1789718902.5101004
k,1789718902.5576713,1789718902.662146
e,1789718902.695942,1789718902.7869225
Key.space,1789718902.8103385,1789718902.8884873
o,1789718902.982382,1789718903.0999393
u,1789718903.1366978,1789718903.2228265
t,1789718903.2457387,1789718903.3336647
h,1789718903.5720065,1789718903.6188283
Key.backspace,1789718903.9523237,1789718904.0456953
Key.space,1789718904.2210176,1789718904.3177636
h,1789718904.4531827,1789718904.542675
a,1789718904.525729,1789718904.634201
v,1789718904.634201,1789718904.7306638
e,1789718904.696848,1789718904.7763317
Key.space,1789718904.812156,1789718904.8936512
p,1789718905.0454369,1789718905.1778123
l,1789718905.2118325,1789718905.2864485
a,1789718905.390494,1789718905.4251242
y,1789718905.5533628,1789718905.6509528
Key.space,1789718905.7445595,1789718905.8244405
e,1789718905.9555745,1789718906.0534558
n,1789718906.0736058,1789718906.1636827
d,1789718906.2345693,1789718906.332963
Key.space,1789718906.332963,1789718906.4681933
l,1789718906.554248,1789718906.6640718
i,1789718906.785398,1789718906.9313087
n,1789718906.9668167,1789718907.0333304
e,1789718907.0708735,1789718907.1618137
Key.space,1789718907.1702943,1789718907.2623146
o,1789718907.3494337,1789718907.463839
f,1789718907.5470076,1789718907.599904
Key.space,1789718907.6475654,1789718907.7615976
c,1789718907.786975,1789718907.8644192
a,1789718907.8438218,1789718907.9381752
n,1789718907.9478636,1789718908.0169199
Key.space,1789718908.1362753,1789718908.2154715
t,1789718908.2501812,1789718908.392739
h,1789718908.405282,1789718908.488352
s,1789718908.5439606,1789718908.6417685
e,1789718908.732193,1789718908.816274
Key.space,1789718908.8780754,1789718908.9781919
Key.backspace,1789718909.1790206,1789718909.2614996
Key.backspace,1789718909.3486924,1789718909.4180627
Key.backspace,1789718909.4815693,1789718909.5820825
e,1789718909.7154386,1789718909.719733
s,1789718909.7983696,1789718909.8824916
e,1789718909.977948,1789718910.0593123
Key.space,1789718910.0836787,1789718910.166771
w,1789718910.2117007,1789718910.2921753
i,1789718910.2759054,1789718910.3679218
l,1789718910.5181699,1789718910.582322
l,1789718910.663792,1789718910.811029
Key.space,1789718910.89095,1789718910.9445188
p,1789718911.0664318,1789718911.1861963
o,1789718911.2611294,1789718911.4301734
n,1789718911.5614488,1789718911.6865914
Key.backspace,1789718912.058807,1789718912.1303566
i,1789718912.3080664,1789718912.4040928
n,1789718912.462553,1789718912.5462093
t,1789718912.6153367,1789718912.71455
Key.space,1789718912.71694,1789718912.7968643
c,1789718912.8681765,1789718912.9825187
a,1789718912.9825187,1789718913.0442102
n,1789718913.0513058,1789718913.1257231
Key.space,1789718913.246517,1789718913.3137064
t,1789718913.347273,1789718913.4305937
h,1789718913.473122,1789718913.5611372
e,1789718913.598896,1789718913.6951404
Key.space,1789718913.7476287,1789718913.8017545
a,1789718914.0592067,1789718914.0592067
b,1789718914.0835757,1789718914.1634002
o,1789718914.2448115,1789718914.3824437
u,1789718914.3956916,1789718914.4941473
t,1789718914.5632498,1789718914.671426
Key.space,1789718914.6996045,1789718914.810177
h,1789718915.4266536,1789718915.4993122
e,1789718915.600602,1789718915.7120638
Key.space,1789718915.7604384,1789718915.8616953
h,1789718916.2235923,1789718916.3061314
m,1789718916.4738495,1789718916.4829915
o,1789718916.3659587,1789718916.4934886
e,1789718916.6718264,1789718916.755031
Key.space,1789718916.7660797,1789718916.822202
e,1789718917.0115602,1789718917.0878613
c,1789718917.1976151,1789718917.3615189
Key.backspace,1789718917.6424925,1789718917.7311497
a,1789718917.7091975,1789718917.8315632
c,1789718917.7890747,1789718917.8861432
h,1789718917.93184,1789718917.983884
Key.space,1789718918.1418576,1789718918.2391338
a,1789718918.3711133,1789718918.4057653
l,1789718918.4184368,1789718918.4862657
l,1789718918.5542114,1789718918.6433072
Key.space,1789718918.775841,1789718918.8483071
a,1789718919.119805,1789718919.263621
Key.backspace,1789718919.4538147,1789718919.45661
l,1789718919.5820956,1789718919.7013493
a,1789718919.731619,1789718919.918185
s,1789718919.810571,1789718919.9699697
t,1789718919.9806862,1789718920.0822284
Key.space,1789718920.1131463,1789718920.1818373
l,1789718920.3595765,1789718920.5249922
a,1789718920.5249922,1789718920.6772742
r,1789718920.5992022,1789718920.6932452
g,1789718920.823353,1789718920.9443207
e,1789718920.914638,1789718921.0073626
Key.space,1789718921.0308447,1789718921.1196978
t,1789718921.1406457,1789718921.2400174
h,1789718921.300551,1789718921.3851826
a,1789718921.4433827,1789718921.6130576
t,1789718921.5910063,1789718921.6607752
Key.space,1789718921.637972,1789718921.720663
p,1789718921.8651822,1789718921.9727273
e,1789718922.0373635,1789718922.1001523
o,1789718922.1120646,1789718922.2056508
p,1789718922.3214025,1789718922.4245617
l,1789718922.4265683,1789718922.5462878
e,1789718922.5601604,1789718922.6792142
Key.space,1789718922.7121673,1789718922.8256023
a,1789718922.7971623,1789718922.9186723
Key.space,1789718922.9455752,1789718923.0078137
s,1789718923.046788,1789718923.1079197
u,1789718923.1772764,1789718923.3089838
s,1789718923.3262901,1789718923.4249892
Key.backspace,1789718923.7436454,1789718923.7436454
Key.backspace,1789718923.8128905,1789718923.9164462
y,1789718923.918463,1789718923.992618
s,1789718924.2718208,1789718924.3371792
t,1789718924.4288,1789718924.54497
e,1789718924.555579,1789718924.663776
m,1789718924.6987271,1789718924.8125744
Key.space,1789718924.8942215,1789718924.9722486
h,1789718925.1372483,1789718925.2243986
a,1789718925.2694302,1789718925.3576262
v,1789718925.3685446,1789718925.4826837
Key.space,1789718925.5534801,1789718925.6747634
Key.backspace,1789718925.932273,1789718926.0339692
e,1789718926.1539147,1789718926.2431755
Key.space,1789718926.3321588,1789718926.4381533
t,1789718926.4546082,1789718926.59277
a,1789718926.5803556,1789718926.6637733
k,1789718926.734454,1789718926.8613083
e,1789718926.8695285,1789718926.9842417
Key.space,1789718927.0752378,1789718927.1501067
c,1789718927.223015,1789718927.3109615
a,1789718927.3259,1789718927.4127045
l,1789718927.4191372,1789718927.4987643
l,1789718927.543324,1789718927.6297767
Key.space,1789718927.7670047,1789718927.851896
m,1789718928.1649263,1789718928.2555444
o,1789718928.295323,1789718928.411247
r,1789718928.3913634,1789718928.5726702
e,1789718928.483771,1789718928.5953586
Key.space,1789718928.5953586,1789718928.6797552
o,1789718928.7618766,1789718928.8554146
t,1789718928.8762927,1789718928.9931319
h,1789718929.0022876,1789718929.0830276
e,1789718929.172635,1789718929.2246754
r,1789718929.1754646,1789718929.2832763
Key.space,1789718929.2993083,1789718929.347499
g,1789718929.511523,1789718929.5779765
r,1789718929.6926126,1789718929.8258803
e,1789718929.7645152,1789718929.9638584
a,1789718929.843713,1789718930.0229738
t,1789718929.9795463,1789718930.0737233
Key.space,1789718930.105185,1789718930.2719414
l,1789718931.1251743,1789718931.2532578
e,1789718931.339866,1789718931.4406598
a,1789718931.3633056,1789718931.5062385
d,1789718931.4609559,1789718931.5693593
Key.space,1789718931.610772,1789718931.6972284
r,1789718931.9363494,1789718931.9951868
Key.backspace,1789718932.302898,1789718932.4194977
o,1789718932.9498706,1789718933.0626976
Key.backspace,1789718933.391435,1789718933.5151265
p,1789718933.5787427,1789718933.7212079
r,1789718933.7966015,1789718933.8154662
o,1789718934.051495,1789718934.1527908
g,1789718934.2095926,1789718934.3264525
r,1789718934.4437048,1789718934.5929258
a,1789718934.5954854,1789718934.6726878
m,1789718934.674695,1789718934.7639928
Key.space,1789718934.8673916,1789718934.9588904
k,1789718935.2379644,1789718935.363463
n,1789718935.4122784,1789718935.5227485
o,1789718935.5599432,1789718935.681777
w,1789718935.6909566,1789718935.7713366
Key.space,1789718935.8064048,1789718935.8973293
k,1789718936.0072303,1789718936.1155016
e,1789718936.1241915,1789718936.1814895
e,1789718936.2688,1789718936.3667283
p,1789718936.3198128,1789718936.4104786
Key.space,1789718936.5423427,1789718936.6797175
v,1789718936.7787988,1789718936.857092
e,1789718936.830318,1789718937.005905
r,1789718936.9563,1789718937.0523927
y,1789718937.3317227,1789718937.4897301
Key.space,1789718937.5449739,1789718937.6022732
b,1789718937.7133586,1789718937.8664942
o,1789718937.8682353,1789718937.991228
t,1789718937.9948864,1789718938.047015
h,1789718938.0739818,1789718938.0862613
Key.space,1789718938.2978053,1789718938.39608
e,1789718938.4171886,1789718938.5414462
v,1789718938.5414462,1789718938.662514
e,1789718938.64696,1789718938.7466788
n,1789718938.7292395,1789718938.8054621
Key.space,1789718938.9470937,1789718939.0068462
o,1789718939.5614755,1789718939.681969
l,1789718939.786213,1789718939.886047
d,1789718940.0237973,1789718940.0715852
Key.space,1789718940.112021,1789718940.1904728
o,1789718940.3219593,1789718940.4460893
v,1789718940.4524174,1789718940.5627398
e,1789718940.5889664,1789718940.7219229
r,1789718940.6799214,1789718940.782554
Key.space,1789718940.8153257,1789718940.9219718
s,1789718940.9645405,1789718941.1036026
t,1789718941.1036026,1789718941.1959183
i,1789718941.2130098,1789718941.3156998
l,1789718941.6004674,1789718941.690837
l,1789718941.7561326,1789718941.8296869
Key.space,1789718942.2157242,1789718942.3065903
u,1789718942.416322,1789718942.543957
n,1789718942.6016695,1789718942.7074957
d,1789718942.74056,1789718942.8853786
e,1789718942.8432312,1789718943.025922
r,1789718942.9711297,1789718943.1040087
Key.space,1789718943.1139183,1789718943.27762
a,1789718943.1891024,1789718943.2960994
n,1789718943.3427808,1789718943.4388294
y,1789718943.4875386,1789718943.5894163
Key.space,1789718943.642377,1789718943.7283814
c,1789718943.785658,1789718943.8918178
a,1789718943.8938234,1789718943.992805
l,1789718943.9688041,1789718944.0487826
l,1789718944.1265674,1789718944.2177606
Key.space,1789718944.3702037,1789718944.4293232
u,1789718944.5582116,1789718944.6469479
o,1789718944.7722926,1789718944.8786256
Key.space,1789718944.9991827,1789718945.1306088
Key.backspace,1789718945.3487475,1789718945.4421608
Key.backspace,1789718945.4796932,1789718945.5910873
p,1789718945.6502283,1789718945.7618718
Key.space,1789718945.934933,1789718946.0462496
w,1789718946.0776901,1789718946.1739492
i,1789718946.1939025,1789718946.3325665
t,1789718946.3754537,1789718946.4387248
h,1789718946.5193548,1789718946.533561
o,1789718946.686035,1789718946.7949665
u,1789718946.8395853,1789718946.9608605
t,1789718947.2280135,1789718947.3294313
Key.space,1789718947.761101,1789718947.8710358
c,1789718948.0165963,1789718948.1042051
o,1789718948.1042051,1789718948.230726
n,1789718948.2668555,1789718948.309547
s,1789718948.4462361,1789718948.548967
i,1789718948.57885,1789718948.6893365
d,1789718948.773799,1789718948.8953934
e,1789718948.865372,1789718949.059621
r,1789718949.0121617,1789718949.1182547
Key.space,1789718949.1471744,1789718949.2425444
o,1789718949.3781762,1789718949.461565
t,1789718949.464729,1789718949.5907595
h,1789718949.6314728,1789718949.6427681
e,1789718949.769126,1789718949.8073893
r,1789718949.877288,1789718949.9971323
Key.space,1789718950.0246208,1789718950.1236813
w,1789718950.104964,1789718950.227644
a,1789718950.2378883,1789718950.3571095
y,1789718950.4480429,1789718950.5606656
Key.space,1789718950.6055171,1789718950.7117763
p,1789718950.8511631,1789718950.9821188
e,1789718950.9553,1789718951.090859
r,1789718951.033758,1789718951.1401715
Key.esc,1789718956.9605713,1789718957.0341237
Key.f6,1789719041.1729176,1789719041.251413
Key.f5,1789719042.7291307,1789719042.8227167
b,1789719047.2362978,1789719047.3052876
e,1789719047.3330164,1789719047.450912
c,1789719047.3907924,1789719047.5256138
o,1789719047.5331328,1789719047.671247
m,1789719047.7772927,1789719047.8145185
e,1789719047.7966924,1789719047.896913
Key.space,1789719047.944351,1789719048.0099754
k,1789719048.1551144,1789719048.239771
e,1789719048.244347,1789719048.3141437
e,1789719048.4064095,1789719048.4965868
p,1789719048.479254,1789719048.5772805
Key.space,1789719048.6741734,1789719048.7700875
b,1789719048.8938532,1789719048.9629192
a,1789719048.971315,1789719049.143859
c,1789719049.0660954,1789719049.1711633
k,1789719049.1754856,1789719049.2768624
Key.space,1789719049.3712912,1789719049.4832692
g,1789719049.5886028,1789719049.7250967
e,1789719049.7037547,1789719049.8553014
t,1789719049.8250468,1789719049.9626362
Key.space,1789719049.9592085,1789719050.02743
i,1789719050.1081824,1789719050.230673
n,1789719050.2331104,1789719050.315552
t,1789719050.3481047,1789719050.448359
o,1789719050.4608066,1789719050.5912073
Key.space,1789719050.6576972,1789719050.7558706
d,1789719050.7908504,1789719050.8828192
o,1789719050.9324532,1789719051.0519912
w,1789719051.0484278,1789719051.0991485
n,1789719051.1462138,1789719051.2009933
Key.space,1789719051.3095324,1789719051.3930728
t,1789719051.4265716,1789719051.5143611
h,1789719051.5371277,1789719051.6286933
e,1789719051.6369748,1789719051.7207685
s,1789719051.8254569,1789719051.89776
e,1789719051.9882507,1789719052.1246908
Key.space,1789719052.12579,1789719052.1875722
t,1789719052.2558405,1789719052.329333
h,1789719052.3596601,1789719052.4389539
i,1789719052.464186,1789719052.5944343
n,1789719052.572053,1789719052.6610525
g,1789719052.6654656,1789719052.730206
Key.space,1789719052.780125,1789719052.866401
c,1789719052.9837842,1789719053.0668993
Key.backspace,1789719053.3228767,1789719053.4225867
a,1789719053.425857,1789719053.5026443
g,1789719053.5324092,1789719053.6393213
a,1789719053.6496837,1789719053.7376091
i,1789719053.7699363,1789719053.9012024
n,1789719053.8667758,1789719053.9575095
s,1789719053.99071,1789719054.1128476
t,1789719054.13097,1789719054.2150524
Key.space,1789719054.3117924,1789719054.3430836
d,1789719054.4046578,1789719054.503584
a,1789719054.5326357,1789719054.6355538
y,1789719054.618228,1789719054.7369342
Key.space,1789719054.8434227,1789719054.9158435
d,1789719054.96389,1789719055.0559196
u,1789719055.0683644,1789719055.1564083
r,1789719055.195172,1789719055.2290812
i,1789719055.25476,1789719055.3975842
n,1789719055.39658,1789719055.4230487
g,1789719055.452458,1789719055.5352693
Key.space,1789719055.538722,1789719055.6220212
t,1789719055.6718562,1789719055.7535872
Key.backspace,1789719055.9975724,1789719056.0831642
h,1789719056.0993092,1789719056.2071862
e,1789719056.2111614,1789719056.2825897
Key.space,1789719056.3125281,1789719056.3995044
t,1789719056.4928188,1789719056.5621755
a,1789719056.597492,1789719056.6496847
h,1789719056.6258426,1789719056.7055445
t,1789719056.8263655,1789719056.9261715
Key.backspace,1789719057.1834655,1789719057.2325366
Key.backspace,1789719057.3147871,1789719057.3757422
Key.backspace,1789719057.4330897,1789719057.565566
h,1789719057.6526666,1789719057.7591488
a,1789719057.7625654,1789719057.8998547
t,1789719057.8401878,1789719057.945907
Key.space,1789719058.004378,1789719058.0440204
t,1789719058.0668488,1789719058.1399832
h,1789719058.2821033,1789719058.3545494
i,1789719058.3792698,1789719058.5019479
n,1789719058.5053446,1789719058.559245
k,1789719058.9636068,1789719059.0741484
Key.space,1789719059.196585,1789719059.2856534
a,1789719059.2881324,1789719059.3890939
Key.space,1789719059.4322305,1789719059.4829698
g,1789719059.6085308,1789719059.7732408
e,1789719059.7747257,1789719059.8853974
Key.space,1789719059.9595938,1789719060.0608869
Key.backspace,1789719060.378541,1789719060.5007372
t,1789719060.513633,1789719060.6013665
Key.space,1789719060.6575353,1789719060.7458212
o,1789719060.844735,1789719060.9313443
w,1789719060.9349308,1789719061.0223927
n,1789719061.0597079,1789719061.1314635
Key.space,1789719061.2384763,1789719061.3444078
f,1789719061.3546283,1789719061.4404685
i,1789719061.4628913,1789719061.5783737
r,1789719061.5810063,1789719061.714563
s,1789719061.6901422,1789719061.8330421
t,1789719061.813573,1789719061.9360948
Key.space,1789719061.934611,1789719061.9647846
h,1789719062.1150434,1789719062.1603713
o,1789719062.2455144,1789719062.4343746
u,1789719062.4100597,1789719062.493266
s,1789719062.4676094,1789719062.571323
e,1789719062.6881206,1789719062.7727828
Key.space,1789719062.7608364,1789719062.8556762
c,1789719062.8821347,1789719063.0198479
h,1789719063.0212858,1789719063.0744302
a,1789719063.0868888,1789719063.1778927
n,1789719063.2206168,1789719063.2983856
g,1789719063.3381243,1789719063.4527197
e,1789719063.3916225,1789719063.493365
Key.space,1789719063.4593117,1789719063.533518
p,1789719063.6442409,1789719063.7803547
e,1789719063.7225866,1789719063.808639
r,1789719063.7816496,1789719063.8929985
s,1789719063.8987806,1789719064.0121598
o,1789719063.9445324,1789719064.0922613
n,1789719064.093737,1789719064.1484518
Key.space,1789719064.2357917,1789719064.3249507
o,1789719064.3870583,1789719064.5048907
f,1789719064.5059679,1789719064.568086
Key.space,1789719064.5505228,1789719064.6519778
n,1789719064.7534811,1789719064.8557956
o,1789719064.8922899,1789719065.0425448
t,1789719065.0456352,1789719065.1825798
Key.space,1789719065.18507,1789719065.2572634
a,1789719065.248254,1789719065.3760676
t,1789719065.3617146,1789719065.4483938
Key.space,1789719065.5046234,1789719065.601344
n,1789719065.7696323,1789719065.8545763
a,1789719065.8911114,1789719066.0067258
t,1789719065.967595,1789719066.042169
i,1789719066.0703416,1789719066.1333218
o,1789719066.285831,1789719066.3777452
n,1789719066.3670805,1789719066.4421282
Key.space,1789719066.5365734,1789719066.608865
m,1789719066.7422214,1789719066.837578
e,1789719066.8467546,1789719066.9941828
a,1789719066.961661,1789719067.048402
n,1789719067.020395,1789719067.1057842
Key.space,1789719067.1785789,1789719067.2820992
o,1789719067.371784,1789719067.4482157
p,1789719067.529728,1789719067.6451666
n,1789719067.7610724,1789719067.7736712
e,1789719067.741297,1789719067.805813
Key.space,1789719068.054725,1789719068.1512034
t,1789719068.241413,1789719068.3176837
h,1789719068.3522713,1789719068.4445596
e,1789719068.5145087,1789719068.5892668
s,1789719068.6907332,1789719068.7708938
e,1789719068.8760557,1789719068.9513988
Key.space,1789719068.9196353,1789719069.0059814
h,1789719069.124419,1789719069.1952217
o,1789719069.245899,1789719069.383359
w,1789719069.3420773,1789719069.5246854
Key.space,1789719069.4389644,1789719069.5261893
l,1789719069.6841857,1789719069.8088117
o,1789719069.8892777,1789719070.0084145
n,1789719070.030123,1789719070.1043375
g,1789719070.1763415,1789719070.2676678
Key.space,1789719070.271053,1789719070.3555171
s,1789719070.4096417,1789719070.589071
m,1789719070.5913506,1789719070.615899
a,1789719070.6529524,1789719070.7609909
l,1789719070.8258371,1789719070.916576
l,1789719070.965651,1789719071.0440936
Key.space,1789719071.2011125,1789719071.3025072
f,1789719071.286106,1789719071.3833425
a,1789719071.3858438,1789719071.530022
c,1789719071.4848351,1789719071.558576
t,1789719071.6982524,1789719071.7692199
Key.space,1789719071.79365,1789719071.8809924
Key.space,1789719071.9476461,1789719071.9915752
n,1789719072.3811634,1789719072.4981127
o,1789719072.559023,1789719072.671066
w,1789719072.6780508,1789719072.773634
Key.space,1789719072.8006265,1789719072.8840766
t,1789719072.892082,1789719072.9747636
h,1789719073.028843,1789719073.1031797
i,1789719073.136405,1789719073.2708519
n,1789719073.2450936,1789719073.3081412
g,1789719073.3262928,1789719073.4065
Key.space,1789719073.4323137,1789719073.4937036
g,1789719073.6262333,1789719073.734667
e,1789719073.7112,1789719073.86964
t,1789719073.8615406,1789719073.9266999
Key.space,1789719073.9291553,1789719074.0029385
p,1789719074.1223006,1789719074.228747
r,1789719074.1662068,1789719074.3409486
e,1789719074.2606845,1789719074.3478348
s,1789719074.4311934,1789719074.5132298
e,1789719074.5899901,1789719074.655701
n,1789719074.6965442,1789719074.7842867
t,1789719074.823328,1789719074.9399836
Key.space,1789719074.9399836,1789719075.0313082
e,1789719075.0763237,1789719075.234755
a,1789719075.2191792,1789719075.3644714
c,1789719075.3249173,1789719075.4112825
h,1789719075.44966,1789719075.5132282
Key.space,1789719075.618546,1789719075.6873488
o,1789719076.0708513,1789719076.1522763
Key.backspace,1789719076.4111047,1789719076.4421906
m,1789719076.686052,1789719076.8114023
o,1789719076.8482258,1789719076.9981945
e,1789719077.011375,1789719077.1348658
v,1789719077.011375,1789719077.140903
Key.backspace,1789719077.5565784,1789719077.577645
Key.backspace,1789719077.662137,1789719077.7509387
v,1789719077.7996256,1789719077.862289
e,1789719077.7996256,1789719077.9195552
Key.space,1789719077.9338706,1789719078.028942
f,1789719078.1104982,1789719078.2244475
e,1789719078.2057018,1789719078.336273
Key.backspace,1789719078.5473704,1789719078.6107955
Key.backspace,1789719078.6872625,1789719078.7621486
Key.backspace,1789719078.847813,1789719078.8968916
Key.backspace,1789719078.9557898,1789719079.0761995
v,1789719079.2822027,1789719079.3261833
Key.backspace,1789719079.4220388,1789719079.4641674
Key.backspace,1789719079.5514066,1789719079.6311784
v,1789719079.7073736,1789719079.8125536
e,1789719079.8125536,1789719079.915229
Key.space,1789719080.0527768,1789719080.1408312
f,1789719080.380826,1789719080.489142
e,1789719080.4732566,1789719080.6091251
w,1789719080.698562,1789719080.8211634
Key.space,1789719080.837867,1789719080.9286563
h,1789719081.080363,1789719081.1535966
o,1789719081.2078125,1789719081.3537066
m,1789719081.337175,1789719081.4507005
e,1789719081.4507005,1789719081.5398495
Key.space,1789719081.5682256,1789719081.630351
f,1789719081.645388,1789719081.7150145
o,1789719081.7812924,1789719081.8763666
r,1789719081.8252912,1789719081.8835855
m,1789719081.9338632,1789719082.0061722
Key.backspace,1789719082.5490153,1789719082.6574051
Key.backspace,1789719082.7286744,1789719082.7611132
Key.backspace,1789719082.8341484,1789719082.863929
r,1789719083.0324056,1789719083.1111255
o,1789719083.3173556,1789719083.400421
m,1789719083.5377498,1789719083.6453347
Key.space,1789719083.8430538,1789719083.931207
n,1789719084.012394,1789719084.1096046
e,1789719084.1384854,1789719084.2904217
w,1789719084.2320545,1789719084.332909
Key.space,1789719084.332909,1789719084.4339435
i,1789719084.4826672,1789719084.6041028
n,1789719084.6065817,1789719084.7153397
Key.space,1789719084.762562,1789719084.857578
e,1789719084.9695656,1789719085.0197217
s,1789719085.398082,1789719085.4739583
Key.backspace,1789719085.6292946,1789719085.7875214
Key.backspace,1789719085.7930758,1789719085.866578
s,1789719086.0070405,1789719086.1246676
u,1789719086.1115582,1789719086.2051945
c,1789719086.2337606,1789719086.3336914
h,1789719086.3336914,1789719086.402414
Key.space,1789719086.5185292,1789719086.608911
i,1789719086.675576,1789719086.8719857
n,1789719086.7818153,1789719086.882285
t,1789719086.9122572,1789719087.000613
o,1789719086.9815178,1789719087.0989993
Key.space,1789719087.1618922,1789719087.2748594
a,1789719087.279118,1789719087.3739946
Key.space,1789719087.39975,1789719087.4985914
s,1789719087.5173018,1789719087.6283128
Key.backspace,1789719088.0179904,1789719088.0848835
Key.backspace,1789719088.1507277,1789719088.2359176
s,1789719088.486064,1789719088.596603
Key.space,1789719089.0525358,1789719089.1596835
v,1789719089.2198515,1789719089.3635213
e,1789719089.3679624,1789719089.526923
r,1789719089.4763935,1789719089.5850754
y,1789719089.6975036,1789719089.8073764
Key.space,1789719089.9073431,1789719089.9955068
t,1789719090.102566,1789719090.1337762
u,1789719090.1522002,1789719090.2368877
r,1789719090.2566395,1789719090.3345942
n,1789719090.366702,1789719090.4282115
Key.space,1789719090.5519044,1789719090.6283016
d,1789719090.9142601,1789719091.0593722
e,1789719091.0635214,1789719091.1999247
v,1789719091.2035036,1789719091.3040733
e,1789719091.2903686,1789719091.380243
l,1789719091.358916,1789719091.5010757
o,1789719091.555907,1789719091.6464725
p,1789719091.7159908,1789719091.813487
Key.space,1789719091.915821,1789719092.0041094
a,1789719092.0041094,1789719092.104796
g,1789719092.115693,1789719092.2552743
a,1789719092.2552743,1789719092.3548493
i,1789719092.3598766,1789719092.472408
n,1789719092.472408,1789719092.5423594
s,1789719092.5632346,1789719092.695201
t,1789719092.6749115,1789719092.7810514
Key.space,1789719092.7921927,1789719092.8707497
s,1789719092.9578443,1789719093.0556612
e,1789719093.132904,1789719093.2134109
e,1789719093.3239834,1789719093.3557448
m,1789719093.3397255,1789719093.4144256
Key.space,1789719093.4910007,1789719093.567657
p,1789719093.6799111,1789719093.8169386
a,1789719093.9366968,1789719094.0362194
Key.backspace,1789719094.3015287,1789719094.4173186
l,1789719094.5045846,1789719094.5946116
a,1789719094.618937,1789719094.7264202
m,1789719094.773785,1789719094.7844982
Key.backspace,1789719095.3218951,1789719095.422998
n,1789719095.540125,1789719095.5501838
Key.space,1789719095.7135735,1789719095.827775
s,1789719095.8342624,1789719095.9681613
a,1789719095.9404666,1789719096.0121815
e,1789719096.5853014,1789719096.5853014
m,1789719096.6385112,1789719096.689637
Key.backspace,1789719096.913973,1789719096.9609728
Key.backspace,1789719097.0337396,1789719097.131361
m,1789719097.2595396,1789719097.3666263
e,1789719097.4011202,1789719097.5116174
Key.space,1789719097.5176868,1789719097.5855105
l,1789719097.7166314,1789719097.7925153
i,1789719097.9235332,1789719097.9826672
Key.backspace,1789719098.4125917,1789719098.490907
o,1789719098.6216757,1789719098.7544136
n,1789719098.8159058,1789719098.9110594
g,1789719098.9684582,1789719099.058532
Key.space,1789719099.058532,1789719099.1626546
p,1789719099.2646887,1789719099.3874252
a,1789719099.3648763,1789719099.507937
r,1789719099.4072144,1789719099.5215352
t,1789719099.6146927,1789719099.7072012
Key.space,1789719099.7249444,1789719099.8279884
w,1789719099.830203,1789719099.954908
e,1789719099.8891814,1789719100.0128572
Key.space,1789719100.0398128,1789719100.149657
f,1789719100.2560976,1789719100.3332374
o,1789719100.3461812,1789719100.458508
r,1789719100.4605165,1789719100.558169
Key.space,1789719100.5450537,1789719100.674017
i,1789719100.7211325,1789719100.8363261
t,1789719100.8419118,1789719100.9305785
Key.space,1789719100.966146,1789719101.0385463
u,1789719101.2277315,1789719101.336643
s,1789719101.313152,1789719101.4242184
e,1789719101.5164955,1789719101.6074114
Key.space,1789719101.5827658,1789719101.6783752
d,1789719101.7764063,1789719101.9308522
o,1789719102.2168374,1789719102.3543634
w,1789719102.3591871,1789719102.438273
n,1789719102.450197,1789719102.52435
Key.space,1789719102.622681,1789719102.6867979
c,1789719102.7737865,1789719102.8414676
o,1789719102.8520806,1789719102.9598384
m,1789719102.9451852,1789719103.1046371
e,1789719103.1066434,1789719103.173318
Key.space,1789719103.2068536,1789719103.3029664
a,1789719103.9531186,1789719104.0973701
f,1789719104.0697694,1789719104.2010047
t,1789719104.319673,1789719104.3934937
e,1789719104.4276066,1789719104.5570245
r,1789719104.509348,1789719104.6089363
Key.space,1789719104.7979624,1789719104.895253
s,1789719104.9110148,1789719105.0046203
e,1789719105.0858693,1789719105.1633065
e,1789719105.2871227,1789719105.354342
Key.space,1789719105.3596752,1789719105.4377298
o,1789719105.4937308,1789719105.6589131
n,1789719106.4211671,1789719106.5661814
Key.space,1789719106.6671557,1789719106.7467978
n,1789719106.8278172,1789719106.9375625
o,1789719106.958653,1789719107.0949976
Key.space,1789719107.1101954,1789719107.221146
t,1789719107.2527478,1789719107.357239
a,1789719107.3369167,1789719107.5171976
k,1789719107.5171976,1789719107.52042
e,1789719107.5510714,1789719107.643456
Key.space,1789719107.6640391,1789719107.7437437
t,1789719107.770092,1789719107.846085
o,1789719107.8579147,1789719107.9255161
o,1789719107.9818013,1789719108.0706835
Key.space,1789719108.1500175,1789719108.223317
n,1789719108.3145275,1789719108.410549
e,1789719108.3470657,1789719108.457473
v,1789719108.4615712,1789719108.608385
e,1789719108.608385,1789719108.681317
r,1789719108.6618526,1789719108.7410936
Key.space,1789719108.7952044,1789719108.8848114
f,1789719108.9167268,1789719108.9898703
o,1789719109.0059943,1789719109.1240087
r,1789719109.1081502,1789719109.1850286
m,1789719109.2087343,1789719109.3052306
Key.space,1789719109.418544,1789719109.5067654
i,1789719109.6890032,1789719109.6982968
f,1789719109.7055264,1789719109.7781088
Key.space,1789719109.8312123,1789719109.910523
h,1789719110.0354183,1789719110.1124868
g,1789719110.1927652,1789719110.2808754
i,1789719110.3432045,1789719110.5102918
Key.backspace,1789719110.7678175,1789719110.7702281
Key.backspace,1789719110.8444364,1789719110.946486
i,1789719111.0583766,1789719111.1608768
g,1789719111.1895454,1789719111.290595
h,1789719111.3175867,1789719111.3904724
Key.space,1789719111.54515,1789719111.657422
b,1789719111.7521288,1789719111.8455014
e,1789719111.8455014,1789719111.9635623
t,1789719111.9553592,1789719112.02287
e,1789719112.1839535,1789719112.291642
w,1789719112.2719295,1789719112.3444142
Key.backspace,1789719112.582588,1789719112.639452
Key.backspace,1789719112.7158854,1789719112.826388
w,1789719112.7723615,1789719112.919733
e,1789719112.919733,1789719112.9804723
e,1789719113.0620408,1789719113.1643062
n,1789719113.2151675,1789719113.310009
Key.space,1789719113.4115248,1789719113.488817
i,1789719113.5581646,1789719113.7059443
n,1789719113.6880803,1789719113.7738297
t,1789719113.74583,1789719113.8565032
e,1789719113.88022,1789719114.0144422
r,1789719114.0144422,1789719114.1057713
e,1789719114.0684001,1789719114.1391103
s,1789719114.2491727,1789719114.3012238
t,1789719114.345838,1789719114.4235332
Key.space,1789719114.4652908,1789719114.5653977
g,1789719114.638966,1789719114.722094
o,1789719114.703829,1789719114.7714663
o,1789719114.8389091,1789719114.9478533
d,1789719114.9514422,1789719115.0287564
Key.space,1789719115.0151727,1789719115.1187754
b,1789719115.2231903,1789719115.3131928
e,1789719115.2870402,1789719115.4171991
g,1789719115.3957038,1789719115.4849508
i,1789719115.465441,1789719115.605486
n,1789719115.5810091,1789719115.674552
Key.space,1789719115.767336,1789719115.8489385
r,1789719115.8889308,1789719115.9683552
u,1789719115.9843614,1789719116.0905526
n,1789719116.3715022,1789719116.44869
Key.space,1789719116.5519693,1789719116.6503475
f,1789719117.371184,1789719117.4347847
o,1789719117.4362562,1789719117.5592659
r,1789719117.6157937,1789719117.69325
m,1789719117.6950922,1789719117.7793825
Key.space,1789719117.867716,1789719117.9958003
g,1789719117.9958003,1789719118.0936077
o,1789719118.1223547,1789719118.2424557
v,1789719118.2231572,1789719118.349455
e,1789719118.3470614,1789719118.4777477
r,1789719118.443881,1789719118.5299573
n,1789719118.5385418,1789719118.5970142
Key.space,1789719118.7073386,1789719118.7863393
m,1789719118.9022317,1789719118.9933271
a,1789719118.9973474,1789719119.0834434
k,1789719119.1129427,1789719119.2098722
e,1789719119.2154248,1789719119.297273
Key.space,1789719119.3224216,1789719119.4245892
n,1789719119.5011947,1789719119.5653093
e,1789719119.5211954,1789719119.6751966
w,1789719119.631556,1789719119.7740803
Key.space,1789719119.7457304,1789719119.8408039
e,1789719120.1856928,1789719120.3859887
a,1789719120.318999,1789719120.423536
r,1789719120.3770654,1789719120.514457
l,1789719120.514457,1789719120.6131666
y,1789719120.6523807,1789719120.754991
Key.space,1789719120.7850044,1789719120.8856373
i,1789719120.9465115,1789719121.0814846
n,1789719121.0814846,1789719121.1316705
Key.space,1789719121.2364078,1789719121.343428
y,1789719121.3120801,1789719121.3865345
o,1789719121.474047,1789719121.5927372
u,1789719121.6006994,1789719121.6609447
Key.space,1789719121.814174,1789719121.8949249
u,1789719121.9704754,1789719122.07696
n,1789719122.063706,1789719122.1495504
d,1789719122.169255,1789719122.2877357
e,1789719122.2602606,1789719122.4528446
r,1789719122.399383,1789719122.5070443
Key.space,1789719122.426881,1789719122.510212
f,1789719122.6869438,1789719122.7585688
a,1789719122.779111,1789719122.9599926
c,1789719122.9949706,1789719123.0756948
t,1789719123.1957593,1789719123.294001
Key.space,1789719123.2854085,1789719123.4043207
w,1789719123.436179,1789719123.5519192
i,1789719123.4928675,1789719123.6191192
t,1789719123.6317472,1789719123.7712076
h,1789719123.7712076,1789719123.7712076
Key.space,1789719123.879224,1789719123.965671
l,1789719124.1940253,1789719124.203273
p,1789719124.0882864,1789719124.2111447
a,1789719124.2868836,1789719124.4016218
y,1789719124.4570923,1789719124.5604663
Key.space,1789719124.5604663,1789719124.6426022
t,1789719124.9036431,1789719124.9928584
h,1789719124.994632,1789719125.0945945
e,1789719125.1156318,1789719125.2072387
s,1789719125.3147666,1789719125.3580801
e,1789719125.7310028,1789719125.8377028
Key.space,1789719125.9458866,1789719126.0052016
t,1789719126.0521138,1789719126.106357
h,1789719126.1554525,1789719126.2398958
e,1789719126.220043,1789719126.3543017
r,1789719126.3368955,1789719126.472717
e,1789719126.4405282,1789719126.579505
Key.space,1789719126.5822203,1789719126.6712556
o,1789719126.785364,1789719126.8997974
f,1789719126.8687027,1789719126.9186327
Key.space,1789719127.3784626,1789719127.4471512
o,1789719127.5265677,1789719127.658555
u,1789719127.6771817,1789719127.744418
t,1789719127.7825654,1789719127.896303
Key.space,1789719127.8773816,1789719127.9468114
p,1789719128.1153443,1789719128.1795843
l,1789719128.2217453,1789719128.3189812
a,1789719128.3805332,1789719128.4639544
n,1789719128.479908,1789719128.5626612
Key.space,1789719128.6866636,1789719128.7826517
s,1789719129.3458042,1789719129.4682643
o,1789719129.4098792,1789719129.549236
e,1789719129.6396265,1789719129.7123823
Key.space,1789719129.7744632,1789719129.839356
Key.backspace,1789719130.1614447,1789719130.2692482
Key.backspace,1789719130.3127494,1789719130.3744845
m,1789719130.593216,1789719130.7054937
e,1789719130.7461345,1789719130.8235776
Key.space,1789719130.835598,1789719130.9191887
a,1789719131.0559125,1789719131.1777208
g,1789719131.1860695,1789719131.35538
a,1789719131.3563867,1789719131.3742876
i,1789719131.3563867,1789719131.4826114
n,1789719131.4689705,1789719131.564296
s,1789719131.567255,1789719131.65927
t,1789719131.68033,1789719131.7683446
Key.space,1789719131.7930067,1789719131.8411105
t,1789719131.9432614,1789719132.041947
h,1789719132.046723,1789719132.1296315
i,1789719132.143148,1789719132.27615
s,1789719132.255365,1789719132.4243402
Key.space,1789719132.339831,1789719132.4596338
n,1789719132.6080997,1789719132.7089133
o,1789719132.7526934,1789719132.873133
Key.space,1789719132.882584,1789719132.992577
a,1789719133.0520158,1789719133.1945443
s,1789719133.1474378,1789719133.249234
k,1789719133.2401037,1789719133.321764
Key.space,1789719133.5058079,1789719133.5256937
p,1789719133.6255832,1789719133.7430556
o,1789719133.873886,1789719133.951218
s,1789719133.9739356,1789719134.0922701
s,1789719134.147477,1789719134.2408602
i,1789719134.2182043,1789719134.329746
b,1789719134.37141,1789719134.4623
l,1789719134.5837393,1789719134.5929196
e,1789719134.632783,1789719134.7385044
Key.space,1789719134.7385044,1789719134.8109152
a,1789719134.8643785,1789719134.9764905
s,1789719134.9795976,1789719135.0938506
Key.space,1789719135.0599458,1789719135.1383877
n,1789719135.2482347,1789719135.3352995
o,1789719135.3691146,1789719135.4722202
Key.space,1789719135.5345798,1789719135.5677838
t,1789719135.675562,1789719135.750235
Key.backspace,1789719136.0949152,1789719136.1787677
Key.backspace,1789719136.2419999,1789719136.334313
t,1789719136.4480138,1789719136.5216722
Key.space,1789719136.5997427,1789719136.7875345
l,1789719136.8843613,1789719136.9580731
a,1789719136.9844582,1789719137.1094635
t,1789719137.114134,1789719137.2140403
e,1789719137.157494,1789719137.2675958
Key.space,1789719137.2870922,1789719137.3753533
i,1789719137.463899,1789719137.567512
t,1789719137.6085362,1789719137.6912987
Key.space,1789719137.7002754,1789719137.8586767
i,1789719137.909208,1789719137.9599423
Key.backspace,1789719138.302165,1789719138.3999522
t,1789719138.4429772,1789719138.5370953
r,1789719138.716845,1789719138.7304611
u,1789719138.7967865,1789719138.9401693
Key.backspace,1789719139.0786145,1789719139.1300287
Key.backspace,1789719139.1901174,1789719139.2587757
u,1789719139.4656541,1789719139.526638
r,1789719139.6009614,1789719139.69677
n,1789719139.6992269,1789719139.775317
Key.space,1789719139.8756707,1789719140.0154371
m,1789719140.1001747,1789719140.2134922
o,1789719140.2755663,1789719140.3901691
s,1789719140.3534913,1789719140.4705553
t,1789719140.477102,1789719140.5559905
Key.space,1789719140.5624175,1789719140.6358354
t,1789719140.6904685,1789719140.7796416
h,1789719140.7934031,1789719140.8610718
a,1789719140.9209185,1789719140.987252
n,1789719140.9932735,1789719141.1328235
Key.space,1789719141.1511426,1789719141.2405977
f,1789719141.3843257,1789719141.502281
w,1789719141.6374872,1789719141.7226293
e,1789719141.6946502,1789719141.7896
Key.backspace,1789719142.110782,1789719142.2042294
Key.backspace,1789719142.237369,1789719142.3200488
e,1789719142.3220723,1789719142.4267044
w,1789719142.3434157,1789719142.4434988
Key.space,1789719142.5394034,1789719142.5859609
p,1789719142.7514403,1789719142.8825734
l,1789719142.9700432,1789719143.0138571
a,1789719143.3316302,1789719143.446414
y,1789719143.446414,1789719143.5328329
Key.space,1789719143.5515528,1789719143.6525779
w,1789719143.7671237,1789719143.8847203
e,1789719143.840657,1789719143.9321375
l,1789719143.9706693,1789719144.0392108
l,1789719144.1144187,1789719144.2038784
Key.space,1789719144.4140704,1789719144.5181146
m,1789719144.6767733,1789719144.7605991
a,1789719144.8014998,1789719144.9020474
n,1789719144.913146,1789719144.9765158
Key.space,1789719145.0788927,1789719145.1559756
s,1789719145.167016,1789719145.2565458
e,1789719145.3525212,1789719145.4648201
t,1789719145.4387982,1789719145.5396335
Key.space,1789719145.5396335,1789719145.640906
e,1789719145.6446562,1789719145.7478795
n,1789719145.7551253,1789719145.8307524
d,1789719145.8869436,1789719145.9619875
Key.space,1789719145.9859502,1789719146.0911047
b,1789719146.314838,1789719146.357732
e,1789719146.7263322,1789719146.8719542
c,1789719146.852297,1789719146.92173
o,1789719146.9350784,1789719147.035891
m,1789719147.072321,1789719147.1767113
Key.space,1789719147.2558222,1789719147.36843
e,1789719147.2873762,1789719147.3755193
g,1789719147.4950457,1789719147.6196792
o,1789719147.6196792,1789719147.6572769
Key.backspace,1789719148.0128672,1789719148.0809917
Key.backspace,1789719148.1653962,1789719148.240257
Key.backspace,1789719148.305379,1789719148.3668284
Key.backspace,1789719148.4353619,1789719148.5401955
e,1789719148.5762222,1789719148.7142582
Key.space,1789719148.784482,1789719148.88302
g,1789719148.95525,1789719149.0458393
o,1789719149.0298755,1789719149.1402981
Key.space,1789719149.1837368,1789719149.3068533
f,1789719149.4187124,1789719149.491804
o,1789719149.491804,1789719149.5986145
Key.space,1789719149.7055886,1789719149.8050573
r,1789719149.8050573,1789719149.845375
Key.backspace,1789719150.0956125,1789719150.1746683
Key.backspace,1789719150.2243736,1789719150.293446
Key.backspace,1789719150.2969413,1789719150.348213
o,1789719151.0233264,1789719151.149764
r,1789719151.1852524,1789719151.27763
Key.space,1789719151.2789447,1789719151.361669
l,1789719151.5032902,1789719151.6033294
e,1789719151.5738835,1789719151.7282004
a,1789719151.6573608,1789719151.7918835
d,1789719152.0861275,1789719152.1760514
Key.space,1789719152.2034433,1789719152.296684
f,1789719152.5701354,1789719152.6927884
e,1789719152.85328,1789719152.9789171
w,1789719153.064199,1789719153.1021483
Key.space,1789719153.1669436,1789719153.2756538
t,1789719153.3224363,1789719153.4205976
h,1789719153.4523878,1789719153.5157473
e,1789719153.537507,1789719153.617316
Key.space,1789719153.6590168,1789719153.7588563
t,1789719153.7937937,1789719153.8814003
i,1789719153.930056,1789719153.9808252
m,1789719154.3964648,1789719154.5043113
e,1789719154.6572993,1789719154.7256136
Key.space,1789719154.8147995,1789719154.8655136
h,1789719155.031504,1789719155.0905986
p,1789719155.2623003,1789719155.3404493
Key.backspace,1789719155.6089942,1789719155.6987782
o,1789719155.8093147,1789719155.9206612
w,1789719155.9590945,1789719156.0301604
e,1789719156.1363907,1789719156.2248747
v,1789719156.2704496,1789719156.3969712
e,1789719156.4036815,1789719156.5588453
r,1789719156.542734,1789719156.628219
Key.space,1789719156.6935744,1789719156.7888346
o,1789719156.8760955,1789719157.0210857
l,1789719157.0772004,1789719157.1597059
d,1789719157.2106767,1789719157.3236573
Key.space,1789719157.3262978,1789719157.443538
s,1789719157.443538,1789719157.5126355
a,1789719157.7058623,1789719157.821883
t,1789719157.8268805,1789719157.9204812
e,1789719157.884575,1789719157.9941652
Key.space,1789719158.077066,1789719158.1542175
Key.backspace,1789719158.3644307,1789719158.4444125
Key.backspace,1789719158.5313628,1789719158.5838988
Key.backspace,1789719158.6618216,1789719158.7172732
Key.backspace,1789719158.7942464,1789719158.8658285
t,1789719158.8897095,1789719159.0275135
a,1789719158.954271,1789719159.127979
t,1789719159.1391122,1789719159.2434523
a,1789719159.2628584,1789719159.348948
e,1789719159.3519123,1789719159.4318554
Key.space,1789719159.6088417,1789719159.685181
Key.backspace,1789719159.8894835,1789719159.9422426
Key.backspace,1789719160.02795,1789719160.121639
Key.backspace,1789719160.1733854,1789719160.2310455
e,1789719160.2805684,1789719160.383168
Key.space,1789719160.4626622,1789719160.5541945
a,1789719160.6790953,1789719160.7680287
s,1789719160.7365992,1789719160.8255842
k,1789719160.8496404,1789719160.9533167
Key.space,1789719161.0729914,1789719161.1693504
e,1789719161.173421,1789719161.3169034
a,1789719161.2595525,1789719161.4008968
c,1789719161.3487332,1789719161.4487674
h,1789719161.4724252,1789719161.5369341
Key.space,1789719161.6553018,1789719161.7513168
n,1789719161.8173325,1789719161.9012542
o,1789719161.9148133,1789719162.0464664
Key.space,1789719162.0525947,1789719162.1531997
e,1789719162.1832223,1789719162.3403213
v,1789719162.4762664,1789719162.552789
Key.backspace,1789719162.7190557,1789719162.8308961
Key.backspace,1789719162.8392246,1789719162.9348211
v,1789719162.948488,1789719163.0344758
e,1789719162.9951127,1789719163.2186196
r,1789719163.1444297,1789719163.2449832
y,1789719163.3845124,1789719163.4923737
Key.space,1789719163.6909776,1789719163.793733
c,1789719163.9157414,1789719164.00482
o,1789719163.973539,1789719164.0933576
u,1789719164.1308463,1789719164.2130375
r,1789719164.252604,1789719164.3378003
s,1789719164.398136,1789719164.4950428
e,1789719164.565152,1789719164.663716
Key.space,1789719164.6447241,1789719164.7164605
o,1789719164.8108673,1789719164.9827278
u,1789719164.9827278,1789719164.9934528
t,1789719164.994557,1789719165.0643883
Key.space,1789719165.129675,1789719165.2118707
v,1789719165.2270105,1789719165.326861
e,1789719165.3288684,1789719165.4576414
r,1789719165.426119,1789719165.5145867
y,1789719165.5535605,1789719165.6374092
Key.space,1789719165.7367115,1789719165.8171616
a,1789719165.8648577,1789719165.9394147
l,1789719165.9744668,1789719166.0720422
s,1789719166.0865815,1789719166.1736054
o,1789719166.1893237,1789719166.2829597
Key.space,1789719166.3796723,1789719166.475373
w,1789719166.462944,1789719166.5918064
r,1789719166.601425,1789719166.6325133
i,1789719166.6775584,1789719166.7648046
t,1789719166.7884622,1789719166.9169118
e,1789719166.888846,1789719166.9762988
Key.space,1789719166.978168,1789719167.055546
a,1789719167.1347592,1789719167.1375346
e,1789719167.1375346,1789719167.2530644
Key.esc,1789719171.4608626,1789719171.514264
m,1789751636.3680437,1789751636.4802575
o,1789751636.5506704,1789751636.6724496
n,1789751636.690368,1789751636.7831383
k,1789751636.8065262,1789751636.8910198
e,1789751636.9342952,1789751637.0656605
h,1789751637.1332402,1789751637.2003896
y,1789751637.1352408,1789751637.2027695
Key.backspace,1789751637.7335777,1789751637.8496175
Key.backspace,1789751637.9386714,1789751638.034577
t,1789751638.2805789,1789751638.3487968
Key.backspace,1789751638.5675745,1789751638.6585083
y,1789751638.6240082,1789751638.7268853
t,1789751638.8541832,1789751638.9286294
Key.enter,1789751639.6046028,1789751639.6855228
t,1789751644.18371,1789751644.3149142
h,1789751645.6175225,1789751645.6976128
e,1789751645.7579868,1789751645.917205
r,1789751645.8552954,1789751646.0161176
e,1789751646.0008333,1789751646.0834024
Key.space,1789751646.1715524,1789751646.2460406
w,1789751646.3326817,1789751646.4967463
h,1789751646.7058437,1789751646.8229334
a,1789751646.8229334,1789751646.9759362
t,1789751646.9529483,1789751647.042198
Key.space,1789751647.0860279,1789751647.1628952
s,1789751647.242302,1789751647.3276346
c,1789751647.3673944,1789751647.44365
h,1789751647.526213,1789751647.5613525
o,1789751647.678165,1789751647.7190907
o,1789751647.795578,1789751647.8917565
l,1789751648.0090044,1789751648.087296
Key.space,1789751648.2417092,1789751648.3206913
a,1789751648.3601015,1789751648.4863174
r,1789751648.4545202,1789751648.5366063
o,1789751648.5881248,1789751648.6717765
u,1789751648.8047843,1789751648.9247808
n,1789751648.9367378,1789751649.0225933
d,1789751649.078854,1789751649.1875074
Key.space,1789751649.186377,1789751649.2595165
h,1789751649.396085,1789751649.4896574
e,1789751649.5041003,1789751649.6534698
r,1789751649.6031668,1789751649.7173016
e,1789751649.7523987,1789751649.793747
Key.space,1789751649.9406056,1789751650.0117211
a,1789751650.115786,1789751650.2328138
t,1789751650.2059462,1789751650.2989478
Key.space,1789751650.328869,1789751650.4122007
s,1789751650.4766994,1789751650.5443695
e,1789751650.6486661,1789751650.7088335
e,1789751650.8122754,1789751650.881924
Key.space,1789751650.8624191,1789751650.946663
p,1789751651.0828683,1789751651.1848297
o,1789751651.3810368,1789751651.4375498
s,1789751651.4548256,1789751651.5250707
s,1789751651.6091769,1789751651.6855867
i,1789751651.778743,1789751651.887626
b,1789751652.012474,1789751652.1000133
l,1789751652.1583903,1789751652.2782547
e,1789751652.3129053,1789751652.4093852
Key.space,1789751652.4923422,1789751652.5715222
u,1789751652.754552,1789751652.8442922
p,1789751652.9812303,1789751653.093174
Key.space,1789751653.2293324,1789751653.3053558
p,1789751653.4091642,1789751653.5177412
r,1789751653.4939725,1789751653.6515348
e,1789751653.5596616,1789751653.6515348
s,1789751653.745498,1789751653.791685
e,1789751653.9210675,1789751654.016272
n,1789751654.0956628,1789751654.1923096
t,1789751654.1944425,1789751654.2824762
Key.space,1789751654.349453,1789751654.4128664
n,1789751654.5446768,1789751654.6362267
e,1789751654.617902,1789751654.7175243
v,1789751654.744557,1789751654.8601735
e,1789751654.862617,1789751655.0210516
r,1789751654.9753125,1789751655.0737436
Key.space,1789751655.106542,1789751655.1875904
a,1789751655.1847956,1789751655.3328853
s,1789751655.2732773,1789751655.393249
Key.space,1789751655.4068453,1789751655.4710698
f,1789751655.5363207,1789751655.6646438
a,1789751655.666107,1789751655.7873638
c,1789751655.7425337,1789751655.85938
e,1789751655.8291283,1789751655.936237
Key.space,1789751655.9541104,1789751656.0419428
g,1789751656.1643639,1789751656.2509313
r,1789751656.3566456,1789751656.5129614
e,1789751656.4566164,1789751656.6743085
a,1789751656.4971502,1789751656.6827226
t,1789751656.638156,1789751656.7449553
Key.space,1789751656.7940688,1789751656.8681018
w,1789751657.3681192,1789751657.4599245
h,1789751657.716062,1789751657.7534077
j,1789751657.717164,1789751657.7557244
a,1789751657.7889109,1789751657.9246953
t,1789751657.8936157,1789751657.9833508
Key.backspace,1789751658.244471,1789751658.3108306
Key.backspace,1789751658.395109,1789751658.4684012
Key.backspace,1789751658.5481565,1789751658.6084752
a,1789751658.70196,1789751658.868586
t,1789751658.8042564,1789751658.9137304
Key.space,1789751658.9151766,1789751658.978747
l,1789751659.1416526,1789751659.235803
a,1789751659.252678,1789751659.429616
s,1789751659.351681,1789751659.4780047
t,1789751659.4976919,1789751659.6030736
Key.space,1789751659.6327968,1789751659.709807
b,1789751659.9329739,1789751659.979236
e,1789751660.0292351,1789751660.1685836
c,1789751660.1719134,1789751660.2472384
a,1789751660.2629633,1789751660.35454
u,1789751660.4127443,1789751660.510087
s,1789751660.499905,1789751660.5925655
e,1789751660.6789172,1789751660.7699099
Key.space,1789751660.7542226,1789751660.8061419
l,1789751660.955921,1789751661.0330071
i,1789751661.1318212,1789751661.21578
t,1789751661.21578,1789751661.2752304
t,1789751661.3615537,1789751661.435902
l,1789751661.4677947,1789751661.5588129
e,1789751661.589815,1789751661.677954
Key.space,1789751661.7274003,1789751661.8042023
h,1789751661.9088972,1789751662.009827
a,1789751661.9652402,1789751662.111205
v,1789751662.0813591,1789751662.211329
e,1789751662.159127,1789751662.248279
Key.space,1789751662.2843375,1789751662.3583484
t,1789751662.3888512,1789751662.462385
h,1789751662.4986982,1789751662.587919
a,1789751662.5894437,1789751662.7129557
t,1789751662.6724834,1789751662.7419538
Key.space,1789751662.7499416,1789751662.8201044
f,1789751662.9112327,1789751662.974055
o,1789751662.9854805,1789751663.0990877
r,1789751663.1198437,1789751663.1762028
m,1789751663.1882331,1789751663.2585132
Key.space,1789751663.3667433,1789751663.4370615
a,1789751663.534797,1789751663.6330519
g,1789751663.649478,1789751663.7233393
a,1789751663.7412457,1789751663.8118675
i,1789751663.828101,1789751663.891221
n,1789751663.8997679,1789751663.9737034
t,1789751664.2168746,1789751664.3074033
Key.space,1789751664.4920478,1789751664.5621476
Key.backspace,1789751664.799298,1789751664.854821
Key.backspace,1789751664.9236898,1789751665.0426037
s,1789751665.0865183,1789751665.2219381
t,1789751665.163409,1789751665.2747364
Key.space,1789751665.3092463,1789751665.3620887
p,1789751665.507424,1789751665.5912602
o,1789751665.7028127,1789751665.789407
s,1789751665.7778018,1789751665.859729
s,1789751665.9092586,1789751665.9731197
i,1789751666.0316422,1789751666.1194236
b,1789751666.4394588,1789751666.5346844
l,1789751666.557532,1789751666.6525064
e,1789751666.7465363,1789751666.8525898
Key.space,1789751666.8555903,1789751666.9070556
p,1789751667.0065928,1789751667.1430573
l,1789751667.1145716,1789751667.2065737
a,1789751667.2065737,1789751667.2925596
h,1789751667.3979712,1789751667.41648
y,1789751667.3424766,1789751667.4269867
Key.space,1789751667.4534981,1789751667.525386
n,1789751667.6474335,1789751667.7177196
Key.backspace,1789751667.9968162,1789751668.0552332
Key.backspace,1789751668.1532636,1789751668.2097776
Key.backspace,1789751668.2829032,1789751668.3636012
Key.space,1789751668.589827,1789751668.6577482
n,1789751668.8079748,1789751668.9162502
r,1789751668.9546409,1789751669.123808
e,1789751669.0726342,1789751669.160701
Key.space,1789751669.3177714,1789751669.3604856
Key.backspace,1789751669.6510208,1789751669.7495437
Key.backspace,1789751669.8394954,1789751669.905044
Key.backspace,1789751669.9833765,1789751670.0810611
e,1789751670.1175537,1789751670.2533092
w,1789751670.2071483,1789751670.3096118
Key.space,1789751670.5510623,1789751670.6287115
t,1789751670.6830168,1789751670.7825913
i,1789751670.7825913,1789751670.904067
m,1789751670.8924248,1789751670.9965882
e,1789751671.0626712,1789751671.1367903
Key.space,1789751671.1478515,1789751671.2236292
n,1789751671.3330984,1789751671.4119005
o,1789751671.4501264,1789751671.5432675
Key.space,1789751671.61362,1789751671.6941614
y,1789751671.7720096,1789751671.8648484
o,1789751671.912036,1789751672.0254323
u,1789751672.0617769,1789751672.1174493
u,1789751672.3939059,1789751672.4497375
Key.space,1789751672.679707,1789751672.7272425
i,1789751672.845985,1789751672.9628174
n,1789751672.9514742,1789751673.0077064
Key.space,1789751673.0823953,1789751673.176739
m,1789751673.2930326,1789751673.3307598
o,1789751673.3430767,1789751673.4658477
v,1789751673.518237,1789751673.5884907
e,1789751673.5431495,1789751673.6547687
Key.space,1789751673.75473,1789751673.8194666
l,1789751674.045945,1789751674.1151261
i,1789751674.2426727,1789751674.3309793
f,1789751674.3255024,1789751674.4333296
e,1789751674.3834722,1789751674.4773114
Key.space,1789751674.4834716,1789751674.538753
n,1789751674.6396976,1789751674.7036388
e,1789751674.6784177,1789751674.8135812
w,1789751674.7377398,1789751674.8150303
Key.space,1789751675.1040106,1789751675.1560674
o,1789751675.238607,1789751675.3294976
l,1789751675.4007661,1789751675.4669087
d,1789751675.4669087,1789751675.5614362
Key.space,1789751675.663862,1789751675.7358043
a,1789751675.8107793,1789751675.938568
r,1789751675.9040306,1789751675.9884567
o,1789751676.0456283,1789751676.1215003
u,1789751676.2009532,1789751676.279674
n,1789751676.417081,1789751676.4736755
d,1789751676.5037563,1789751676.5960371
Key.space,1789751676.6227474,1789751676.686786
a,1789751676.749313,1789751676.8118424
g,1789751676.8616326,1789751676.9333022
a,1789751676.9806972,1789751677.0092204
i,1789751676.998724,1789751677.1065907
n,1789751677.1112862,1789751677.1839929
s,1789751677.2704985,1789751677.3524625
t,1789751677.3445945,1789751677.4382029
Key.space,1789751677.5062559,1789751677.5845175
",",1789751678.119039,1789751678.2280467
Key.backspace,1789751678.5090861,1789751678.5835845
m,1789751678.785163,1789751678.841994
i,1789751678.9514005,1789751679.0678995
g,1789751679.095605,1789751679.176263
t,1789751679.4607887,1789751679.5502014
h,1789751679.5947835,1789751679.679764
Key.backspace,1789751680.0761454,1789751680.1287425
Key.backspace,1789751680.202382,1789751680.3165317
g,1789751680.2720902,1789751680.364381
t,1789751680.525425,1789751680.6135516
Key.backspace,1789751680.8922327,1789751680.9449692
Key.backspace,1789751681.0117016,1789751681.1014707
h,1789751681.7631378,1789751681.8460696
t,1789751681.8883007,1789751681.9827123
Key.space,1789751682.2104914,1789751682.2925386
a,1789751682.5244877,1789751682.6684647
f,1789751682.6485932,1789751682.718817
t,1789751682.811788,1789751682.899818
e,1789751682.899818,1789751683.061934
r,1789751683.023177,1789751683.0998008
Key.space,1789751683.135363,1789751683.205709
b,1789751683.3924015,1789751683.4857612
e,1789751683.4774854,1789751683.583313
Key.space,1789751683.6439073,1789751683.7069645
i,1789751683.7953925,1789751683.9089017
n,1789751683.906322,1789751683.9576929
Key.space,1789751684.0506372,1789751684.1019702
o,1789751684.2869678,1789751684.384539
w,1789751684.384539,1789751684.472202
n,1789751684.502001,1789751684.575471
Key.space,1789751684.6806605,1789751684.7536995
a,1789751684.8119395,1789751684.8729951
Key.backspace,1789751685.2431974,1789751685.3269997
w,1789751685.36562,1789751685.4759138
h,1789751685.5076315,1789751685.5932739
i,1789751685.6209984,1789751685.7718272
c,1789751685.7281287,1789751685.8197217
h,1789751685.8631773,1789751685.9335876
Key.space,1789751686.0821748,1789751686.1248035
m,1789751686.2497919,1789751686.3384576
o,1789751686.3919818,1789751686.5187337
s,1789751686.480079,1789751686.6018653
t,1789751686.581964,1789751686.6721683
Key.space,1789751686.7305007,1789751686.8104773
w,1789751687.1153486,1789751687.2231069
h,1789751687.236866,1789751687.3112118
o,1789751687.3417265,1789751687.4479084
Key.space,1789751687.5537202,1789751687.6277878
c,1789751687.644384,1789751687.7277465
h,1789751687.7805357,1789751687.8616064
a,1789751687.8630786,1789751687.960747
n,1789751688.008731,1789751688.0720744
g,1789751688.0967453,1789751688.1486108
e,1789751688.134365,1789751688.264184
Key.space,1789751688.3478801,1789751688.416302
b,1789751689.0770702,1789751689.1694956
e,1789751689.1583323,1789751689.236775
e,1789751689.32128,1789751689.4379427
Key.backspace,1789751689.611891,1789751689.6826797
Key.backspace,1789751689.755935,1789751689.8186777
Key.backspace,1789751689.8780942,1789751689.944458
n,1789751690.143482,1789751690.2305777
e,1789751690.2602937,1789751690.34156
e,1789751690.4103167,1789751690.4992726
d,1789751690.4861078,1789751690.5921252
Key.space,1789751690.6091957,1789751690.6750515
c,1789751690.7534938,1789751690.8296444
o,1789751690.8150427,1789751690.9095442
n,1789751690.9349656,1789751691.0255775
s,1789751691.0295122,1789751691.1152048
i,1789751691.185627,1789751691.2420254
d,1789751691.2320368,1789751691.3241036
e,1789751691.3549056,1789751691.480535
r,1789751691.4819708,1789751691.5501573
Key.space,1789751691.6505594,1789751691.739838
t,1789751691.9087636,1789751691.9927454
u,1789751692.0085573,1789751692.0923705
r,1789751692.148451,1789751692.2260945
n,1789751692.2104645,1789751692.2812896
Key.space,1789751692.3959632,1789751692.4532702
s,1789751692.5211616,1789751692.6017432
i,1789751692.62391,1789751692.7216809
n,1789751692.9140964,1789751693.005326
c,1789751693.0431385,1789751693.1795697
e,1789751693.1193151,1789751693.2215402
Key.space,1789751693.2336504,1789751693.2959528
p,1789751693.4745827,1789751693.562336
l,1789751693.6919749,1789751693.7926579
a,1789751693.7936609,1789751693.9049165
n,1789751693.9480963,1789751694.010544
Key.space,1789751694.1121652,1789751694.1733584
m,1789751694.2955465,1789751694.3613975
u,1789751694.461385,1789751694.5876224
c,1789751694.579705,1789751694.6373746
h,1789751694.6318252,1789751694.6979072
Key.space,1789751694.831086,1789751694.9015024
a,1789751694.9355955,1789751695.019872
g,1789751695.0441275,1789751695.1380134
a,1789751695.139442,1789751695.21608
i,1789751695.1769366,1789751695.300843
n,1789751695.294043,1789751695.3605232
Key.space,1789751695.4660153,1789751695.5366457
i,1789751695.6805766,1789751695.7641158
n,1789751695.8225887,1789751695.8461285
Key.space,1789751696.0928853,1789751696.1531591
m,1789751696.2912397,1789751696.383392
a,1789751696.384503,1789751696.4678714
n,1789751696.5055645,1789751696.5695384
Key.space,1789751696.68117,1789751696.7233124
o,1789751696.82422,1789751696.9213848
w,1789751696.8937395,1789751696.9978845
n,1789751697.028392,1789751697.0982528
Key.space,1789751697.1896157,1789751697.2467227
h,1789751697.3946426,1789751697.4687307
a,1789751697.448347,1789751697.5520818
v,1789751697.5747015,1789751697.6480384
e,1789751697.600487,1789751697.7119966
Key.space,1789751697.7281518,1789751697.7846959
p,1789751697.9027817,1789751698.00479
r,1789751697.9652524,1789751698.0296693
o,1789751698.1139264,1789751698.2115238
b,1789751698.223479,1789751698.2892969
l,1789751698.387735,1789751698.4733982
e,1789751698.5095506,1789751698.5859418
m,1789751698.6265306,1789751698.693662
Key.space,1789751698.786671,1789751698.8596902
t,1789751698.9297645,1789751699.0067768
e,1789751699.1045334,1789751699.183978
l,1789751699.2001576,1789751699.2623148
l,1789751699.3179379,1789751699.392806
Key.space,1789751699.52433,1789751699.5750568
y,1789751699.9596825,1789751700.0706687
o,1789751700.0719833,1789751700.201245
u,1789751700.2397256,1789751700.276044
Key.space,1789751700.4975002,1789751700.553241
l,1789751700.713764,1789751700.7835107
e,1789751700.7670977,1789751700.93196
a,1789751700.8399794,1789751700.980744
d,1789751700.9259129,1789751701.0146112
Key.space,1789751701.0740674,1789751701.148708
b,1789751701.45619,1789751701.5431826
e,1789751701.5232065,1789751701.661782
t,1789751701.6230686,1789751701.7103355
w,1789751701.790887,1789751701.8972595
e,1789751701.8435202,1789751701.925584
e,1789751701.98551,1789751702.085247
n,1789751702.1013713,1789751702.1914504
Key.space,1789751702.2870412,1789751702.3352938
h,1789751702.4958234,1789751702.5578876
h,1789751702.5937467,1789751702.6432445
o,1789751702.8255649,1789751702.9124942
m,1789751702.9520233,1789751703.0234463
Key.backspace,1789751703.2518482,1789751703.3126643
Key.backspace,1789751703.4062836,1789751703.4515789
Key.backspace,1789751703.514038,1789751703.587944
o,1789751703.735886,1789751703.822992
m,1789751703.9057076,1789751703.971903
e,1789751704.0237586,1789751704.1113508
Key.space,1789751704.126531,1789751704.192979
i,1789751704.2618341,1789751704.3830392
n,1789751704.370749,1789751704.430735
Key.space,1789751704.507154,1789751704.5809162
t,1789751704.5832658,1789751704.6636505
h,1789751704.7098525,1789751704.7791948
r,1789751704.8077567,1789751704.8757045
o,1789751704.8757045,1789751704.977085
u,1789751704.9988575,1789751705.060127
g,1789751705.0731294,1789751705.1483295
h,1789751705.2009382,1789751705.2706292
Key.space,1789751705.4022746,1789751705.4645915
o,1789751705.5682626,1789751705.652833
f,1789751705.6711278,1789751705.7735043
Key.space,1789751705.7735043,1789751705.8424976
h,1789751705.95062,1789751706.0203266
o,1789751706.0694904,1789751706.1754043
u,1789751706.1997643,1789751706.279072
s,1789751706.2688384,1789751706.3402426
e,1789751706.4273207,1789751706.5115798
Key.space,1789751706.5125895,1789751706.5846684
a,1789751706.6413395,1789751706.6828504
s,1789751706.7116375,1789751706.8059483
Key.backspace,1789751707.100802,1789751707.1577353
Key.backspace,1789751707.2131324,1789751707.3020098
s,1789751707.278193,1789751707.418365
a,1789751707.3660765,1789751707.4964924
y,1789751707.4977734,1789751707.5825577
Key.space,1789751707.7063155,1789751707.785798
t,1789751707.8108718,1789751707.8908944
e,1789751708.0241737,1789751708.108328
l,1789751708.1282856,1789751708.1981723
l,1789751708.2520814,1789751708.318696
Key.space,1789751708.5089324,1789751708.557687
l,1789751708.7995694,1789751708.8833199
e,1789751708.8575456,1789751709.0301409
a,1789751708.940306,1789751709.0800922
v,1789751709.0237486,1789751709.1089506
e,1789751709.1194205,1789751709.2393823
Key.space,1789751709.2420595,1789751709.327569
s,1789751709.3657336,1789751709.435433
e,1789751709.519487,1789751709.6284828
a,1789751709.6041896,1789751709.7526722
c,1789751709.713916,1789751709.7982519
Key.backspace,1789751710.016001,1789751710.090492
Key.backspace,1789751710.1640868,1789751710.240406
Key.backspace,1789751710.3202019,1789751710.376024
Key.backspace,1789751710.426038,1789751710.51588
e,1789751710.4824076,1789751710.6452503
a,1789751710.5602329,1789751710.749957
c,1789751710.7094028,1789751710.807918
h,1789751711.229849,1789751711.2991133
Key.space,1789751711.4471805,1789751711.5072474
s,1789751711.52511,1789751711.625682
t,1789751711.6395667,1789751711.723836
i,1789751711.724858,1789751711.7911198
l,1789751712.0147705,1789751712.0890086
l,1789751712.1647158,1789751712.233873
Key.space,1789751712.381912,1789751712.432317
l,1789751712.5924895,1789751712.653142
i,1789751712.8493435,1789751712.8573248
n,1789751712.882882,1789751712.9582696
e,1789751712.9671857,1789751713.0277948
Key.space,1789751713.0767932,1789751713.15789
s,1789751713.1776493,1789751713.227287
e,1789751713.3232005,1789751713.3930037
e,1789751713.47247,1789751713.5313418
m,1789751713.483603,1789751713.5956616
Key.space,1789751713.7171075,1789751713.7917106
s,1789751713.8253794,1789751713.9272325
a,1789751713.9989426,1789751714.1026483
y,1789751714.2007225,1789751714.290365
Key.space,1789751714.3382416,1789751714.4184513
l,1789751714.5650115,1789751714.652761
e,1789751714.6107736,1789751714.7849402
a,1789751714.712277,1789751714.8546968
d,1789751714.8019443,1789751714.9052193
Key.space,1789751714.9732416,1789751715.0399346
w,1789751715.1912153,1789751715.2856524
h,1789751715.3224897,1789751715.3818197
i,1789751715.4257636,1789751715.5697362
c,1789751715.5352762,1789751715.6057446
h,1789751715.6537664,1789751715.7222486
Key.space,1789751715.858017,1789751715.921953
l,1789751716.0827403,1789751716.1385677
o,1789751716.228595,1789751716.2800937
o,1789751716.3547428,1789751716.439175
k,1789751716.4581428,1789751716.5261915
Key.space,1789751716.621936,1789751716.6964068
c,1789751716.7226446,1789751716.7861547
o,1789751716.8210142,1789751716.9083676
u,1789751716.956186,1789751717.0230298
l,1789751717.1393175,1789751717.2274184
d,1789751717.249416,1789751717.3300738
Key.space,1789751717.3576345,1789751717.406969
l,1789751717.5354702,1789751717.5997407
o,1789751717.6577492,1789751717.783617
n,1789751717.801036,1789751717.8698637
g,1789751717.922215,1789751717.9876907
Key.space,1789751718.0059493,1789751718.080283
r,1789751718.1339319,1789751718.2647898
e,1789751718.2227082,1789751718.3486505
a,1789751718.2683883,1789751718.4000921
l,1789751718.401136,1789751718.4830358
Key.space,1789751718.601994,1789751718.6750917
f,1789751718.7829077,1789751718.8679242
a,1789751718.866699,1789751719.0260403
c,1789751718.9775238,1789751719.0751383
t,1789751719.1849794,1789751719.259705
Key.space,1789751719.298987,1789751719.3648915
d,1789751719.4928071,1789751719.5905588
o,1789751719.58137,1789751719.6887205
Key.space,1789751719.7650468,1789751719.850955
a,1789751719.8661916,1789751719.9788713
g,1789751720.0130343,1789751720.096561
a,1789751720.1280906,1789751720.2091582
i,1789751720.1843603,1789751720.3001647
n,1789751720.3233151,1789751720.3990552
s,1789751720.3887324,1789751720.5010161
t,1789751720.5103674,1789751720.591262
Key.space,1789751720.5703034,1789751720.636117
p,1789751720.7553995,1789751720.8535628
e,1789751720.8228064,1789751720.9381847
o,1789751720.9611163,1789751721.0224645
p,1789751721.0957527,1789751721.2044713
l,1789751721.202018,1789751721.295004
e,1789751721.3378122,1789751721.4273584
Key.space,1789751721.4493442,1789751721.5233254
t,1789751721.8170583,1789751721.9051778
o,1789751721.906451,1789751721.983034
o,1789751722.0541499,1789751722.136746
Key.space,1789751722.233118,1789751722.3088498
y,1789751722.3323126,1789751722.4271472
e,1789751722.590372,1789751722.7692835
a,1789751722.6923132,1789751722.834224
r,1789751722.7874491,1789751722.876067
Key.space,1789751722.9257486,1789751722.991942
t,1789751723.0863008,1789751723.179355
h,1789751723.2013376,1789751723.2773137
e,1789751723.319406,1789751723.4632745
r,1789751723.4041173,1789751723.585705
e,1789751723.5535424,1789751723.6233184
Key.space,1789751723.6567473,1789751723.732189
e,1789751723.7544646,1789751723.8347821
n,1789751723.88247,1789751723.9662447
d,1789751724.0149293,1789751724.1189706
Key.space,1789751724.1206393,1789751724.1864665
t,1789751724.2553782,1789751724.3367465
h,1789751724.3609538,1789751724.4168544
e,1789751724.5043616,1789751724.5942538
n,1789751724.6107805,1789751724.6680465
Key.space,1789751724.7853837,1789751724.8490021
s,1789751724.8332598,1789751724.9217217
e,1789751725.0097837,1789751725.0951266
e,1789751725.1518679,1789751725.267217
m,1789751725.2515,1789751725.340104
Key.space,1789751725.461045,1789751725.5172718
w,1789751725.5697088,1789751725.7209578
a,1789751725.6885912,1789751725.8183148
n,1789751725.8644085,1789751725.9525788
t,1789751725.9718773,1789751726.0571673
Key.space,1789751726.13056,1789751726.1706889
t,1789751726.284951,1789751726.3567793
i,1789751726.3746336,1789751726.4802957
m,1789751726.5165668,1789751726.587979
e,1789751726.5998504,1789751726.6593113
Key.space,1789751726.7311158,1789751726.80154
h,1789751726.9018352,1789751726.9819977
o,1789751727.023349,1789751727.1276815
m,1789751727.1434608,1789751727.2242072
e,1789751727.2585099,1789751727.3491552
Key.space,1789751727.3428624,1789751727.4171162
m,1789751727.5282528,1789751727.621152
o,1789751727.646521,1789751727.7762153
s,1789751727.7561333,1789751727.8886812
t,1789751727.8741899,1789751727.9549115
Key.space,1789751727.952911,1789751728.0221446
t,1789751728.0987852,1789751728.1629827
h,1789751728.1905022,1789751728.2649019
i,1789751728.2948916,1789751728.4009237
n,1789751728.4190385,1789751728.4761076
k,1789751728.6074164,1789751728.6730506
Key.space,1789751728.793861,1789751728.863491
t,1789751728.9018085,1789751728.9753537
h,1789751729.0137677,1789751729.0738895
i,1789751729.101989,1789751729.2340252
n,1789751729.2553492,1789751729.3152292
g,1789751729.3493724,1789751729.4211125
Key.space,1789751729.4237158,1789751729.481012
o,1789751729.608553,1789751729.700376
t,1789751729.7016258,1789751729.7892237
h,1789751729.848341,1789751729.918513
e,1789751729.9558032,1789751730.0674975
r,1789751730.0330453,1789751730.1071513
Key.space,1789751730.1321368,1789751730.1992848
a,1789751730.2970912,1789751730.3779588
n,1789751730.3810341,1789751730.4838321
o,1789751730.5375235,1789751730.6454737
t,1789751730.6667407,1789751730.7698927
h,1789751730.8118272,1789751730.895542
e,1789751730.925155,1789751731.03514
r,1789751730.9953094,1789751731.0714922
Key.space,1789751731.0821176,1789751731.146183
n,1789751731.2471242,1789751731.3124068
u,1789751731.3823707,1789751731.4710875
m,1789751731.5722702,1789751731.657121
b,1789751731.77482,1789751731.848119
e,1789751731.8588212,1789751731.9893796
r,1789751731.9396973,1789751732.0089555
Key.space,1789751732.0247753,1789751732.1925406
y,1789751732.1947134,1789751732.2554965
e,1789751732.5075502,1789751732.6862056
a,1789751732.601957,1789751732.7740772
r,1789751732.7095935,1789751732.801606
Key.space,1789751732.8382494,1789751732.9176002
s,1789751733.1490011,1789751733.236484
h,1789751733.237487,1789751733.3163958
o,1789751733.3585489,1789751733.4843743
w,1789751733.4856517,1789751733.5743482
Key.space,1789751733.6286669,1789751733.6958358
n,1789751733.796257,1789751733.8884993
a,1789751733.876444,1789751733.9885764
t,1789751734.012859,1789751734.096774
i,1789751734.115203,1789751734.1957583
o,1789751734.265574,1789751734.3451204
n,1789751734.3537455,1789751734.43655
Key.space,1789751734.5094283,1789751734.6072154
p,1789751734.7215378,1789751734.7658486
l,1789751735.3444252,1789751735.4565003
a,1789751735.62328,1789751735.7264616
n,1789751735.7583451,1789751735.8429477
Key.space,1789751735.9578607,1789751736.0279229
k,1789751736.423709,1789751736.494167
l,1789751736.424735,1789751736.494167
Key.backspace,1789751736.9038227,1789751736.9705124
Key.backspace,1789751737.01901,1789751737.082517
l,1789751737.2266629,1789751737.3279686
i,1789751737.4880655,1789751737.5864549
t,1789751737.6532295,1789751737.7508376
t,1789751737.8053079,1789751737.886212
l,1789751737.893427,1789751737.983516
Key.space,1789751738.127742,1789751738.187244
e,1789751738.1298902,1789751738.2115862
Key.backspace,1789751738.549019,1789751738.60221
Key.backspace,1789751738.6797154,1789751738.7980714
e,1789751738.834943,1789751738.9186606
Key.space,1789751738.9680383,1789751739.0427644
d,1789751739.099993,1789751739.1989841
o,1789751739.2160826,1789751739.3212335
w,1789751739.32243,1789751739.412358
n,1789751739.41671,1789751739.475907
Key.space,1789751739.5784223,1789751739.638444
d,1789751739.6926801,1789751739.7804577
u,1789751739.7898915,1789751739.875214
r,1789751739.9097946,1789751739.9653094
i,1789751740.0052562,1789751740.1135747
n,1789751740.1034107,1789751740.1838617
g,1789751740.2816448,1789751740.3477402
Key.space,1789751740.4088624,1789751740.4748595
o,1789751740.5860782,1789751740.659457
n,1789751740.7197933,1789751740.7831697
l,1789751740.9178848,1789751740.9929945
y,1789751741.0244374,1789751741.0850024
Key.space,1789751741.2101195,1789751741.2810025
a,1789751741.2877355,1789751741.4157333
t,1789751741.3847117,1789751741.4762878
Key.space,1789751741.5223985,1789751741.5860612
m,1789751741.7194679,1789751741.807864
a,1789751741.8939712,1789751742.0059195
n,1789751742.0279977,1789751742.093596
Key.space,1789751742.1858847,1789751742.2520356
s,1789751742.2654376,1789751742.3933854
t,1789751742.5301068,1789751742.6373568
a,1789751742.640946,1789751742.780768
t,1789751742.737988,1789751742.8288884
e,1789751742.8847702,1789751742.9725828
Key.space,1789751743.128125,1789751743.2003605
f,1789751743.2947917,1789751743.3743963
i,1789751743.373374,1789751743.4401922
n,1789751743.4609184,1789751743.5458705
d,1789751743.5979497,1789751743.6597574
Key.space,1789751743.7027483,1789751743.7659535
g,1789751744.20954,1789751744.290248
e,1789751744.2795455,1789751744.3851058
n,1789751744.405603,1789751744.5122921
e,1789751744.5528836,1789751744.7058856
r,1789751744.6406214,1789751744.748931
a,1789751744.7321558,1789751744.8322854
l,1789751744.8641992,1789751744.9710271
Key.space,1789751745.118783,1789751745.1881847
j,1789751745.3741114,1789751745.4199605
h,1789751745.373096,1789751745.4358
a,1789751745.4754338,1789751745.5560899
n,1789751745.6679173,1789751745.7480574
Key.backspace,1789751745.9311497,1789751745.9955223
Key.backspace,1789751746.0830245,1789751746.153972
Key.backspace,1789751746.2258246,1789751746.3085146
a,1789751746.3545787,1789751746.4799602
n,1789751746.5037825,1789751746.5860927
d,1789751746.629937,1789751746.708961
Key.space,1789751746.7449162,1789751746.8063786
w,1789751746.858442,1789751746.9531226
o,1789751746.9541852,1789751747.0439632
r,1789751747.0865142,1789751747.145521
k,1789751747.1499746,1789751747.2379296
Key.space,1789751747.3712518,1789751747.431781
b,1789751747.56362,1789751747.6522813
e,1789751747.6319113,1789751747.7514765
c,1789751747.7636137,1789751747.829745
e,1789751747.8460612,1789751747.9251137
a,1789751747.976861,1789751748.0546334
Key.backspace,1789751748.42624,1789751748.475952
Key.backspace,1789751748.550501,1789751748.648917
a,1789751748.6531942,1789751748.7558308
u,1789751748.8460374,1789751748.9392004
s,1789751748.9617357,1789751749.049604
e,1789751749.129307,1789751749.2238877
Key.space,1789751749.213101,1789751749.2918198
b,1789751749.4199634,1789751749.4935527
e,1789751749.5458,1789751749.6397247
g,1789751749.7148876,1789751749.7751298
i,1789751749.805299,1789751749.9483197
Key.space,1789751750.109032,1789751750.178209
t,1789751750.2461874,1789751750.336402
h,1789751750.3762157,1789751750.428446
o,1789751750.4764395,1789751750.589458
Key.backspace,1789751750.7990644,1789751750.865364
Key.backspace,1789751750.9493308,1789751751.0138886
Key.backspace,1789751751.0898423,1789751751.1498058
Key.backspace,1789751751.2304313,1789751751.2842693
Key.backspace,1789751751.3408697,1789751751.3959515
i,1789751752.0050356,1789751752.1034067
n,1789751752.2028315,1789751752.2643058
Key.space,1789751752.370985,1789751752.4366255
t,1789751752.5166771,1789751752.5967357
h,1789751752.6378095,1789751752.7140675
o,1789751752.7522871,1789751752.8780606
s,1789751752.8855488,1789751752.9600706
Key.space,1789751753.4878626,1789751753.5699892
o,1789751753.9951754,1789751754.0624664
p,1789751753.9951754,1789751754.0638494
Key.backspace,1789751754.633878,1789751754.6820166
Key.backspace,1789751754.997966,1789751755.119442
p,1789751755.4794307,1789751755.5089762
u,1789751756.3383486,1789751756.4202414
b,1789751756.4542308,1789751756.5472772
l,1789751756.5995388,1789751756.6876953
i,1789751756.8252916,1789751756.9321737
c,1789751756.9641,1789751757.061251
Key.space,1789751757.0761018,1789751757.1467395
d,1789751757.2217119,1789751757.2968435
Key.backspace,1789751757.6744561,1789751757.7397716
p,1789751757.8191314,1789751757.9269235
r,1789751757.8951535,1789751758.0242586
e,1789751757.9541237,1789751758.0254738
s,1789751758.1659315,1789751758.1979756
e,1789751758.2973998,1789751758.394065
n,1789751758.5843725,1789751758.6739466
t,1789751758.6928606,1789751758.795501
Key.space,1789751758.8310955,1789751758.8915892
w,1789751758.9817333,1789751759.0676007
i,1789751759.1707177,1789751759.2649748
t,1789751759.3069398,1789751759.390357
h,1789751759.4203823,1789751759.492654
o,1789751759.5530245,1789751759.675095
u,1789751759.6970284,1789751759.7802892
t,1789751759.7815785,1789751759.8883486
Key.space,1789751759.9420028,1789751760.0201168
e,1789751759.991653,1789751760.113832
v,1789751760.1254601,1789751760.2015953
e,1789751760.2115965,1789751760.3561451
Key.backspace,1789751760.6976995,1789751760.7536304
Key.backspace,1789751760.833407,1789751760.9001217
Key.backspace,1789751760.9788384,1789751761.068991
v,1789751761.0526347,1789751761.1490688
e,1789751761.1287117,1789751761.29499
r,1789751761.2627096,1789751761.3523743
y,1789751761.354428,1789751761.4509943
Key.space,1789751761.5888016,1789751761.6642506
e,1789751761.7145314,1789751761.8469057
v,1789751761.834798,1789751761.9250948
e,1789751761.9170573,1789751762.0336185
n,1789751762.0313816,1789751762.1318774
Key.space,1789751762.2377129,1789751762.3015244
h,1789751762.4201891,1789751762.4821563
o,1789751762.551597,1789751762.659348
m,1789751762.6949828,1789751762.7417488
e,1789751762.7799134,1789751762.8878887
Key.space,1789751762.8750918,1789751762.9280803
l,1789751763.0748672,1789751763.1485412
o,1789751763.2421246,1789751763.3231695
n,1789751763.3642976,1789751763.4493775
g,1789751763.4674797,1789751763.526502
Key.space,1789751763.5687795,1789751763.6460886
f,1789751763.6691084,1789751763.7362797
i,1789751763.7422748,1789751763.8281946
r,1789751763.8281946,1789751763.9436045
s,1789751763.9221907,1789751764.062144
t,1789751764.0298653,1789751764.118448
Key.esc,1789751766.0470402,1789751766.113644
Key.alt_l,1789759592.285435,1789759592.3873036
Key.tab,1789759592.3252335,1789759592.423543
l,1789759594.7016466,1789759594.790514
a,1789759594.808471,1789759595.020952
r,1789759594.9277253,1789759595.0531495
g,1789759595.1726553,1789759595.319182
e,1789759595.2688289,1789759595.384435
Key.space,1789759595.4106035,1789759595.504978
c,1789759595.5852444,1789759595.6807349
h,1789759595.6695933,1789759595.7677636
i,1789759595.800035,1789759595.8933218
l,1789759596.0434473,1789759596.1213026
d,1789759596.195722,1789759596.2721477
Key.space,1789759596.3037658,1789759596.3739793
i,1789759596.4859703,1789759596.5868285
n,1789759596.6208007,1789759596.6930506
t,1789759596.769221,1789759596.8606932
p,1789759596.9126267,1789759596.950723
o,1789759596.880436,1789759596.9830108
Key.space,1789759597.1580184,1789759597.228052
Key.backspace,1789759597.5438914,1789759597.585504
Key.backspace,1789759597.6759808,1789759597.7353635
Key.backspace,1789759597.7809708,1789759597.827873
Key.space,1789759598.0074375,1789759598.0695534
Key.backspace,1789759598.464942,1789759598.5667539
p,1789759598.742246,1789759598.8370516
Key.space,1789759599.0542495,1789759599.134882
Key.backspace,1789759599.3975344,1789759599.4454744
Key.backspace,1789759599.5250669,1789759599.6036892
o,1789759600.2591653,1789759600.3368034
Key.space,1789759600.4500742,1789759600.5309982
p,1789759600.6303122,1789759600.7244496
r,1789759600.7254512,1789759600.8129106
o,1789759600.8828716,1789759600.9721963
b,1789759601.0081058,1789759601.0941367
l,1789759601.1436987,1789759601.252161
e,1789759601.2819617,1789759601.3916814
m,1789759601.4479747,1789759601.5183513
Key.space,1789759601.6275208,1789759601.6988456
o,1789759601.7977338,1789759601.8849845
r,1789759601.8839836,1789759601.9686182
d,1789759602.0826592,1789759602.1971712
e,1789759602.1646833,1789759602.350422
r,1789759602.308381,1789759602.4028165
Key.space,1789759602.43284,1789759602.5207386
k,1789759602.6448588,1789759602.7126756
e,1789759602.743052,1789759602.820968
e,1789759602.886313,1789759602.9993834
p,1789759603.0007107,1789759603.087962
Key.space,1789759603.2039094,1789759603.2818332
e,1789759603.3113756,1789759603.4575179
y,1789759603.4897034,1789759603.621673
e,1789759603.6055253,1789759603.7038674
Key.space,1789759603.7184339,1789759603.7960832
f,1789759603.8586893,1789759603.9290514
o,1789759603.9165976,1789759604.0370893
r,1789759604.0639536,1789759604.1065419
Key.space,1789759604.255007,1789759604.3463814
b,1789759604.526607,1789759604.6100533
a,1789759604.6298,1789759604.775829
c,1789759604.7456036,1789759604.8198519
l,1789759604.87813,1789759604.9477541
k,1789759604.8998868,1789759604.9477541
Key.backspace,1789759605.668843,1789759605.7565043
Key.backspace,1789759605.830076,1789759605.910599
k,1789759606.4752333,1789759606.5417836
Key.space,1789759606.6833775,1789759606.7592824
w,1789759606.7698827,1789759606.8717556
h,1789759606.9282324,1789759607.0152874
e,1789759607.0319796,1789759607.1260533
n,1789759607.1554472,1789759607.211995
Key.space,1789759607.3488667,1789759607.4021235
s,1789759607.4467254,1789759607.527051
e,1789759607.6171675,1789759607.690762
e,1789759607.7601583,1789759607.8673103
Key.space,1789759607.874662,1789759607.9642766
g,1789759607.9983082,1789759608.1410873
e,1789759608.1071799,1789759608.3074193
t,1789759608.2328455,1789759608.3493245
Key.space,1789759608.3718987,1789759608.4598765
t,1789759608.5538027,1789759608.6439612
h,1789759608.6700854,1789759608.7598517
a,1789759608.7914464,1789759608.8761199
n,1789759608.918394,1789759608.981866
Key.space,1789759609.0997996,1789759609.157057
b,1789759609.2784126,1789759609.3569827
e,1789759609.3387613,1789759609.4679716
c,1789759609.446212,1789759609.5372894
a,1789759609.5272994,1789759609.6253085
u,1789759609.66683,1789759609.7683444
s,1789759609.744264,1789759609.8323333
e,1789759609.9271076,1789759610.0252056
Key.space,1789759610.0743577,1789759610.150607
p,1789759610.3614492,1789759610.465557
r,1789759610.4841604,1789759610.5639298
o,1789759610.6016257,1789759610.7118747
g,1789759610.7291515,1789759610.8197916
r,1789759610.9312582,1789759611.0392637
a,1789759611.0234327,1789759611.150231
m,1789759611.1401482,1789759611.2170455
Key.space,1789759611.3600872,1789759611.4343581
h,1789759611.4544842,1789759611.5522513
o,1789759611.5963855,1789759611.6990905
u,1789759611.7766974,1789759611.8610241
s,1789759611.899062,1789759611.964808
e,1789759612.0571597,1789759612.1719635
Key.space,1789759612.1729696,1789759612.2754455
o,1789759612.3937047,1789759612.4877827
f,1789759612.5095284,1789759612.5580356
f,1789759612.6382232,1789759612.693921
Key.space,1789759612.7898166,1789759612.8737552
c,1789759612.8770614,1789759612.9758625
a,1789759612.9677582,1789759613.0587935
n,1789759613.0908225,1789759613.1652489
Key.space,1789759613.2803583,1789759613.3748558
e,1789759613.3491013,1789759613.5281637
a,1789759613.4308941,1789759613.57686
c,1789759613.5327566,1789759613.621058
h,1789759613.636293,1789759613.734928
Key.space,1789759613.8267143,1789759613.9199111
o,1789759614.0484192,1789759614.1523414
r,1789759614.1523414,1789759614.216167
d,1789759614.333435,1789759614.4221106
e,1789759614.431413,1789759614.5860245
Key.space,1789759614.7671762,1789759614.854564
i,1789759614.9512959,1789759615.0952058
Key.backspace,1789759615.388747,1789759615.4466887
Key.backspace,1789759615.5202334,1789759615.6086226
r,1789759615.7035725,1789759615.7878442
Key.space,1789759615.8317685,1789759615.923143
i,1789759616.0096803,1789759616.1504416
n,1789759616.1399133,1789759616.2162488
c,1789759616.1913195,1789759616.3005302
r,1789759616.4504733,1789759616.5953827
e,1789759616.524594,1789759616.641295
a,1789759616.5903683,1789759616.7846677
s,1789759616.7384436,1789759616.8193874
e,1789759616.8929946,1789759616.9825888
Key.space,1789759617.0082166,1789759617.1097286
a,1789759617.094554,1789759617.228515
s,1789759617.164681,1789759617.2763925
Key.space,1789759617.2718232,1789759617.3540704
t,1789759617.369962,1789759617.4559677
h,1789759617.51562,1789759617.6036947
e,1789759617.5934873,1789759617.6702902
r,1789759617.6702902,1789759617.7748406
e,1789759617.7763433,1789759617.8414612
Key.space,1789759617.8852954,1789759617.9576716
n,1789759618.0553522,1789759618.1517181
e,1789759618.1471083,1789759618.276563
w,1789759618.2124598,1789759618.3431058
Key.space,1789759618.3906553,1789759618.460225
a,1789759618.4946866,1789759618.6092257
g,1789759618.6092257,1789759618.704999
a,1789759618.7387896,1789759618.8330834
i,1789759618.7522953,1789759618.8565316
n,1789759618.942501,1789759619.0317326
s,1789759619.0613897,1789759619.1316218
Key.space,1789759619.2034006,1789759619.2658634
Key.backspace,1789759619.691461,1789759619.7394385
Key.backspace,1789759619.814174,1789759619.9125223
Key.space,1789759620.0722773,1789759620.1570315
s,1789759620.1866035,1789759620.3090632
t,1789759620.272755,1789759620.3606288
i,1789759620.3616548,1789759620.4412794
l,1789759620.612644,1789759620.6732023
l,1789759620.7441075,1789759620.8180177
Key.space,1789759620.9691365,1789759621.039598
w,1789759621.0197048,1789759621.1783335
e,1789759621.112059,1789759621.2259889
l,1789759621.2553277,1789759621.3355412
l,1789759621.377724,1789759621.475523
Key.space,1789759621.616959,1789759621.686706
t,1789759621.6964104,1789759621.8045874
h,1789759621.8789313,1789759621.9590619
r,1789759622.0051076,1789759622.0842066
o,1789759622.0855417,1789759622.2112074
u,1789759622.2387717,1789759622.3271985
g,1789759622.354763,1789759622.4363272
h,1789759622.5655446,1789759622.6356876
Key.space,1789759622.9195933,1789759622.9979665
t,1789759623.454878,1789759623.5331566
h,1789759623.568678,1789759623.6686523
o,1789759623.692702,1789759623.8266747
s,1789759623.792409,1789759623.8869033
e,1789759623.9671407,1789759624.0604763
Key.space,1789759624.0535848,1789759624.129835
h,1789759624.2477381,1789759624.3396802
a,1789759624.3396802,1789759624.4240012
n,1789759624.5082383,1789759624.5737488
d,1789759624.597908,1789759624.6636448
Key.space,1789759624.697379,1789759624.7601097
i,1789759624.839851,1789759624.9532175
n,1789759624.9532175,1789759625.0269244
t,1789759625.0462751,1789759625.1404033
o,1789759625.1587465,1789759625.2468586
Key.space,1789759625.358243,1789759625.4694498
c,1789759625.5407338,1789759625.6334069
a,1789759625.6208045,1789759625.7238004
l,1789759625.7615814,1789759625.8178916
l,1789759625.8842425,1789759625.9583225
Key.space,1789759626.1013412,1789759626.1558452
k,1789759626.353847,1789759626.4274561
n,1789759626.5650353,1789759626.6251342
o,1789759626.6730113,1789759626.8126273
w,1789759626.8136346,1789759626.9250498
Key.space,1789759626.9610064,1789759627.040414
g,1789759627.087242,1789759627.1946404
e,1789759627.2107623,1789759627.3040323
r,1789759627.3040323,1789759627.477934
e,1789759627.4298208,1789759627.575535
a,1789759627.5379992,1789759627.6082854
Key.backspace,1789759627.7796574,1789759627.8412924
Key.backspace,1789759627.9295444,1789759628.0033982
Key.backspace,1789759628.0845861,1789759628.1467361
Key.backspace,1789759628.2166877,1789759628.2770286
r,1789759628.3131669,1789759628.4308033
e,1789759628.3587518,1789759628.5005703
a,1789759628.4208226,1789759628.6170115
t,1789759628.58279,1789759628.682284
Key.space,1789759628.7721531,1789759628.8579383
h,1789759628.9955425,1789759629.0776494
e,1789759629.0755782,1789759629.1602366
Key.space,1789759629.235143,1789759629.3090208
a,1789759629.3115382,1789759629.405993
n,1789759629.4560373,1789759629.5354645
y,1789759629.593913,1789759629.686279
Key.space,1789759629.768836,1789759629.842306
m,1789759630.0023673,1789759630.096927
a,1789759630.2226908,1789759630.3451526
n,1789759630.3724985,1789759630.4412067
Key.space,1789759630.562825,1789759630.6296809
k,1789759630.8156052,1789759630.8777368
l,1789759630.817081,1789759630.89547
e,1789759630.8842914,1789759630.99558
a,1789759630.9242725,1789759631.1058984
d,1789759631.0556421,1789759631.1436315
Key.backspace,1789759631.2701206,1789759631.342099
Key.backspace,1789759631.4341562,1789759631.4960601
Key.backspace,1789759631.5846639,1789759631.6273093
Key.backspace,1789759631.7046027,1789759631.7949216
Key.backspace,1789759632.0781753,1789759632.2089229
l,1789759632.3252592,1789759632.4298391
e,1789759632.4350617,1789759632.569558
a,1789759632.5078528,1789759632.6676488
d,1789759632.6156473,1789759632.7360594
Key.space,1789759632.75947,1789759632.843219
d,1789759632.9517648,1789759633.0322907
i,1789759633.0679138,1789759633.1189783
o,1789759633.0689342,1789759633.1204114
Key.backspace,1789759633.5567713,1789759633.6249514
Key.backspace,1789759633.6902947,1789759633.7603393
o,1789759633.8532894,1789759633.9431465
Key.space,1789759634.1520193,1789759634.2352197
c,1789759634.2812839,1789759634.3895826
h,1789759634.4202976,1789759634.501449
a,1789759634.50245,1789759634.5994968
n,1789759634.721626,1789759634.8059518
g,1789759634.8433356,1789759634.9893632
e,1789759634.9210036,1789759635.061101
Key.space,1789759635.0204449,1789759635.0908968
l,1789759635.2612667,1789759635.3069847
o,1789759635.4790318,1789759635.554971
o,1789759635.6485188,1789759635.722698
k,1789759635.7545326,1789759635.8397446
Key.space,1789759635.992133,1789759636.0571814
o,1789759636.1893191,1789759636.2799103
p,1789759636.386064,1789759636.4881887
e,1789759636.5495524,1789759636.63799
n,1789759636.6934726,1789759636.7769794
Key.space,1789759636.8950686,1789759636.9681354
d,1789759637.0108004,1789759637.1012726
u,1789759637.1063278,1789759637.1950817
r,1789759637.24449,1789759637.338651
i,1789759637.314314,1789759637.4408128
n,1789759637.4511218,1789759637.5472775
g,1789759637.6047661,1789759637.6861048
Key.space,1789759637.7434802,1789759637.837738
s,1789759637.9839325,1789759638.0761466
t,1789759638.1155398,1789759638.2255461
a,1789759638.22959,1789759638.3620965
t,1789759638.3199177,1789759638.4710233
e,1789759638.4334922,1789759638.5448463
Key.space,1789759638.6086516,1789759638.7030475
t,1789759638.7332203,1789759638.806684
h,1789759638.847016,1789759638.9407854
o,1789759638.9974115,1789759639.1188514
s,1789759639.0993228,1789759639.1860688
e,1789759639.274255,1789759639.3678253
Key.space,1789759639.3512375,1789759639.429393
n,1789759639.523425,1789759639.6103299
e,1789759639.5861747,1789759639.6560147
e,1789759639.7321,1789759639.8579066
d,1789759639.8715618,1789759639.9457872
Key.space,1789759640.0281456,1789759640.1082802
u,1789759640.2225142,1789759640.3307111
s,1789759640.3285239,1789759640.403214
e,1789759640.483073,1789759640.5813124
Key.space,1789759640.620325,1789759640.692691
o,1789759640.805454,1789759640.914291
r,1789759640.9153967,1789759640.948336
d,1789759641.0720494,1789759641.1800914
e,1789759641.166882,1789759641.3304148
r,1789759641.2818196,1789759641.3613503
Key.space,1789759641.405306,1789759641.4714773
b,1789759641.5842757,1789759641.6683161
e,1789759641.6485667,1789759641.783551
g,1789759641.765587,1789759641.8429215
i,1789759641.8667061,1789759641.9967692
n,1789759642.0150673,1789759642.0710535
Key.space,1789759642.1580791,1789759642.2431736
b,1789759642.3612204,1789759642.4501836
f,1789759642.4702713,1789759642.6139474
Key.backspace,1789759642.9513972,1789759643.0401583
e,1789759643.0783465,1789759643.1893814
f,1789759643.1982036,1789759643.278286
i,1789759643.4127848,1789759643.505397
r,1789759643.544479,1789759643.6651149
e,1789759643.6146376,1789759643.7411244
Key.backspace,1789759643.9711173,1789759644.0313482
Key.backspace,1789759644.1102567,1789759644.1754637
Key.backspace,1789759644.2420104,1789759644.3300533
o,1789759644.4077578,1789759644.5062459
r,1789759644.5359323,1789759644.6523547
e,1789759644.6034107,1789759644.7321796
Key.space,1789759644.7941077,1789759644.8868403
d,1789759644.9598863,1789759645.0656865
e,1789759645.0616314,1789759645.1645942
v,1789759645.2033257,1789759645.2807853
e,1789759645.2647336,1789759645.356656
l,1789759645.8228154,1789759645.9188752
o,1789759646.0613823,1789759646.1461558
p,1789759646.25788,1789759646.3433404
Key.space,1789759646.5079997,1789759646.6057775
a,1789759646.6553845,1789759646.7618592
n,1789759646.7812772,1789759646.8745422
y,1789759646.8848915,1789759646.9873755
Key.space,1789759647.1068287,1789759647.1729116
m,1789759647.2944822,1789759647.3891149
a,1789759647.369117,1789759647.481513
y,1789759647.6183565,1789759647.726233
Key.space,1789759647.7980273,1789759647.8692262
w,1789759647.9844298,1789759648.0820818
h,1789759648.1222835,1789759648.201448
e,1789759648.2402282,1789759648.3342702
n,1789759648.3560832,1789759648.4256852
Key.space,1789759648.550569,1789759648.5887895
i,1789759648.6821697,1789759648.8190567
n,1789759648.8230836,1789759648.8970103
t,1789759648.9662533,1789759649.0284743
o,1789759649.0908682,1789759649.2110722
Key.space,1789759649.3631196,1789759649.4375045
e,1789759649.4642866,1789759649.5575755
y,1789759649.6915982,1789759649.7673893
e,1789759650.0700388,1789759650.1683993
Key.space,1789759650.2416017,1789759650.344851
m,1789759650.4663854,1789759650.5687878
a,1789759650.595282,1789759650.6827512
n,1789759650.7193558,1789759650.7848344
Key.space,1789759650.904993,1789759650.9711914
p,1789759651.0887797,1789759651.207237
r,1789759651.207237,1789759651.289988
o,1789759651.3377633,1789759651.4363632
g,1789759651.476181,1789759651.58366
r,1789759651.7298777,1789759651.837499
a,1789759651.8259552,1789759651.9396725
m,1789759651.9477696,1789759652.0451658
Key.space,1789759652.15166,1789759652.2090259
o,1789759652.270884,1789759652.370612
f,1789759652.3869183,1789759652.456242
Key.space,1789759652.5311675,1789759652.621095
e,1789759652.6092706,1789759652.8092093
a,1789759652.7332911,1789759652.9144688
r,1789759652.9111245,1789759652.9951844
l,1789759653.2279398,1789759653.3257658
y,1789759653.3277776,1789759653.4399514
Key.space,1789759653.5436647,1789759653.587253
i,1789759653.6816475,1789759653.8135421
n,1789759653.812076,1789759653.896708
t,1789759653.853903,1789759653.982601
e,1789759653.982601,1789759654.0818415
r,1789759654.0830622,1789759654.2295218
e,1789759654.2008266,1789759654.27481
s,1789759654.3904166,1789759654.4627302
t,1789759654.4949052,1789759654.575307
Key.space,1789759654.6470065,1789759654.7322123
w,1789759654.748504,1789759654.852031
h,1789759654.883874,1789759654.9683368
o,1789759655.0138118,1789759655.1174235
Key.space,1789759655.213605,1789759655.314866
c,1789759655.340397,1789759655.4097056
h,1789759655.4761097,1789759655.5545743
a,1789759655.5545743,1789759655.6390336
n,1789759655.7407606,1789759655.8135142
g,1789759655.8369625,1789759655.9844933
e,1789759655.9105124,1789759656.0089045
Key.space,1789759656.0685902,1789759656.1565342
a,1789759656.2050548,1789759656.2846053
l,1789759656.3625615,1789759656.4377265
s,1789759656.4897773,1789759656.5695896
o,1789759656.6121354,1789759656.6916425
Key.space,1789759656.833758,1789759656.9076428
o,1789759656.972343,1789759657.124898
n,1789759657.124898,1789759657.1654959
e,1789759657.223515,1789759657.333028
Key.space,1789759657.3423667,1789759657.3849168
l,1789759657.5264804,1789759657.6244488
i,1789759657.8371785,1789759657.906946
f,1789759657.9526327,1789759658.0740695
e,1789759658.0173845,1789759658.1360636
Key.space,1789759658.1761029,1789759658.2458813
o,1789759658.3603384,1789759658.4857993
w,1789759658.4680533,1789759658.563811
n,1789759658.6103785,1789759658.6763475
Key.space,1789759658.7957559,1789759658.877089
g,1789759659.0314367,1789759659.1209571
r,1789759659.2564416,1789759659.386778
e,1789759659.3129928,1789759659.4890532
a,1789759659.4111514,1789759659.587015
t,1789759659.5404923,1789759659.643484
Key.space,1789759659.68961,1789759659.7599227
p,1789759659.884157,1789759660.0082483
r,1789759660.035703,1789759660.1197116
o,1789759660.1956773,1789759660.3015206
g,1789759660.3078048,1789759660.4201837
r,1789759660.5358884,1789759660.6385143
a,1789759660.6313107,1789759660.7551594
m,1789759660.7647982,1789759660.8673656
Key.space,1789759660.989244,1789759661.052449
i,1789759661.1310453,1789759661.2713761
n,1789759661.251304,1789759661.3389919
t,1789759661.367466,1789759661.4760456
o,1789759661.4760456,1789759661.5801086
Key.space,1789759661.7157881,1789759661.7920327
c,1789759661.7981162,1789759661.8944244
o,1789759661.9374645,1789759662.0284946
n,1789759662.0674956,1789759662.181033
s,1789759662.2495546,1789759662.3438232
i,1789759662.368255,1789759662.4760776
d,1789759662.5267117,1789759662.6531172
e,1789759662.6167414,1789759662.8129644
r,1789759662.7792056,1789759662.8587654
Key.space,1789759662.9222968,1789759663.0007112
f,1789759663.115093,1789759663.198765
a,1789759663.2272978,1789759663.3890162
c,1789759663.3429415,1789759663.4656882
e,1789759663.4720106,1789759663.6104054
Key.space,1789759663.6279345,1789759663.7125306
t,1789759663.7135422,1789759663.8121004
i,1789759663.8132288,1789759663.9184368
m,1789759663.9639213,1789759664.0383391
e,1789759664.1012964,1789759664.2144942
Key.space,1789759664.1974053,1789759664.2802246
u,1789759664.4090385,1789759664.5072722
n,1789759664.5449164,1789759664.618814
d,1789759664.6812372,1789759664.7924392
e,1789759664.7544014,1789759664.9261515
r,1789759664.8774269,1789759664.9749916
Key.space,1789759665.0086882,1789759665.1090121
w,1789759665.1008637,1789759665.230564
a,1789759665.2024457,1789759665.3085387
y,1789759665.3999016,1789759665.5179956
Key.space,1789759665.5759952,1789759665.6559408
t,1789759665.6940184,1789759665.774099
h,1789759665.8094769,1789759665.8976603
a,1789759665.8987854,1789759666.0061207
n,1789759666.0559034,1789759666.1214788
Key.space,1789759666.233569,1789759666.309254
t,1789759666.3349533,1789759666.3771808
Key.backspace,1789759666.676467,1789759666.75441
h,1789759666.9413886,1789759667.0213249
e,1789759667.0243423,1789759667.1554172
r,1789759667.123056,1789759667.2462428
e,1789759667.2462428,1789759667.3295019
Key.space,1789759667.3420615,1789759667.402089
h,1789759667.5514975,1789759667.6242425
e,1789759667.6419876,1789759667.787664
a,1789759667.7310395,1789759667.8841918
d,1789759667.8466191,1789759667.9495986
Key.space,1789759668.00415,1789759668.07407
r,1789759668.2173557,1789759668.3531113
e,1789759668.3150392,1789759668.4454927
a,1789759668.3851793,1789759668.5068548
l,1789759668.542594,1789759668.612676
Key.space,1789759668.83123,1789759668.8925614
c,1789759669.001976,1789759669.103704
h,1789759669.132327,1789759669.1924255
i,1789759669.243938,1789759669.3380249
l,1789759669.4723008,1789759669.5983796
d,1789759669.6496885,1789759669.753832
Key.space,1789759669.8365312,1789759669.9170847
s,1789759670.0247693,1789759670.1090066
y,1789759670.178788,1789759670.234689
u,1789759670.1427317,1789759670.2528713
Key.backspace,1789759670.5628011,1789759670.6146073
Key.backspace,1789759670.6795013,1789759670.7782674
y,1789759670.8703415,1789759670.9539835
s,1789759671.0095537,1789759671.111681
t,1789759671.170189,1789759671.2639148
t,1789759671.570444,1789759671.683044
e,1789759671.6570637,1789759671.7808828
m,1789759671.8133261,1789759671.921361
Key.backspace,1789759672.1567702,1789759672.2112787
Key.backspace,1789759672.3011544,1789759672.3817573
Key.backspace,1789759672.42777,1789759672.5254824
e,1789759672.567653,1789759672.6645064
m,1789759672.7437131,1789759672.8280623
Key.space,1789759672.993547,1789759673.0461848
s,1789759673.1607826,1789759673.243391
o,1789759673.2448437,1789759673.3294303
Key.space,1789759673.4486222,1789759673.5373135
d,1789759673.5931263,1789759673.6869872
a,1789759673.6634426,1789759673.7765918
y,1789759673.8686845,1789759673.9410357
Key.space,1789759674.1193314,1789759674.164081
l,1789759674.3375552,1789759674.4302933
i,1789759674.5838234,1789759674.6680574
n,1789759674.727574,1789759674.812373
e,1789759674.8880646,1789759674.9651744
Key.space,1789759675.0261216,1789759675.0929654
p,1789759675.2208815,1789759675.3334439
r,1789759675.3684828,1789759675.4412484
o,1789759675.473331,1789759675.567215
g,1789759675.6171832,1789759675.710866
r,1789759675.8703518,1789759675.9606354
a,1789759675.9446383,1789759676.055803
m,1789759676.0520859,1789759676.1362493
Key.space,1789759676.263888,1789759676.3261135
k,1789759676.454159,1789759676.556207
n,1789759676.6349518,1789759676.6949346
o,1789759676.7730012,1789759676.8893294
w,1789759676.9348762,1789759677.0226088
Key.space,1789759677.0865746,1789759677.1703315
g,1789759677.18281,1789759677.2894607
r,1789759677.4211893,1789759677.538017
e,1789759677.4859042,1789759677.6602826
a,1789759677.5803068,1789759677.7625768
t,1789759677.7261615,1789759677.8379445
Key.space,1789759677.900095,1789759677.9803362
b,1789759678.1258712,1789759678.2076461
e,1789759678.192068,1789759678.3267276
c,1789759678.3055224,1789759678.3869028
o,1789759678.4208114,1789759678.522712
m,1789759678.5609577,1789759678.648757
e,1789759678.7114477,1789759678.8047142
Key.space,1789759678.8452728,1789759678.9372199
y,1789759679.0267937,1789759679.1595635
e,1789759679.1970894,1789759679.3555315
a,1789759679.3003259,1789759679.484965
r,1789759679.4498267,1789759679.5562303
Key.space,1789759679.6241906,1789759679.7080028
n,1789759679.8577335,1789759679.9619927
e,1789759680.0278873,1789759680.1356559
w,1789759680.0840318,1789759680.2286556
Key.space,1789759680.2266304,1789759680.2968295
t,1789759680.3374016,1789759680.4114652
h,1789759680.470919,1789759680.547193
i,1789759680.5847042,1789759680.7153523
n,1789759680.7372932,1789759680.796566
k,1789759680.9328988,1789759681.0310109
Key.space,1789759681.1503386,1789759681.23984
l,1789759681.378318,1789759681.4856603
e,1789759681.433835,1789759681.5463836
a,1789759681.486679,1789759681.6544678
v,1789759681.6338468,1789759681.7224715
e,1789759681.723482,1789759681.8497677
Key.space,1789759681.9696662,1789759682.0621834
t,1789759682.0918849,1789759682.2143064
e,1789759682.162815,1789759682.2852864
l,1789759682.3031764,1789759682.3730054
l,1789759682.4283571,1789759682.506522
Key.space,1789759682.6507268,1789759682.7269897
p,1789759682.8253853,1789759682.9610174
e,1789759682.9085774,1789759682.9956572
r,1789759682.9623535,1789759683.093171
s,1789759683.0964777,1789759683.1894913
o,1789759683.1917465,1789759683.2839315
n,1789759683.3338234,1789759683.3956819
Key.space,1789759683.515708,1789759683.5817685
u,1789759683.694354,1789759683.7878406
s,1789759683.7888448,1789759683.862391
e,1789759683.9702358,1789759684.0645697
Key.space,1789759684.0998917,1789759684.1697645
w,1789759684.2264645,1789759684.313123
o,1789759684.3490915,1789759684.4394307
r,1789759684.5075183,1789759684.589217
k,1789759684.6230578,1789759684.6989925
Key.space,1789759684.836984,1789759684.9268878
d,1789759684.9649405,1789759685.0588555
e,1789759685.060271,1789759685.1665134
v,1789759685.1868758,1789759685.3021684
e,1789759685.278421,1789759685.3815663
l,1789759685.4082797,1789759685.4944675
o,1789759685.5724633,1789759685.624076
p,1789759686.2692163,1789759686.3595433
Key.space,1789759686.598379,1789759686.6961339
i,1789759686.9830797,1789759687.0999475
n,1789759687.103464,1789759687.198249
t,1789759687.2460642,1789759687.3305426
o,1789759687.3587306,1789759687.4836142
Key.space,1789759687.6558971,1789759687.723424
b,1789759687.8324876,1789759687.9078538
e,1789759687.9123433,1789759687.970092
f,1789759687.943774,1789759688.056547
o,1789759688.146808,1789759688.2590358
r,1789759688.227054,1789759688.348922
e,1789759688.2937846,1789759688.4233193
Key.space,1789759688.4530914,1789759688.5264635
t,1789759688.5708628,1789759688.6568923
h,1789759688.6968892,1789759688.758947
i,1789759688.825859,1789759688.931035
k,1789759689.2300549,1789759689.3379595
=,1789759689.6319087,1789759689.717757
Key.backspace,1789759690.14606,1789759690.1980696
Key.backspace,1789759690.2718923,1789759690.3528693
n,1789759690.5096817,1789759690.5750597
m,1789759690.5464933,1789759690.5761704
k,1789759690.7988136,1789759690.8786485
Key.backspace,1789759691.080642,1789759691.1453025
Key.backspace,1789759691.215203,1789759691.29145
k,1789759691.4023492,1789759691.471649
Key.space,1789759691.8763058,1789759691.9596334
c,1789759692.0132065,1789759692.0978284
h,1789759692.136304,1789759692.2101555
i,1789759692.2477474,1789759692.3827794
l,1789759692.5049496,1789759692.6065784
d,1789759692.6687968,1789759692.779112
Key.space,1789759692.7971492,1789759692.8446267
j,1789759693.0032482,1789759693.0873346
u,1789759693.204862,1789759693.3033462
s,1789759693.3033462,1789759693.429837
t,1789759693.3981724,1789759693.5107868
Key.space,1789759693.5214424,1789759693.6023338
p,1789759693.7424698,1789759693.8423212
a,1789759693.8257937,1789759693.9767044
r,1789759693.9157045,1789759694.0042121
t,1789759694.1159434,1789759694.2138693
Key.space,1789759694.2583807,1789759694.3210118
a,1789759694.4773355,1789759694.5509033
n,1789759694.5876904,1789759694.6633997
o,1789759694.729598,1789759694.8511004
t,1789759694.8511004,1789759694.9427984
h,1789759694.999528,1789759695.0867543
e,1789759695.0648155,1789759695.209552
r,1789759695.167466,1789759695.2612715
Key.space,1789759695.3114,1789759695.3941417
g,1789759695.528201,1789759695.648128
e,1789759695.6263785,1789759695.7322977
n,1789759695.7744904,1789759695.876826
r,1789759695.9442236,1789759696.0362904
e,1789759695.872072,1789759696.0640643
a,1789759696.0175815,1789759696.1417058
l,1789759696.194775,1789759696.2793512
Key.space,1789759696.4371054,1789759696.4965582
p,1789759696.6105304,1789759696.6725647
;,1789759696.8207119,1789759696.8854084
Key.backspace,1789759697.1250632,1789759697.1852276
Key.backspace,1789759697.2697875,1789759697.3400931
o,1789759697.4281538,1789759697.5117512
l,1789759697.6437523,1789759697.725884
d,1789759697.8162274,1789759697.931715
Key.space,1789759697.9642956,1789759698.047199
h,1789759698.3073683,1789759698.3669946
i,1789759698.3972387,1789759698.521354
g,1789759698.5246797,1789759698.609367
h,1789759698.6574605,1789759698.7131648
Key.space,1789759698.8641136,1789759698.9271948
e,1789759699.059532,1789759699.15098
n,1789759699.1696105,1789759699.2601278
d,1789759699.3021417,1789759699.4110758
Key.space,1789759699.4457471,1789759699.4958034
e,1789759699.554166,1789759699.690471
y,1789759699.7365196,1789759699.8791401
e,1789759699.8484728,1789759699.9316924
Key.space,1789759700.0840418,1789759700.1605413
e,1789759700.2471368,1789759700.3909893
r,1789759700.3922722,1789759700.5211203
a,1789759700.5069957,1789759700.5947537
Key.backspace,1789759700.7967172,1789759700.8591356
Key.backspace,1789759700.941206,1789759701.0397224
a,1789759701.0116777,1789759701.162169
r,1789759701.102529,1789759701.2142484
l,1789759701.2861075,1789759701.390761
y,1789759701.4105198,1789759701.5447354
Key.space,1789759701.6258583,1789759701.6917243
a,1789759701.8323188,1789759701.9033988
k,1789759701.959287,1789759702.0491655
Key.backspace,1789759702.4225488,1789759702.555052
l,1789759702.6648333,1789759702.771698
s,1789759702.80011,1789759702.9036841
o,1789759702.9599,1789759703.0023618
Key.space,1789759703.692579,1789759703.784653
b,1789759704.1370964,1789759704.205529
v,1789759704.1634798,1789759704.205529
e,1789759704.217543,1789759704.3235545
c,1789759704.4167726,1789759704.435002
Key.backspace,1789759704.6935549,1789759704.7460692
Key.backspace,1789759704.826371,1789759704.9172034
e,1789759705.0199766,1789759705.12196
c,1789759705.0884037,1789759705.1864784
Key.backspace,1789759705.3665938,1789759705.4288495
Key.backspace,1789759705.5111423,1789759705.614588
e,1789759705.6513329,1789759705.7807736
c,1789759705.749419,1789759705.8418043
Key.backspace,1789759706.0959072,1789759706.1519861
Key.backspace,1789759706.239536,1789759706.3162675
Key.backspace,1789759706.3798707,1789759706.4660165
e,1789759706.4977212,1789759706.6217291
c,1789759706.5844285,1789759706.6780713
o,1789759706.7080302,1789759706.817729
m,1789759706.901752,1789759707.0033815
e,1789759707.0432837,1789759707.132886
Key.space,1789759707.1484747,1789759707.2230546
g,1789759707.2908683,1789759707.3856096
o,1789759707.431409,1789759707.4914415
o,1789759707.5711906,1789759707.6599145
d,1789759707.7007031,1789759707.7895463
Key.space,1789759707.8205116,1789759707.8866117
b,1789759708.0340047,1789759708.1180422
e,1789759708.076226,1789759708.2783542
t,1789759708.236491,1789759708.346113
w,1789759708.4322674,1789759708.5424113
e,1789759708.4928102,1789759708.5996377
e,1789759708.688177,1789759708.76227
e,1789759708.8219526,1789759708.8952875
n,1789759708.9398265,1789759709.029546
Key.space,1789759709.177027,1789759709.2611792
Key.backspace,1789759709.4975352,1789759709.5574725
Key.backspace,1789759709.6474729,1789759709.7262695
Key.backspace,1789759709.7821584,1789759709.857816
n,1789759710.0385025,1789759710.1118982
Key.space,1789759710.2700024,1789759710.3440418
w,1789759710.5200844,1789759710.6189022
o,1789759710.6891763,1789759710.771567
u,1789759710.9075713,1789759710.9771066
l,1789759711.1441581,1789759711.2331607
d,1789759711.2851944,1789759711.3799453
Key.space,1789759711.4336867,1789759711.476129
b,1789759711.620261,1789759711.706496
e,1789759711.7304578,1789759711.8800669
o,1789759711.9486084,1789759712.0737872
m,1789759712.1066258,1789759712.1913552
e,1789759712.2867265,1789759712.3987474
Key.backspace,1789759712.5674114,1789759712.630556
Key.backspace,1789759712.7108586,1789759712.7729926
Key.backspace,1789759712.8549294,1789759712.931125
c,1789759712.9938462,1789759713.0802305
o,1789759713.1406643,1789759713.2257214
m,1789759713.3400497,1789759713.4279587
e,1789759713.491969,1789759713.5984938
Key.space,1789759713.6020222,1789759713.6983492
t,1789759713.7590065,1789759713.8413754
o,1789759713.8427155,1789759713.925707
Key.space,1789759714.040608,1789759714.1193447
t,1789759714.1631138,1789759714.2673175
h,1789759714.2952461,1789759714.3647342
e,1789759714.401404,1789759714.514952
y,1789759714.5159862,1789759714.6123807
Key.space,1789759714.7934692,1789759714.8765094
Key.esc,1789759717.2025867,1789759717.2782288
s,1789759731.9142463,1789759732.0395482
t,1789759732.1108685,1789759732.2236328
a,1789759732.2216325,1789759732.3190455
n,1789759732.3429615,1789759732.4415236
d,1789759732.5038364,1789759732.591048
Key.space,1789759732.650732,1789759732.724797
h,1789759732.8764973,1789759732.9602723
e,1789759732.9662738,1789759733.1004264
r,1789759733.0731676,1789759733.2229517
e,1789759733.184972,1789759733.2966866
Key.space,1789759733.3244684,1789759733.387906
a,1789759733.4224887,1789759733.5258288
o,1789759733.5926218,1789759733.6899352
r,1789759733.7268608,1789759733.8171115
u,1789759733.8592942,1789759733.978975
n,1789759734.0117261,1789759734.0887349
Key.backspace,1789759734.3874793,1789759734.456417
Key.backspace,1789759734.5464156,1789759734.6157527
Key.backspace,1789759734.6860533,1789759734.777937
Key.backspace,1789759734.805839,1789759734.8955982
r,1789759734.9795666,1789759735.0625887
o,1789759735.15269,1789759735.2360091
p,1789759735.15269,1789759735.2374122
=,1789759735.6395526,1789759735.7237074
Key.backspace,1789759736.2455456,1789759736.3340907
Key.backspace,1789759736.4032772,1789759736.4903026
u,1789759737.1327784,1789759737.2217286
n,1789759737.3232582,1789759737.379122
d,1789759737.4932833,1789759737.5992649
Key.space,1789759737.6129992,1789759737.6949065
w,1789759737.8514233,1789759738.002173
e,1789759737.9665403,1789759738.0581403
l,1789759738.1101015,1789759738.1943545
l,1789759738.2405884,1789759738.304244
Key.space,1789759738.4577537,1789759738.514474
w,1789759738.5868654,1789759738.706282
i,1789759738.7072933,1789759738.8349767
t,1789759738.870934,1789759738.9453614
h,1789759738.9651864,1789759739.0353575
Key.space,1789759739.1770337,1789759739.23342
s,1789759739.3830438,1789759739.4408233
e,1789759739.5353372,1789759739.6233702
e,1789759739.6889334,1789759739.8019738
m,1789759739.8042088,1789759739.8783917
Key.space,1789759739.9858885,1789759740.0280628
p,1789759740.1278446,1789759740.2482646
a,1789759740.1959047,1789759740.3644743
r,1789759740.3065338,1789759740.4040484
t,1789759740.4962194,1789759740.5803387
Key.space,1789759740.5640852,1789759740.639367
i,1789759740.713653,1789759740.8610847
n,1789759740.8373325,1789759740.9218957
t,1789759740.8851175,1789759741.0115814
e,1789759740.9905782,1789759741.1092188
r,1789759741.1102748,1789759741.2355058
e,1789759741.201258,1789759741.2852557
s,1789759741.3685932,1789759741.4773824
t,1789759741.4668708,1789759741.5585763
Key.space,1789759741.5799863,1789759741.6616266
a,1789759741.6837785,1789759741.772006
n,1789759741.7732587,1789759741.850331
o,1789759741.911648,1789759742.0384808
t,1789759742.039487,1789759742.1563323
h,1789759742.188737,1789759742.2808204
e,1789759742.2763093,1789759742.431086
r,1789759742.3637333,1789759742.4736328
Key.space,1789759742.480708,1789759742.5610538
w,1789759742.608531,1789759742.6972394
h,1789759742.7017365,1789759742.7816637
e,1789759742.8136024,1789759742.9136848
n,1789759742.9386084,1789759742.9914527
Key.space,1789759743.125376,1789759743.1670372
o,1789759743.274396,1789759743.3942707
n,1789759743.3962953,1789759743.4618893
Key.space,1789759743.5844607,1789759743.6296866
p,1789759743.7662673,1789759743.8522286
l,1789759743.8778346,1789759743.9685965
a,1789759743.9685965,1789759744.092642
h,1789759744.1501002,1789759744.2294772
y,1789759744.1301253,1789759744.243651
Key.space,1789759744.3683755,1789759744.4530306
Key.backspace,1789759744.64522,1789759744.7068396
Key.backspace,1789759744.79138,1789759744.860604
Key.backspace,1789759744.9392402,1789759745.0049605
y,1789759745.5099635,1789759745.6043913
Key.space,1789759745.6441782,1789759745.7318656
g,1789759745.8506598,1789759745.9377403
i,1789759746.1398094,1789759746.2954118
v,1789759746.3828294,1789759746.4995553
e,1789759746.4633746,1789759746.5573893
Key.space,1789759746.6109931,1789759746.7210765
a,1789759746.7892299,1789759746.937162
s,1789759746.8530939,1789759746.9709423
k,1789759746.9992716,1789759747.0974336
Key.space,1789759747.2504878,1789759747.309939
p,1789759747.4158616,1789759747.528424
r,1789759747.529433,1789759747.5979965
o,1789759747.6686518,1789759747.755779
b,1789759747.7638483,1789759747.8865683
e,1789759747.8784423,1789759748.0007105
l,1789759748.0638702,1789759748.1567326
Key.backspace,1789759748.4672909,1789759748.5268183
Key.backspace,1789759748.6067784,1789759748.7017543
l,1789759748.821107,1789759748.9232266
e,1789759748.9512413,1789759749.0493207
m,1789759749.1010566,1789759749.1567786
Key.space,1789759749.2952425,1789759749.3858156
s,1789759749.4099092,1789759749.488501
e,1789759749.5823538,1789759749.6546054
e,1789759749.7280412,1789759749.8079774
m,1789759749.809483,1789759749.8936355
Key.space,1789759749.9996428,1789759750.0858517
n,1789759750.1920078,1789759750.292707
e,1789759750.282676,1789759750.4044454
w,1789759750.5034988,1789759750.6151342
Key.space,1789759750.6171515,1789759750.6896791
d,1789759750.8116593,1789759750.8768287
r,1789759751.1111543,1789759751.1607852
u,1789759751.1622856,1789759751.2699692
Key.backspace,1789759751.5259118,1789759751.578673
Key.backspace,1789759751.6527185,1789759751.7144308
u,1789759751.8942816,1789759751.9638839
r,1789759752.0064576,1789759752.07787
i,1789759752.1759431,1789759752.2965913
n,1789759752.398395,1789759752.4903603
g,1789759752.5356183,1789759752.623925
Key.space,1789759752.697174,1789759752.7908335
g,1789759752.9870975,1789759753.103332
e,1789759753.0859494,1789759753.2535598
t,1789759753.1976008,1789759753.3019812
Key.space,1789759753.3273115,1789759753.4151046
s,1789759753.4314008,1789759753.5126567
t,1789759753.6107063,1789759753.7043366
i,1789759753.7053502,1789759753.782329
l,1789759753.922337,1789759753.9885917
l,1789759754.0518596,1789759754.126497
Key.space,1789759754.2742774,1789759754.312006
n,1789759754.4595852,1789759754.5389843
o,1789759754.5717986,1789759754.7030587
Key.space,1789759754.8352284,1789759754.9054856
w,1789759754.9368455,1789759755.0332725
i,1789759755.0342808,1789759755.1030602
l,1789759755.2617493,1789759755.320187
l,1789759755.3870203,1789759755.4682436
Key.space,1789759755.615929,1789759755.676602
o,1789759755.762641,1789759755.8845167
w,1789759755.8845167,1789759755.9884362
j,1789759756.0240686,1789759756.0558567
n,1789759756.0250747,1789759756.0604203
Key.space,1789759756.1863472,1789759756.2665997
f,1789759756.3219888,1789759756.4030426
Key.backspace,1789759756.791167,1789759756.889249
Key.backspace,1789759756.9652538,1789759757.0289776
Key.backspace,1789759757.0991604,1789759757.1694667
Key.backspace,1789759757.2291722,1789759757.301911
n,1789759757.542411,1789759757.6162758
Key.space,1789759757.8225796,1789759757.8957863
f,1789759757.9583626,1789759758.0501037
r,1789759758.1539667,1789759758.2287595
o,1789759758.2287595,1789759758.3576531
m,1789759758.3791814,1789759758.4571505
Key.space,1789759758.565261,1789759758.643254
a,1789759758.6591043,1789759758.7676077
b,1789759758.806907,1789759758.8681254
o,1789759758.9809973,1789759759.1143594
u,1789759759.0972037,1789759759.177955
t,1789759759.1985734,1789759759.299813
Key.space,1789759759.3700807,1789759759.4240448
o,1789759759.4958718,1789759759.6121483
r,1789759759.6131632,1789759759.7004428
Key.space,1789759759.7278578,1789759759.7877698
b,1789759759.914443,1789759760.005572
y,1789759760.1554122,1789759760.1833603
Key.space,1789759760.3535364,1789759760.4432845
b,1789759760.5408442,1789759760.6259613
u,1789759760.6358335,1789759760.758375
t,1789759760.757364,1789759760.8598258
Key.space,1789759760.8757212,1789759760.9562232
u,1789759761.1038013,1789759761.1921716
o,1789759761.3407362,1789759761.4266639
Key.space,1789759761.5497005,1789759761.6350896
Key.backspace,1789759761.8509853,1789759761.9115765
Key.backspace,1789759761.9815545,1789759762.075447
p,1789759762.13558,1789759762.2249637
Key.space,1789759762.754287,1789759762.8102393
o,1789759762.980236,1789759763.056545
p,1789759763.1765268,1789759763.260108
e,1789759763.294118,1789759763.4023678
n,1789759763.4937966,1789759763.5551186
Key.space,1789759763.688831,1789759763.751947
a,1789759764.3325148,1789759764.4160843
n,1789759764.4741068,1789759764.5507784
o,1789759764.620963,1789759764.720951
t,1789759764.7825632,1789759764.8727448
h,1789759764.9208724,1789759765.002815
e,1789759765.0323002,1789759765.1672597
r,1789759765.0985026,1789759765.2016802
Key.space,1789759765.2448053,1789759765.3112197
s,1789759765.3393824,1789759765.4233902
o,1789759765.4528177,1789759765.5934832
m,1789759765.586926,1789759765.6649542
e,1789759765.6775649,1789759765.7792943
Key.space,1789759765.8109853,1789759765.8714895
l,1789759766.0357637,1789759766.140356
e,1789759766.0659707,1789759766.2184033
a,1789759766.1413777,1789759766.322724
d,1789759766.2708683,1789759766.3783574
Key.space,1789759766.4316478,1789759766.4878087
i,1789759766.5642502,1789759766.680707
f,1789759766.6987612,1789759766.7824056
Key.space,1789759766.7964895,1789759766.8905044
t,1789759766.9338515,1789759767.0271266
h,1789759767.0417206,1789759767.133845
a,1789759767.177898,1789759767.2737846
n,1789759767.265376,1789759767.32104
Key.space,1789759767.4315228,1789759767.4796422
w,1789759767.5480149,1789759767.642915
o,1789759767.6155684,1789759767.8016667
u,1789759767.7613215,1789759767.8536232
l,1789759767.9981947,1789759768.1027298
d,1789759768.190445,1789759768.277888
Key.space,1789759768.3197536,1789759768.3806148
i,1789759768.4527268,1789759768.6208203
n,1789759768.5938818,1789759768.671047
Key.space,1789759768.780395,1789759768.8393545
e,1789759768.8268056,1789759768.9611013
v,1789759768.9749715,1789759769.073256
e,1789759769.0513625,1789759769.189754
n,1789759769.174655,1789759769.2391768
Key.space,1789759769.357245,1789759769.4109032
b,1789759769.5338936,1789759769.5999222
u,1789759769.6150823,1789759769.7420726
t,1789759769.7430782,1789759769.8364363
Key.space,1789759769.8876734,1789759769.9544604
a,1789759770.0019867,1789759770.0586371
b,1789759770.1367993,1789759770.1662266
o,1789759770.3241339,1789759770.4528046
u,1789759770.4528046,1789759770.5370257
t,1789759770.620259,1789759770.6892216
Key.space,1789759770.7731376,1789759770.828912
g,1789759770.8954406,1789759770.9795985
r,1789759771.0834224,1789759771.1718082
o,1789759771.1718082,1789759771.2870958
u,1789759771.3209567,1789759771.3994377
p,1789759771.4739964,1789759771.5920837
Key.space,1789759771.723844,1789759771.8080683
t,1789759771.8264139,1789759771.907987
h,1789759771.9780831,1789759772.0267787
i,1789759772.022705,1789759772.1761053
s,1789759772.1666515,1789759772.2445195
Key.space,1789759772.2902691,1789759772.368896
t,1789759772.3948967,1789759772.4749308
u,1789759772.535496,1789759772.6412394
r,1789759772.6609821,1789759772.722957
n,1789759772.739019,1789759772.8136077
Key.space,1789759772.924903,1789759772.9811902
t,1789759772.9876974,1789759773.0638793
h,1789759773.1312053,1789759773.1934125
i,1789759773.2175527,1789759773.3944867
n,1789759773.3625581,1789759773.464496
g,1789759773.4742222,1789759773.5684915
Key.space,1789759773.6220708,1789759773.7001994
a,1789759773.6987906,1789759773.848703
s,1789759773.8043668,1789759773.9190352
Key.space,1789759773.9520943,1789759774.0279837
a,1789759774.1568696,1789759774.1884062
Key.backspace,1789759774.779552,1789759774.8532467
t,1789759774.8604634,1789759774.949698
h,1789759775.053073,1789759775.131805
a,1789759775.131805,1789759775.2399585
n,1789759775.3001232,1789759775.3703158
Key.space,1789759775.584043,1789759775.6537497
t,1789759775.772109,1789759775.870022
u,1789759775.8886948,1789759775.9967277
r,1789759776.0383046,1789759776.1291237
n,1789759776.1495516,1789759776.2118175
Key.space,1789759776.331217,1789759776.3915586
l,1789759776.567158,1789759776.6631582
e,1789759776.6376145,1789759776.753448
a,1789759776.7078998,1789759776.874946
d,1789759776.8317354,1789759776.945695
Key.space,1789759777.0174143,1789759777.0646205
y,1789759777.264059,1789759777.3883646
e,1789759777.4548597,1789759777.6641796
a,1789759777.491944,1789759777.6919436
r,1789759777.6361127,1789759777.7725043
Key.space,1789759777.811613,1789759777.8894296
f,1789759778.060881,1789759778.1319478
o,1789759778.1472437,1789759778.2298462
l,1789759778.3697205,1789759778.4169536
l,1789759778.4949725,1789759778.5716903
o,1789759778.6698709,1789759778.7712593
w,1789759778.7891545,1789759778.8848119
Key.space,1789759778.9578714,1789759779.0699627
n,1789759779.2203853,1789759779.2983532
e,1789759779.3275208,1789759779.4719114
w,1789759779.384893,1789759779.5249827
Key.space,1789759779.5505812,1789759779.6066308
o,1789759779.6968446,1789759779.809689
r,1789759779.809689,1789759779.9037833
Key.space,1789759779.952978,1789759780.035446
t,1789759780.0991192,1789759780.1976733
o,1789759780.1976733,1789759780.289071
Key.space,1789759780.4015656,1789759780.4789367
m,1789759780.5882683,1789759780.6878784
a,1789759780.6827083,1789759780.784241
n,1789759780.8260584,1789759780.882905
Key.space,1789759780.9943063,1789759781.064057
d,1789759781.1067424,1789759781.2002957
o,1789759781.1866364,1789759781.272226
Key.space,1789759781.3800695,1789759781.4532194
l,1789759781.5894127,1789759781.6769397
i,1789759781.8028777,1789759781.8878207
n,1789759781.9055278,1789759782.0000699
e,1789759782.0298119,1789759782.1272583
Key.space,1789759782.1396165,1789759782.2089958
g,1789759782.248022,1789759782.32875
o,1789759782.3508651,1789759782.4080856
o,1789759782.5106168,1789759782.5705605
d,1789759782.7177868,1789759782.8221
Key.space,1789759782.9938803,1789759783.0487943
l,1789759783.2376113,1789759783.3208888
e,1789759783.3029273,1789759783.4629989
a,1789759783.365249,1789759783.5340483
d,1789759783.4911556,1789759783.587477
Key.space,1789759783.661181,1789759783.7369442
h,1789759784.122798,1789759784.210536
e,1789759784.2240062,1789759784.4119992
r,1789759784.3538485,1789759784.5099678
e,1789759784.5109746,1789759784.612121
Key.space,1789759784.662686,1789759784.7185256
t,1789759784.7698615,1789759784.8408813
i,1789759784.8408813,1789759784.9375818
m,1789759785.0180447,1789759785.0765114
e,1789759785.167615,1789759785.2537243
Key.space,1789759785.2635267,1789759785.3432007
l,1789759785.499797,1789759785.601254
a,1789759785.5787446,1789759785.7418709
r,1789759785.6637254,1789759785.7610629
g,1789759785.8883414,1789759785.9846387
e,1789759785.9587986,1789759786.0847976
Key.space,1789759786.1241465,1789759786.1978054
h,1789759786.3623357,1789759786.4348283
o,1789759786.4899645,1789759786.6174226
w,1789759786.6186676,1789759786.7389555
Key.space,1789759786.811259,1789759786.874786
g,1789759786.957581,1789759787.0272663
o,1789759787.0941124,1789759787.2050984
v,1789759787.227152,1789759787.301383
e,1789759787.331639,1789759787.514934
r,1789759787.480744,1789759787.578722
n,1789759787.6487284,1789759787.7267845
Key.space,1789759787.8377507,1789759787.858538
t,1789759787.9305384,1789759788.012877
h,1789759788.1241434,1789759788.1735806
i,1789759788.2052934,1789759788.3917506
n,1789759788.363219,1789759788.4336102
g,1789759788.453807,1789759788.5453763
Key.space,1789759788.5870373,1789759788.668625
w,1789759788.719428,1789759788.8251019
h,1789759788.8612983,1789759788.9168081
o,1789759788.9588938,1789759789.0667984
Key.space,1789759789.4921706,1789759789.5678217
c,1789759789.6568356,1789759789.7516406
o,1789759789.8029609,1789759789.8874607
n,1789759789.9552765,1789759790.0670505
s,1789759790.082802,1789759790.1849442
i,1789759790.191001,1789759790.2973294
d,1789759790.265575,1789759790.4208646
e,1789759790.3911831,1789759790.612895
r,1789759790.532277,1789759790.636309
Key.space,1789759790.6383238,1789759790.7404027
t,1789759790.81258,1789759790.916996
e,1789759790.9583902,1789759791.0602775
l,1789759791.022631,1789759791.1033986
l,1789759791.186949,1789759791.2825456
Key.space,1789759791.427658,1789759791.4896717
w,1789759791.475747,1789759791.5879066
o,1789759791.616065,1789759791.7155073
r,1789759791.755454,1789759791.8363085
l,1789759791.90087,1789759791.9863348
d,1789759792.0088344,1789759792.1122193
Key.space,1789759792.1659453,1789759792.250166
s,1789759792.2365618,1789759792.350058
t,1789759792.3686297,1789759792.470346
a,1789759792.4745355,1789759792.6071875
t,1789759792.56916,1789759792.711116
e,1789759792.6675427,1789759792.771294
Key.space,1789759792.8017433,1789759792.8673143
h,1789759793.013323,1789759793.0374727
h,1789759793.107243,1789759793.1776967
o,1789759793.2691724,1789759793.4261303
m,1789759793.4001582,1789759793.4987926
Key.backspace,1789759793.7666247,1789759793.8226914
Key.backspace,1789759793.9064069,1789759793.9619732
Key.backspace,1789759794.0364912,1789759794.1078086
i,1789759794.2533455,1789759794.3230476
o,1789759794.285307,1789759794.3240597
Key.backspace,1789759794.680833,1789759794.767649
Key.backspace,1789759794.8209362,1789759794.9050083
o,1789759795.4569483,1789759795.5216792
m,1789759795.5963666,1789759795.7029157
e,1789759795.7464943,1789759795.8504193
Key.space,1789759795.8606422,1789759795.9329162
h,1789759796.0769339,1789759796.1574736
e,1789759796.162744,1789759796.2841544
l,1789759796.339507,1789759796.4194171
Key.space,1789759796.5477345,1789759796.6368492
e,1789759796.6856618,1789759796.7839115
n,1789759796.8093956,1789759796.8961456
d,1789759796.9625843,1789759797.05478
Key.space,1789759797.1649697,1789759797.2400272
w,1789759797.5045378,1789759797.6147437
o,1789759797.6160522,1789759797.7188938
r,1789759797.7542498,1789759797.8316693
l,1789759797.8992906,1789759797.9835002
d,1789759798.0400455,1789759798.1331575
Key.space,1789759798.2036815,1789759798.2431076
l,1789759798.4970188,1789759798.5888174
e,1789759798.559886,1789759798.7667909
a,1789759798.6442442,1789759798.7840374
v,1789759798.744373,1789759798.870419
Key.space,1789759799.1456623,1789759799.2127051
Key.backspace,1789759799.4774556,1789759799.5756202
e,1789759799.5832148,1789759799.68562
Key.space,1789759799.7591245,1789759799.8430467
w,1789759799.8596222,1789759799.9610395
h,1789759800.043442,1789759800.1090903
e,1789759800.1158617,1789759800.2346542
n,1789759800.2634218,1789759800.3203034
Key.space,1789759800.4159696,1789759800.488715
m,1789759800.6245403,1789759800.7166214
a,1789759800.7646043,1789759800.8812506
n,1789759800.940746,1789759801.0206609
y,1789759801.040512,1789759801.1436853
Key.space,1789759801.291172,1789759801.3798757
n,1789759801.479219,1789759801.5472326
u,1789759801.6096463,1789759801.6896122
m,1789759801.809023,1789759801.8930376
b,1789759802.0302515,1789759802.1047235
e,1789759802.1200526,1789759802.2644746
r,1789759802.1943862,1789759802.292496
Key.space,1789759802.300445,1789759802.3799853
j,1789759802.5407946,1789759802.6100965
u,1789759802.690769,1789759802.787208
s,1789759802.81478,1789759802.9416466
t,1789759802.8731277,1789759802.9993982
Key.space,1789759802.996874,1789759803.0792086
t,1789759803.1512942,1789759803.231477
h,1789759803.253198,1789759803.2874775
h,1789759803.3054624,1789759803.3259563
i,1789759803.3500142,1789759803.5208075
n,1789759803.5152192,1789759803.5966213
k,1789759803.736096,1789759803.8346806
Key.backspace,1789759804.0218756,1789759804.082787
Key.backspace,1789759804.1758196,1789759804.2427146
Key.backspace,1789759804.3199236,1789759804.396402
Key.backspace,1789759804.4650836,1789759804.550988
i,1789759804.7830534,1789759804.8775225
n,1789759805.4441366,1789759805.49242
j,1789759805.4327333,1789759805.4964452
k,1789759805.7369227,1789759805.7925825
Key.backspace,1789759805.9787276,1789759806.054523
Key.backspace,1789759806.1422212,1789759806.2189603
Key.backspace,1789759806.3012986,1789759806.4134295
n,1789759806.889753,1789759806.9877427
k,1789759807.0533733,1789759807.166038
Key.space,1789759807.3397796,1789759807.3919585
r,1789759807.6289165,1789759807.740224
t,1789759807.6289165,1789759807.7412455
e,1789759807.7025795,1789759807.838364
Key.backspace,1789759808.1890628,1789759808.2449238
Key.backspace,1789759808.324948,1789759808.416929
e,1789759808.4039,1789759808.5642042
a,1789759808.4960825,1789759808.617301
l,1789759808.6183074,1789759808.733732
Key.space,1789759808.9118936,1789759808.9758081
p,1789759809.1247237,1789759809.2208738
e,1789759809.3042111,1789759809.3904252
o,1789759809.4185944,1789759809.4927511
p,1789759809.6009686,1789759809.7405899
l,1789759809.7103155,1789759809.8007278
e,1789759809.8223095,1789759809.9359176
Key.space,1789759809.9896262,1789759810.0596962
h,1789759810.2194202,1789759810.2855566
e,1789759810.3270364,1789759810.4249487
Key.space,1789759810.4617198,1789759810.5216682
v,1789759810.677572,1789759810.7836194
e,1789759810.7711415,1789759810.9504914
r,1789759810.9049022,1789759810.9927585
y,1789759811.0981176,1789759811.1963913
Key.space,1789759811.260501,1789759811.3544028
a,1789759811.5289645,1789759811.6260257
l,1789759811.6270325,1789759811.7293613
s,1789759811.8271482,1789759811.8837333
o,1789759811.9672945,1789759812.089402
Key.space,1789759812.2311163,1789759812.3319173
w,1789759812.3794355,1789759812.5137882
o,1789759812.9724472,1789759813.0884604
u,1789759813.1084654,1789759813.1862347
l,1789759813.3964329,1789759813.4808924
d,1789759813.5565505,1789759813.6872573
Key.space,1789759813.722922,1789759813.8158243
f,1789759813.8495243,1789759813.9477916
e,1789759814.0928347,1789759814.22788
w,1789759814.1461935,1789759814.282183
Key.space,1789759814.3157132,1789759814.3808374
d,1789759814.4339116,1789759814.5632682
e,1789759814.5844731,1789759814.7160292
v,1789759814.7224727,1789759814.8268912
e,1789759814.8140945,1789759814.884971
l,1789759814.865005,1789759814.948658
o,1789759815.0388825,1789759815.1132085
p,1789759815.214219,1789759815.3085508
Key.space,1789759815.4464636,1789759815.5305896
l,1789759815.68196,1789759815.7838366
a,1789759815.7610855,1789759815.9058187
t,1789759815.891415,1789759816.038001
e,1789759815.9674954,1789759816.0974405
Key.space,1789759816.1548114,1789759816.2256327
t,1789759816.2481477,1789759816.3591511
h,1789759816.4106293,1789759816.4849153
i,1789759816.5184686,1789759816.6446545
n,1789759816.6984372,1789759816.7709353
k,1789759816.918426,1789759817.002089
Key.space,1789759817.1423862,1789759817.2303646
p,1789759817.9190776,1789759818.0212917
o,1789759818.1330698,1789759818.2175448
s,1789759818.2355855,1789759818.2971616
s,1789759818.3905275,1789759818.466551
i,1789759818.550072,1789759818.640857
b,1789759818.6529262,1789759818.746913
l,1789759818.7959857,1789759818.8770382
e,1789759818.9067378,1789759818.988643
Key.space,1789759819.0449777,1789759819.132768
r,1789759819.162675,1789759819.253943
i,1789759819.2801936,1789759819.3873467
g,1789759819.413924,1789759819.5115244
h,1789759819.5355666,1789759819.591615
t,1789759819.6491632,1789759819.742056
Key.space,1789759819.7957342,1789759819.864883
a,1789759819.8575685,1789759819.95179
Key.space,1789759820.0052943,1789759820.095572
s,1789759820.2212296,1789759820.2823255
Key.backspace,1789759820.7099018,1789759820.7934356
e,1789759820.7826343,1789759820.9123096
v,1789759820.8881445,1789759821.0025594
e,1789759820.9885347,1789759821.1103737
n,1789759821.1363957,1789759821.214354
Key.space,1789759821.3333473,1789759821.4139695
a,1789759821.473661,1789759821.5495915
s,1789759821.5495915,1789759821.6757174
Key.space,1789759821.728901,1789759821.8094363
a,1789759821.8813999,1789759821.9416442
w,1789759821.913365,1789759822.0920582
a,1789759822.138998,1789759822.2125552
Key.backspace,1789759822.404619,1789759822.4596477
Key.backspace,1789759822.554413,1789759822.6244996
Key.backspace,1789759822.7000341,1789759822.7924247
w,1789759822.7611532,1789759822.9151025
a,1789759822.8207939,1789759822.9651136
y,1789759823.0586686,1789759823.167662
Key.space,1789759823.2072833,1789759823.2820723
b,1789759823.5100422,1789759823.6279085
a,1789759823.651768,1789759823.7750561
c,1789759823.745376,1789759823.8326008
k,1789759823.8563125,1789759823.9461527
Key.space,1789759824.0848117,1789759824.1720011
t,1789759824.1986418,1789759824.2930481
h,1789759824.3464816,1789759824.4028244
i,1789759824.4267213,1789759824.6120427
n,1789759824.5912435,1789759824.651534
k,1789759824.787371,1789759824.871022
Key.space,1789759824.9991698,1789759825.097739
s,1789759825.043454,1789759825.179886
a,1789759825.1455765,1789759825.281629
y,1789759825.2877207,1789759825.3826885
Key.space,1789759825.752291,1789759825.812941
i,1789759825.9086018,1789759826.0303662
n,1789759826.0150137,1789759826.1123497
t,1789759826.104774,1789759826.2498305
e,1789759826.2285938,1789759826.3571863
r,1789759826.455829,1789759826.5296717
e,1789759826.455829,1789759826.5579638
Key.backspace,1789759826.9982336,1789759827.0543425
Key.backspace,1789759827.128623,1789759827.2539787
r,1789759827.2325807,1789759827.3529658
e,1789759827.2787564,1789759827.3707576
s,1789759827.4683692,1789759827.6317065
t,1789759827.5959399,1789759827.6788244
Key.space,1789759827.7816522,1789759827.859769
w,1789759827.849173,1789759827.9802337
a,1789759827.9459107,1789759828.0472045
y,1789759828.1335537,1789759828.2596178
Key.space,1789759828.289408,1789759828.3594093
l,1789759828.5344288,1789759828.6349435
a,1789759828.6507533,1789759828.7582493
t,1789759828.7500153,1789759828.8990986
e,1789759828.852211,1789759828.960372
Key.space,1789759829.0079305,1789759829.070924
m,1789759829.2070315,1789759829.3153577
e,1789759829.32445,1789759829.4592354
a,1789759829.3893964,1789759829.5199013
n,1789759829.5233746,1789759829.5813575
Key.space,1789759829.6976259,1789759829.753493
b,1789759829.8976855,1789759829.9592595
i,1789759830.0339649,1789759830.1372502
o,1789759830.0339649,1789759830.1382506
t,1789759830.1758456,1789759830.2257063
Key.backspace,1789759830.5066824,1789759830.5580144
Key.backspace,1789759830.632133,1789759830.7026558
Key.backspace,1789759830.7739177,1789759830.8440287
o,1789759830.9318068,1789759831.0305812
t,1789759831.0704181,1789759831.1748672
h,1789759831.2537405,1789759831.2920566
Key.space,1789759831.4355812,1789759831.505624
g,1789759831.5572414,1789759831.637086
o,1789759831.6692202,1789759831.7299762
o,1789759831.8277237,1789759831.9035218
d,1789759832.0199697,1789759832.0765874
Key.space,1789759832.3540757,1789759832.4424036
s,1789759832.594286,1789759832.697255
m,1789759832.7249618,1789759832.8130763
a,1789759832.7989483,1789759832.8844166
l,1789759833.0057166,1789759833.0676615
l,1789759833.1358879,1789759833.2118618
Key.space,1789759833.358999,1789759833.419653
u,1789759833.5431697,1789759833.655728
n,1789759833.673468,1789759833.7557776
d,1789759833.7996404,1789759833.906549
e,1789759833.8524258,1789759834.0428393
r,1789759833.9927669,1789759834.0907679
Key.space,1789759834.1264858,1789759834.1861174
p,1789759834.3285024,1789759834.4262946
o,1789759834.576834,1789759834.660341
i,1789759834.781733,1789759834.9118295
n,1789759834.9158857,1789759835.0036387
t,1789759835.0194836,1789759835.0936208
Key.space,1789759835.1577075,1789759835.2275996
o,1789759835.3279727,1789759835.43206
t,1789759835.403502,1789759835.5011313
h,1789759835.5620582,1789759835.645338
e,1789759835.6683784,1789759835.7807424
r,1789759835.7349467,1789759835.8520956
Key.space,1789759835.8763597,1789759835.9344778
y,1789759836.0606322,1789759836.164384
o,1789759836.164384,1789759836.2706828
u,1789759836.2910352,1789759836.3703196
Key.space,1789759836.551287,1789759836.635578
a,1789759836.64548,1789759836.794091
t,1789759836.7471755,1789759836.8417811
Key.space,1789759836.8490238,1789759836.9281602
t,1789759836.9536798,1789759837.0419118
h,1789759837.0897493,1789759837.1638076
e,1789759837.2020621,1789759837.2897503
n,1789759837.3047628,1789759837.3748026
Key.space,1789759837.4801745,1789759837.5504138
m,1789759837.6764433,1789759837.7505627
u,1789759837.8614552,1789759837.9822536
c,1789759837.9490285,1789759838.0450041
h,1789759838.054587,1789759838.1200714
Key.space,1789759838.247911,1789759838.3115234
o,1789759838.4160504,1789759838.5016584
f,1789759838.5231423,1789759838.5941913
f,1789759838.6859655,1789759838.7653732
Key.space,1789759838.8117802,1789759838.8998423
e,1789759838.912498,1789759839.0103161
n,1789759839.0458443,1789759839.123889
d,1789759839.1925974,1789759839.290171
Key.space,1789759839.4147635,1789759839.493078
t,1789759839.5505934,1789759839.6092465
o,1789759839.6406405,1789759839.732218
Key.space,1789759839.8386676,1789759839.942732
d,1789759839.9330258,1789759840.033129
e,1789759840.0122025,1789759840.1910698
v,1789759840.1667957,1789759840.2834911
e,1789759840.2573445,1789759840.3695931
l,1789759840.3422585,1789759840.4339356
o,1789759840.5337155,1789759840.621227
p,1789759840.715186,1789759840.8214397
Key.space,1789759840.9525757,1789759841.0258784
g,1789759841.0564053,1789759841.145632
o,1789759841.1547475,1789759841.2206626
o,1789759841.312938,1789759841.393457
d,1789759841.652741,1789759841.7508056
Key.space,1789759841.8853004,1789759842.0030167
w,1789759842.0892854,1789759842.2136438
e,1789759842.174048,1789759842.2853205
l,1789759842.3435233,1789759842.391453
l,1789759842.462017,1789759842.5397763
Key.space,1789759842.6973057,1789759842.7676518
e,1789759842.7656157,1789759842.8960521
v,1789759842.8899758,1789759843.0023143
e,1789759842.9842153,1789759843.1062546
n,1789759843.0964897,1789759843.1566176
Key.space,1789759843.2683597,1789759843.324927
l,1789759843.4845417,1789759843.5342762
i,1789759843.6706674,1789759843.7184832
k,1789759843.8421082,1789759843.9144392
e,1789759843.9501328,1789759844.0460098
Key.space,1789759844.1051507,1789759844.1738143
m,1789759844.3055067,1789759844.3996482
e,1789759844.3357952,1789759844.51378
a,1789759844.452105,1789759844.5961447
n,1789759844.6236017,1789759844.6880758
Key.space,1789759844.7990515,1789759844.8693852
s,1789759844.90399,1789759844.9694912
u,1789759845.0181007,1789759845.1056247
c,1789759845.1387298,1789759845.2207217
h,1789759845.2585526,1789759845.3304765
Key.space,1789759845.4875572,1789759845.5421956
k,1789759845.7583346,1789759845.834264
n,1789759845.9724674,1789759846.04467
o,1789759846.0810902,1789759846.2026105
w,1789759846.2310843,1789759846.3476963
Key.space,1789759846.3518665,1789759846.4035606
o,1789759846.5040433,1789759846.5815284
p,1789759846.675115,1789759846.805105
e,1789759846.7820816,1789759846.8894672
n,1789759846.935613,1789759846.9993818
Key.space,1789759847.1260376,1789759847.1950562
a,1789759847.2671542,1789759847.3988068
f,1789759847.3732917,1789759847.4644794
t,1789759847.5688004,1789759847.6667356
e,1789759847.6361308,1789759847.8210175
r,1789759847.7687333,1789759847.8666763
Key.space,1789759847.9002862,1789759847.9624815
p,1789759848.085777,1789759848.1848416
l,1789759848.2028701,1789759848.2812343
a,1789759848.2822468,1789759848.3973064
y,1789759848.4175792,1789759848.5472624
Key.space,1789759848.5975003,1789759848.663481
p,1789759848.8057227,1789759848.8892486
o,1789759849.0019581,1789759849.0814602
e,1789759849.116117,1789759849.2091815
p,1789759849.1930785,1789759849.3342779
l,1789759849.305127,1789759849.4206913
Key.backspace,1789759849.6782825,1789759849.7445796
Key.backspace,1789759849.8382778,1789759849.902289
Key.backspace,1789759849.9880805,1789759850.0302818
Key.backspace,1789759850.1081345,1789759850.18973
e,1789759850.2953236,1789759850.3837686
o,1789759850.4359431,1789759850.504939
p,1789759850.6133761,1789759850.7054656
l,1789759850.8242915,1789759850.891366
e,1789759850.9299848,1789759851.029655
Key.space,1789759851.0748894,1789759851.1388218
t,1789759851.1728284,1789759851.2482874
h,1789759851.328691,1789759851.3932745
e,1789759851.427061,1789759851.5247338
y,1789759851.5751936,1789759851.6606975
Key.space,1789759851.7649395,1789759851.8406801
g,1789759852.0041258,1789759852.0832245
i,1789759852.1099076,1789759852.2295406
Key.esc,1789759854.705776,1789759854.8057501
m,1789830805.0738707,1789830805.3916018
o,1789830805.393642,1789830805.4110966
n,1789830805.5011775,1789830805.6227994
k,1789830805.7791412,1789830805.8853042
e,1789830805.8728256,1789830806.0882342
y,1789830806.0323143,1789830806.1446798
t,1789830806.2603977,1789830806.354044
y,1789830806.4967983,1789830806.531894
Key.enter,1789830806.7454875,1789830806.843964
n,1789830809.3697135,1789830809.4827914
e,1789830809.5178304,1789830809.643183
e,1789830809.7680457,1789830810.218436
d,1789830810.2230191,1789830810.224177
Key.space,1789830810.224177,1789830810.2444937
a,1789830810.3107846,1789830810.5178876
s,1789830810.4547386,1789830810.6008549
Key.space,1789830810.6691077,1789830810.7892373
o,1789830810.8662755,1789830811.0165484
v,1789830811.0719872,1789830811.248001
e,1789830811.270532,1789830811.5156991
r,1789830811.4381196,1789830811.5752673
Key.space,1789830811.6392403,1789830811.7551506
t,1789830811.7819238,1789830811.908665
a,1789830811.908665,1789830811.9966843
k,1789830812.0446336,1789830812.178642
e,1789830812.2031536,1789830812.292721
Key.space,1789830812.3867943,1789830812.4588275
o,1789830812.598975,1789830812.7362084
w,1789830812.7372084,1789830812.8509507
n,1789830812.900689,1789830812.9826655
Key.space,1789830813.0598035,1789830813.1733627
p,1789830813.8571556,1789830814.0565038
u,1789830814.1986187,1789830814.3384302
b,1789830814.6976736,1789830814.789481
l,1789830814.7907724,1789830814.8933613
i,1789830815.0116332,1789830815.1039
c,1789830815.1576653,1789830815.2656875
Key.space,1789830815.3251154,1789830815.4193685
i,1789830815.5096025,1789830815.6542132
n,1789830815.6309352,1789830815.7430522
t,1789830815.7349005,1789830815.8570611
e,1789830815.8570611,1789830816.0190034
r,1789830815.9866698,1789830816.1800854
e,1789830816.1131136,1789830816.1811025
s,1789830816.276823,1789830816.3972573
t,1789830816.426072,1789830816.5322196
Key.space,1789830816.5837562,1789830816.667757
n,1789830816.7654603,1789830816.8357913
m,1789830816.8040447,1789830816.8357913
o,1789830817.0056958,1789830817.1313214
Key.backspace,1789830817.3898396,1789830817.4536443
Key.backspace,1789830817.529352,1789830817.6043088
o,1789830817.7305024,1789830817.851003
w,1789830817.8990908,1789830818.0046751
Key.space,1789830818.1736495,1789830818.2887619
f,1789830818.8342502,1789830818.8353004
g,1789830818.8353004,1789830818.8976731
e,1789830818.8976731,1789830819.0139897
n,1789830819.0594308,1789830819.1719425
Key.backspace,1789830819.4062402,1789830819.4866736
Key.backspace,1789830819.580766,1789830819.6649697
Key.backspace,1789830819.7521267,1789830819.8461995
Key.backspace,1789830819.972762,1789830820.0326722
g,1789830820.4013934,1789830820.513755
e,1789830820.4680028,1789830820.5968041
n,1789830820.6539123,1789830820.7411647
e,1789830820.7614107,1789830820.985835
r,1789830820.8773634,1789830820.985835
a,1789830820.9619994,1789830821.081994
l,1789830821.1057553,1789830821.2079847
Key.space,1789830821.3841755,1789830821.4509504
g,1789830821.5685246,1789830821.653017
h,1789830821.56953,1789830821.653017
o,1789830821.7324278,1789830821.7949893
Key.backspace,1789830822.0283196,1789830822.098113
Key.backspace,1789830822.165614,1789830822.2387767
h,1789830822.4937656,1789830822.5290785
Key.backspace,1789830822.649845,1789830822.715161
Key.backspace,1789830822.8213902,1789830822.915274
h,1789830822.923477,1789830823.0496786
o,1789830823.1252372,1789830823.2872698
u,1789830823.4348958,1789830823.5362458
s,1789830823.5722182,1789830823.6810977
e,1789830823.7684135,1789830823.8870435
Key.space,1789830823.880212,1789830823.9629793
p,1789830824.0965698,1789830824.2376385
e,1789830824.2365816,1789830824.3675501
o,1789830824.3686216,1789830824.4719677
p,1789830824.5974493,1789830824.6516323
l,1789830824.6478686,1789830824.7818618
e,1789830824.826104,1789830824.9559808
Key.space,1789830824.9851422,1789830825.065606
l,1789830825.2185326,1789830825.3065572
i,1789830825.4145417,1789830825.4941838
t,1789830825.495678,1789830825.5761492
t,1789830825.6628268,1789830825.7370958
l,1789830825.786126,1789830825.874195
e,1789830825.8982606,1789830826.020761
Key.space,1789830826.0282304,1789830826.1166666
p,1789830826.2238877,1789830826.3397856
r,1789830826.3756027,1789830826.4559548
o,1789830826.4939654,1789830826.5958605
b,1789830826.6272902,1789830826.7257247
l,1789830826.8099973,1789830826.9040878
e,1789830826.9775174,1789830827.0642002
m,1789830827.1178305,1789830827.1784909
Key.space,1789830827.3076208,1789830827.402355
l,1789830827.580395,1789830827.6744475
e,1789830827.675457,1789830827.834683
a,1789830827.7450943,1789830827.9172015
v,1789830827.8847723,1789830828.0365636
e,1789830827.988202,1789830828.0385802
Key.space,1789830828.1951585,1789830828.2657778
w,1789830828.2951057,1789830828.3899133
h,1789830828.4558618,1789830828.5513303
a,1789830828.5955503,1789830828.7191508
t,1789830828.6734598,1789830828.8010452
Key.space,1789830828.8318248,1789830828.914876
e,1789830828.9138212,1789830829.054959
v,1789830829.0842414,1789830829.17396
e,1789830829.1806395,1789830829.2165267
n,1789830829.2946484,1789830829.3743558
Key.space,1789830829.500478,1789830829.5706816
n,1789830829.6767259,1789830829.7526658
e,1789830829.7536926,1789830829.9030569
v,1789830829.914908,1789830830.0408866
e,1789830830.0249765,1789830830.2351873
r,1789830830.17381,1789830830.2633612
Key.space,1789830830.3031719,1789830830.3836932
l,1789830830.5579336,1789830830.6594398
e,1789830830.641765,1789830830.8523722
a,1789830830.6838129,1789830830.8523722
v,1789830830.8537602,1789830830.9582455
e,1789830830.9319575,1789830831.0573223
Key.space,1789830831.0926242,1789830831.1825829
t,1789830831.2350006,1789830831.338603
h,1789830831.3822541,1789830831.4686005
e,1789830831.5284562,1789830831.6311364
n,1789830831.6445937,1789830831.7182305
Key.space,1789830831.82,1789830831.9002478
u,1789830832.0520642,1789830832.1103182
n,1789830832.1393025,1789830832.2237499
d,1789830832.4817696,1789830832.5944448
e,1789830832.5755203,1789830832.7574418
r,1789830832.730066,1789830832.8176389
Key.space,1789830832.85787,1789830832.9426463
h,1789830833.2942948,1789830833.3867195
a,1789830833.3877323,1789830833.5143504
v,1789830833.4950259,1789830833.5830524
e,1789830833.5566943,1789830833.6349072
Key.space,1789830833.6847098,1789830833.7411387
o,1789830833.85994,1789830833.9877317
f,1789830833.993401,1789830834.0734882
Key.space,1789830834.0833182,1789830834.185173
h,1789830834.3310688,1789830834.3971515
e,1789830834.4159458,1789830834.542073
Key.space,1789830834.54526,1789830834.614591
t,1789830834.6315103,1789830834.7484732
e,1789830834.7473793,1789830834.8003974
l,1789830834.872578,1789830834.9389749
l,1789830835.0219755,1789830835.0930703
Key.space,1789830835.2502267,1789830835.3144681
s,1789830835.3504133,1789830835.504815
c,1789830835.489148,1789830835.5304852
h,1789830835.5688412,1789830835.6441445
o,1789830835.7333727,1789830835.8097985
o,1789830835.879881,1789830835.9540343
l,1789830836.0652955,1789830836.1360385
Key.space,1789830836.2915604,1789830836.3617349
r,1789830836.4193032,1789830836.5105438
i,1789830836.5115538,1789830836.6588984
g,1789830836.6865838,1789830836.7509131
h,1789830836.7509131,1789830836.821156
t,1789830836.9162955,1789830837.0142384
Key.space,1789830837.0199814,1789830837.1073203
l,1789830837.4059248,1789830837.508077
o,1789830837.6734385,1789830837.7102911
n,1789830837.7841501,1789830837.8960457
g,1789830837.9341743,1789830838.026054
Key.space,1789830838.061468,1789830838.1615827
y,1789830838.3551116,1789830838.4451385
o,1789830838.4451385,1789830838.5465896
u,1789830838.5711339,1789830838.649107
Key.space,1789830838.8625576,1789830838.8807049
o,1789830839.0092967,1789830839.101952
r,1789830839.1259868,1789830839.2332761
Key.backspace,1789830839.4856558,1789830839.5414102
Key.backspace,1789830839.611782,1789830839.6873288
o,1789830839.7692847,1789830839.8635693
r,1789830839.895392,1789830839.9901044
Key.backspace,1789830840.1364918,1789830840.192509
Key.backspace,1789830840.2709723,1789830840.3541882
p,1789830840.3591342,1789830840.4623299
r,1789830840.4633377,1789830840.6244056
e,1789830840.578275,1789830840.6731925
s,1789830840.786556,1789830840.8487089
e,1789830840.93855,1789830841.0223267
n,1789830841.0601473,1789830841.1662047
t,1789830841.167216,1789830841.3120155
Key.space,1789830841.313025,1789830841.383392
e,1789830841.4418328,1789830841.5359561
n,1789830841.5638027,1789830841.6379528
d,1789830841.6715813,1789830841.767202
Key.space,1789830841.7957132,1789830841.8558593
a,1789830841.9514825,1789830842.0494053
n,1789830842.0802422,1789830842.1612325
y,1789830842.1848001,1789830842.2924533
Key.space,1789830842.3628364,1789830842.416954
t,1789830842.46104,1789830842.5403504
i,1789830842.541358,1789830842.648421
m,1789830842.696823,1789830842.7621133
e,1789830842.8104737,1789830842.8767834
Key.space,1789830842.9119308,1789830843.0044022
a,1789830843.0675797,1789830843.1581311
r,1789830843.130233,1789830843.2033083
o,1789830843.2493837,1789830843.347432
u,1789830843.4699569,1789830843.5721974
n,1789830843.5936174,1789830843.6879368
d,1789830843.73554,1789830843.8106956
Key.space,1789830843.8273747,1789830843.909194
g,1789830843.9883387,1789830844.0524528
o,1789830844.0869436,1789830844.1487067
o,1789830844.2446797,1789830844.3254523
d,1789830844.3612278,1789830844.4655807
Key.space,1789830844.4940205,1789830844.5643845
k,1789830844.7204463,1789830844.7871196
o,1789830844.9757237,1789830845.0635536
w,1789830845.1701279,1789830845.277366
Key.backspace,1789830845.5252454,1789830845.5874426
Key.backspace,1789830845.6550639,1789830845.7355032
n,1789830845.941052,1789830846.0254745
o,1789830846.1466596,1789830846.2629747
w,1789830846.2830582,1789830846.3912086
Key.space,1789830846.4201112,1789830846.5084453
m,1789830846.622157,1789830846.7211633
o,1789830846.7497046,1789830846.8818755
v,1789830846.9033687,1789830847.0135138
e,1789830846.9832602,1789830847.1134431
Key.space,1789830847.115459,1789830847.1996253
w,1789830847.315734,1789830847.4265022
h,1789830847.4288087,1789830847.5022137
c,1789830847.650185,1789830847.714744
i,1789830847.5512693,1789830847.741049
h,1789830847.941094,1789830848.0050645
Key.space,1789830848.2186818,1789830848.2841244
o,1789830848.3889203,1789830848.500127
v,1789830848.5186367,1789830848.6042118
e,1789830848.605716,1789830848.7861745
r,1789830848.7636409,1789830848.8436484
Key.space,1789830848.901109,1789830848.989236
a,1789830849.0980928,1789830849.1815643
l,1789830849.2153633,1789830849.2799783
l,1789830849.3520684,1789830849.4361331
Key.space,1789830849.6029885,1789830849.6623895
t,1789830849.8112903,1789830849.898386
o,1789830849.9272425,1789830850.0069563
Key.space,1789830850.1427715,1789830850.2184105
a,1789830850.2810483,1789830850.359111
n,1789830850.386295,1789830850.4897835
y,1789830850.496008,1789830850.5820227
Key.space,1789830850.6759317,1789830850.7667036
t,1789830850.7770057,1789830850.9035466
e,1789830850.8762138,1789830850.9819646
l,1789830851.0236619,1789830851.089667
l,1789830851.160215,1789830851.2417982
Key.space,1789830851.378359,1789830851.4386768
o,1789830851.5466034,1789830851.6498637
t,1789830851.6513689,1789830851.7426133
h,1789830851.8198686,1789830851.9212108
e,1789830851.9589674,1789830852.1029131
r,1789830852.03883,1789830852.1491444
Key.space,1789830852.1808932,1789830852.2790318
p,1789830852.4171898,1789830852.5376258
o,1789830852.6701703,1789830852.7661936
s,1789830852.771222,1789830852.8549395
s,1789830852.9161937,1789830852.9616332
b,1789830853.1617484,1789830853.246882
i,1789830853.1816854,1789830853.301069
l,1789830853.4860213,1789830853.5432093
Key.backspace,1789830853.7167845,1789830853.7863102
Key.backspace,1789830853.9046955,1789830853.948354
Key.backspace,1789830854.0223334,1789830854.1137195
i,1789830854.2680237,1789830854.3632686
b,1789830854.4054558,1789830854.5141277
l,1789830854.5631952,1789830854.6534836
e,1789830854.7016208,1789830854.813785
Key.space,1789830854.8097906,1789830854.9462798
m,1789830855.0178485,1789830855.1070888
a,1789830855.1127222,1789830855.2230563
n,1789830855.2542412,1789830855.3069348
Key.space,1789830855.9161713,1789830855.988082
a,1789830856.1076021,1789830856.2094111
l,1789830856.2104266,1789830856.3078556
l,1789830856.3779666,1789830856.4701278
Key.space,1789830856.637133,1789830856.7012942
t,1789830856.8018389,1789830856.8739467
o,1789830856.9169724,1789830857.0348742
o,1789830857.3762486,1789830857.4607623
Key.backspace,1789830857.795196,1789830857.879598
Key.space,1789830858.1056116,1789830858.1761622
o,1789830858.2836285,1789830858.4134078
f,1789830858.4374218,1789830858.5078278
f,1789830858.5888543,1789830858.709281
Key.space,1789830858.7509446,1789830858.8387425
k,1789830859.0122821,1789830859.0829298
n,1789830859.2549524,1789830859.3332927
o,1789830859.4646926,1789830859.574472
w,1789830859.6582115,1789830859.7457001
Key.space,1789830859.8061454,1789830859.842174
o,1789830860.2021246,1789830860.2418606
n,1789830860.3434973,1789830860.427194
Key.space,1789830860.566059,1789830860.6187909
w,1789830860.6569088,1789830860.7545378
h,1789830860.8025088,1789830860.8705227
e,1789830860.9223275,1789830861.0168605
n,1789830861.0292025,1789830861.0851045
Key.space,1789830861.23938,1789830861.2629557
n,1789830861.384974,1789830861.4642107
u,1789830861.5175178,1789830861.6154528
m,1789830861.7436008,1789830861.8245003
b,1789830861.9535446,1789830862.0374966
e,1789830862.0501692,1789830862.1712658
r,1789830862.1105382,1789830862.2127073
Key.space,1789830862.2311049,1789830862.304677
c,1789830862.3910606,1789830862.4508667
o,1789830862.478854,1789830862.591082
m,1789830862.6366484,1789830862.7265055
e,1789830862.7824228,1789830862.8913171
Key.space,1789830862.8923218,1789830862.9669847
p,1789830863.091491,1789830863.1857014
o,1789830863.3899739,1789830863.391221
s,1789830863.391221,1789830863.4317224
s,1789830863.5337188,1789830863.5920558
i,1789830863.6795795,1789830863.7683034
b,1789830863.8035796,1789830863.8983023
l,1789830863.9684052,1789830864.0447292
e,1789830864.0875,1789830864.1773872
Key.space,1789830864.229468,1789830864.3122437
w,1789830864.3664474,1789830864.451029
i,1789830864.4690251,1789830864.5584862
t,1789830864.6105292,1789830864.7170913
h,1789830864.748453,1789830864.8045204
Key.space,1789830864.9812255,1789830865.0476642
a,1789830865.1237657,1789830865.2456672
r,1789830865.2084196,1789830865.3050997
o,1789830865.3065166,1789830865.4243257
i,1789830865.553484,1789830865.6194615
n,1789830865.6775107,1789830865.7478607
Key.backspace,1789830866.0623136,1789830866.121033
Key.backspace,1789830866.2028563,1789830866.2825332
u,1789830866.5369833,1789830866.615173
n,1789830866.7300918,1789830866.8195164
d,1789830866.9038801,1789830866.9597878
Key.space,1789830867.0199754,1789830867.0877843
t,1789830867.1417625,1789830867.2816648
e,1789830867.2578094,1789830867.3617594
l,1789830867.369857,1789830867.4436464
l,1789830867.5240054,1789830867.5935972
Key.space,1789830867.7670393,1789830867.8506124
e,1789830867.975056,1789830868.091552
n,1789830868.1503816,1789830868.260677
d,1789830868.3050187,1789830868.4123175
Key.space,1789830868.44259,1789830868.5310566
n,1789830868.6726816,1789830868.7654166
e,1789830868.7582533,1789830868.8660793
e,1789830868.949518,1789830869.0820115
d,1789830869.1216993,1789830869.223706
Key.space,1789830869.283161,1789830869.335923
p,1789830869.4741597,1789830869.5952098
r,1789830869.5952098,1789830869.7393055
e,1789830869.670599,1789830869.7828424
s,1789830869.8887098,1789830869.9735405
e,1789830870.0805576,1789830870.17313
n,1789830870.2242475,1789830870.2887409
t,1789830870.4496653,1789830870.543669
Key.space,1789830870.6356237,1789830870.713489
t,1789830870.7482257,1789830870.8878016
e,1789830870.851256,1789830870.9862607
l,1789830871.03728,1789830871.0933924
l,1789830871.1729267,1789830871.25178
Key.space,1789830871.4428618,1789830871.4890077
t,1789830871.5704246,1789830871.6583948
i,1789830871.6743603,1789830871.8552744
m,1789830871.8831587,1789830871.9986124
e,1789830872.0389788,1789830872.1401994
Key.space,1789830872.158169,1789830872.2314222
h,1789830872.3794768,1789830872.468053
a,1789830872.4920077,1789830872.607868
n,1789830872.6498127,1789830872.7421596
d,1789830872.8049572,1789830872.8817885
Key.space,1789830872.9040604,1789830872.9976506
w,1789830873.0632074,1789830873.1732059
o,1789830873.1742194,1789830873.2992465
u,1789830873.3612087,1789830873.4391527
l,1789830873.610487,1789830873.6947775
d,1789830873.757007,1789830873.8631794
Key.space,1789830873.8807771,1789830873.9721043
s,1789830874.0473576,1789830874.1814785
t,1789830874.2057946,1789830874.3129537
a,1789830874.2978458,1789830874.4096117
n,1789830874.442139,1789830874.5276825
d,1789830874.6433902,1789830874.737203
Key.space,1789830874.7422383,1789830874.843234
o,1789830875.084671,1789830875.2104695
f,1789830875.2386105,1789830875.3076918
f,1789830875.3923173,1789830875.4913778
Key.space,1789830875.5351186,1789830875.6284602
r,1789830875.7368512,1789830875.8261106
i,1789830875.845161,1789830875.948931
g,1789830876.008708,1789830876.098071
h,1789830876.0991118,1789830876.206649
t,1789830876.261673,1789830876.3679638
Key.space,1789830876.4070015,1789830876.4911864
t,1789830876.552234,1789830876.6439006
o,1789830876.661408,1789830876.7454505
o,1789830876.8576128,1789830876.9290838
Key.space,1789830877.0524573,1789830877.1384087
s,1789830877.1667352,1789830877.2689059
c,1789830877.2827501,1789830877.373298
h,1789830877.4151616,1789830877.4892979
o,1789830877.5266106,1789830877.586568
o,1789830877.652689,1789830877.6911278
o,1789830877.7602985,1789830877.8560367
l,1789830878.004107,1789830878.0460958
Key.backspace,1789830878.3781416,1789830878.419794
Key.backspace,1789830878.489582,1789830878.5635908
k,1789830878.6978507,1789830878.7633452
Key.backspace,1789830879.2245476,1789830879.2789404
l,1789830879.3842127,1789830879.4611533
k,1789830879.4061384,1789830879.4611533
=,1789830879.8695831,1789830879.9616938
Key.backspace,1789830880.2512043,1789830880.3077788
Key.backspace,1789830880.3913612,1789830880.4620397
Key.space,1789830880.670663,1789830880.7527058
i,1789830880.8667321,1789830880.9886227
c,1789830881.058885,1789830881.1494823
n,1789830881.2110422,1789830881.3112588
Key.backspace,1789830881.594007,1789830881.6540794
Key.backspace,1789830881.7133353,1789830881.803638
n,1789830881.9978628,1789830882.0798163
c,1789830882.103873,1789830882.2224314
r,1789830882.377363,1789830882.5491936
e,1789830882.4846385,1789830882.6067414
a,1789830882.5731776,1789830882.6925576
s,1789830882.7372518,1789830882.792492
e,1789830882.8912616,1789830882.9605677
Key.space,1789830883.0190046,1789830883.1089344
w,1789830883.1469007,1789830883.2411592
i,1789830883.2411592,1789830883.3436117
t,1789830883.4177554,1789830883.5042675
h,1789830883.508134,1789830883.5817664
Key.space,1789830883.7156343,1789830883.800083
f,1789830883.7959757,1789830883.9323354
e,1789830883.8901074,1789830883.974314
e,1789830884.0639906,1789830884.1376293
l,1789830884.1516888,1789830884.2742062
Key.space,1789830884.4122984,1789830884.519025
w,1789830884.6506007,1789830884.776776
e,1789830884.8192365,1789830884.8671415
r,1789830884.8192365,1789830884.8676467
l,1789830884.9211526,1789830885.0043428
Key.backspace,1789830885.2657974,1789830885.325644
Key.backspace,1789830885.451552,1789830885.5299597
l,1789830885.6975527,1789830885.7721827
l,1789830885.855859,1789830885.9250948
Key.space,1789830886.0974638,1789830886.1689303
c,1789830886.2214308,1789830886.3009539
o,1789830886.3590474,1789830886.4330988
u,1789830886.4930415,1789830886.562569
l,1789830886.7113261,1789830886.8009565
d,1789830886.8503587,1789830886.9527528
Key.space,1789830886.9603145,1789830887.0699794
p,1789830887.1760178,1789830887.2679963
r,1789830887.2953851,1789830887.4419544
e,1789830887.3989778,1789830887.4815588
s,1789830887.6140332,1789830887.6782546
e,1789830887.8184438,1789830887.912366
n,1789830887.986454,1789830888.0716074
t,1789830888.0760148,1789830888.164843
Key.space,1789830888.2372806,1789830888.3372726
g,1789830888.3407798,1789830888.4461927
r,1789830888.5535283,1789830888.678684
e,1789830888.6406214,1789830888.78743
a,1789830888.7189314,1789830888.854913
t,1789830888.8861396,1789830888.9676101
Key.space,1789830889.0412738,1789830889.1256404
g,1789830889.2018075,1789830889.28165
o,1789830889.3601165,1789830889.5098956
m,1789830889.5178292,1789830889.6254303
Key.backspace,1789830889.842777,1789830889.9028459
Key.backspace,1789830889.9865234,1789830890.080658
h,1789830890.1091802,1789830890.2112932
o,1789830890.2909184,1789830890.4109726
Key.backspace,1789830890.6411757,1789830890.702027
Key.backspace,1789830890.787953,1789830890.8573382
Key.backspace,1789830890.9456975,1789830891.0373585
h,1789830891.3178666,1789830891.411907
o,1789830891.426118,1789830891.5414479
m,1789830891.600445,1789830891.6726487
e,1789830891.7452471,1789830891.8607526
Key.space,1789830891.8870747,1789830891.985096
t,1789830892.210527,1789830892.2981956
h,1789830892.3492792,1789830892.4526792
a,1789830892.4907544,1789830892.6119373
t,1789830892.5615087,1789830892.65479
Key.space,1789830892.6992817,1789830892.7840056
s,1789830892.8457954,1789830892.9477625
h,1789830892.9487865,1789830893.0095274
o,1789830893.107893,1789830893.244144
u,1789830893.244144,1789830893.3072429
l,1789830893.4702325,1789830893.5510497
d,1789830893.5993037,1789830893.7092118
Key.space,1789830893.7509487,1789830893.830885
c,1789830893.8913286,1789830893.9713686
o,1789830894.004363,1789830894.0991502
u,1789830894.1592858,1789830894.2612448
r,1789830894.2612448,1789830894.393409
s,1789830894.412257,1789830894.522116
e,1789830894.6027045,1789830894.7143238
Key.space,1789830894.7143238,1789830894.7960558
b,1789830894.9055676,1789830894.9900858
a,1789830895.0112963,1789830895.1394904
c,1789830895.0817413,1789830895.1755958
k,1789830895.2142112,1789830895.2740388
Key.space,1789830895.408822,1789830895.4931915
o,1789830895.5889933,1789830895.672862
e,1789830895.7389038,1789830895.834361
p,1789830895.8686829,1789830895.9710429
Key.space,1789830896.142486,1789830896.1744175
Key.backspace,1789830896.4334304,1789830896.495328
Key.backspace,1789830896.5877676,1789830896.6593604
Key.backspace,1789830896.7416635,1789830896.8547666
p,1789830896.9020183,1789830897.0122585
e,1789830897.0563526,1789830897.1618767
n,1789830897.2735925,1789830897.3485353
Key.space,1789830897.487102,1789830897.542773
v,1789830897.6513252,1789830897.7453196
e,1789830897.7653725,1789830897.9364703
r,1789830897.9025593,1789830897.980431
h,1789830898.151099,1789830898.1711707
y,1789830898.0965664,1789830898.1852477
Key.space,1789830898.2106245,1789830898.2947974
w,1789830898.3683932,1789830898.48011
Key.backspace,1789830898.731496,1789830898.790229
Key.backspace,1789830898.8774579,1789830898.946796
Key.backspace,1789830899.025833,1789830899.130267
Key.space,1789830899.3234465,1789830899.407947
w,1789830899.4432492,1789830899.5451722
i,1789830899.5731785,1789830899.6764908
t,1789830899.6774912,1789830899.7874908
h,1789830899.821285,1789830899.9030194
o,1789830899.9826827,1789830900.10037
u,1789830900.1015606,1789830900.1885786
t,1789830900.2545774,1789830900.3602955
Key.space,1789830900.380086,1789830900.4633973
o,1789830900.5295486,1789830900.634013
f,1789830900.6558762,1789830900.722404
Key.space,1789830900.8274102,1789830900.9082615
b,1789830901.071878,1789830901.1702564
u,1789830901.1975715,1789830901.2958996
t,1789830901.3907008,1789830901.4994378
Key.space,1789830901.552755,1789830901.6225307
m,1789830901.7946477,1789830901.8889523
a,1789830901.926037,1789830902.0056398
n,1789830902.0717475,1789830902.1209023
Key.space,1789830902.2512202,1789830902.3234642
t,1789830902.3564997,1789830902.445661
h,1789830902.4980004,1789830902.5803294
e,1789830902.6185331,1789830902.7124302
Key.space,1789830902.7718625,1789830902.8320532
b,1789830902.940453,1789830903.0280228
u,1789830903.1069705,1789830903.1422927
t,1789830903.19244,1789830903.2763982
w,1789830903.4688294,1789830903.587286
Key.space,1789830903.5984604,1789830903.691087
Key.backspace,1789830904.179835,1789830904.1830478
Key.backspace,1789830904.2668467,1789830904.3506567
Key.space,1789830904.5881782,1789830904.6900492
w,1789830904.7213507,1789830904.870626
a,1789830904.8180745,1789830904.9293973
y,1789830905.0198298,1789830905.122179
Key.space,1789830905.2105565,1789830905.2658436
s,1789830905.4339738,1789830905.5574028
v,1789830905.719178,1789830905.736662
c,1789830905.719178,1789830905.77928
h,1789830905.85092,1789830905.9488287
o,1789830905.9904928,1789830906.0649035
Key.backspace,1789830906.3005207,1789830906.356998
Key.backspace,1789830906.4484684,1789830906.5112827
Key.backspace,1789830906.5748575,1789830906.6592472
h,1789830906.6864228,1789830906.7797778
o,1789830906.837356,1789830906.922383
o,1789830907.059984,1789830907.0756772
o,1789830907.2423327,1789830907.292554
Key.backspace,1789830907.570273,1789830907.6573741
l,1789830907.7367826,1789830907.8314438
Key.space,1789830908.0451932,1789830908.1152756
p,1789830908.2532322,1789830908.3552947
r,1789830908.3583744,1789830908.438852
Key.backspace,1789830908.715622,1789830908.7661712
Key.backspace,1789830908.845807,1789830908.9155018
o,1789830909.004046,1789830909.1060338
r,1789830909.1579535,1789830909.2284527
e,1789830909.4582312,1789830909.5742302
Key.backspace,1789830909.859195,1789830909.9385924
d,1789830909.9575033,1789830910.0654693
e,1789830910.0550497,1789830910.2510297
r,1789830910.186529,1789830910.2849064
Key.space,1789830910.374829,1789830910.4690914
t,1789830910.703715,1789830910.7842422
h,1789830910.830314,1789830910.9144638
e,1789830910.9560888,1789830911.045937
s,1789830911.3440728,1789830911.4041026
e,1789830911.5298655,1789830911.5881584
Key.space,1789830911.7204213,1789830911.8009944
a,1789830911.9186447,1789830912.027039
f,1789830912.076993,1789830912.1887314
t,1789830912.300958,1789830912.3857913
e,1789830912.3857913,1789830912.5726538
r,1789830912.4992008,1789830912.5980678
Key.space,1789830912.663615,1789830912.7442124
m,1789830912.8623416,1789830912.9416184
i,1789830913.029446,1789830913.1576824
g,1789830913.1474648,1789830913.23042
h,1789830913.2860775,1789830913.3663425
t,1789830913.4385326,1789830913.5163455
Key.space,1789830913.8791335,1789830913.9585195
y,1789830913.9971974,1789830914.110989
e,1789830914.1472619,1789830914.3047001
a,1789830914.2669363,1789830914.4500296
r,1789830914.4476635,1789830914.531939
Key.space,1789830914.6446116,1789830914.7101727
n,1789830914.8840709,1789830914.9576626
o,1789830915.0497546,1789830915.152415
Key.space,1789830915.2802782,1789830915.3887994
c,1789830915.4591236,1789830915.5427713
o,1789830915.5906794,1789830915.6917865
n,1789830915.7144654,1789830915.8133442
s,1789830915.856965,1789830915.9509187
i,1789830916.0204484,1789830916.1142712
d,1789830916.1309187,1789830916.2589467
e,1789830916.2390795,1789830916.427126
r,1789830916.392549,1789830916.46571
Key.space,1789830916.5198069,1789830916.6078632
h,1789830916.7815642,1789830916.8554587
e,1789830916.9423733,1789830917.0544677
Key.space,1789830917.0734181,1789830917.1503344
p,1789830917.306918,1789830917.3950524
r,1789830917.3950524,1789830917.4754353
o,1789830917.573149,1789830917.661038
b,1789830917.6823483,1789830917.7570813
l,1789830917.8462121,1789830917.9274073
e,1789830917.972884,1789830918.0675545
m,1789830918.0969844,1789830918.154651
Key.space,1789830918.299804,1789830918.356284
s,1789830918.373846,1789830918.4595532
h,1789830918.5616734,1789830918.646312
o,1789830918.6659045,1789830918.7724118
w,1789830918.8136365,1789830918.9158204
Key.space,1789830919.032069,1789830919.12551
f,1789830919.3227787,1789830919.3973517
a,1789830919.4246135,1789830919.564481
c,1789830919.5234134,1789830919.6105103
t,1789830919.7425747,1789830919.8148413
Key.space,1789830919.8687098,1789830919.9602897
v,1789830920.051094,1789830920.118268
e,1789830920.160395,1789830920.2163901
r,1789830920.73805,1789830920.8078413
y,1789830920.9659402,1789830921.0237956
Key.space,1789830921.1105688,1789830921.205145
n,1789830921.321444,1789830921.4108634
o,1789830921.4910085,1789830921.6093743
w,1789830921.6098778,1789830921.6831708
Key.space,1789830921.8845696,1789830921.9695523
p,1789830922.1124518,1789830922.2166536
l,1789830922.228295,1789830922.332403
a,1789830922.3075857,1789830922.4199755
y,1789830922.4677591,1789830922.590535
Key.space,1789830922.6578753,1789830922.7276428
w,1789830922.7863932,1789830922.9034407
h,1789830922.9150286,1789830922.995147
e,1789830923.0678158,1789830923.169035
n,1789830923.1586308,1789830923.218635
Key.space,1789830923.7525172,1789830923.8223987
h,1789830923.9898486,1789830924.0701284
e,1789830924.1433566,1789830924.2137043
Key.space,1789830924.2641,1789830924.3402076
w,1789830924.4165545,1789830924.5471823
h,1789830924.5481832,1789830924.6415923
a,1789830924.68755,1789830924.807501
t,1789830924.8271713,1789830924.902954
Key.space,1789830924.914519,1789830925.0025175
s,1789830925.0749812,1789830925.1702838
y,1789830925.23857,1789830925.3642921
s,1789830925.4027627,1789830925.4940753
t,1789830925.6441004,1789830925.772542
e,1789830925.772542,1789830925.882154
m,1789830925.9238625,1789830926.003718
Key.space,1789830926.1322854,1789830926.2076657
w,1789830926.227682,1789830926.3356407
h,1789830926.391406,1789830926.4752955
i,1789830926.5182528,1789830926.6175687
l,1789830926.7552805,1789830926.8547056
e,1789830926.8965626,1789830926.998975
Key.space,1789830927.0346222,1789830927.1284125
w,1789830927.16698,1789830927.2099895
e,1789830927.6159666,1789830927.7057931
h,1789830927.735786,1789830927.8022416
Key.backspace,1789830928.0614226,1789830928.1307783
Key.backspace,1789830928.1827924,1789830928.2671378
h,1789830928.4371765,1789830928.5069234
e,1789830928.5172467,1789830928.6250286
n,1789830928.6787758,1789830928.740991
Key.space,1789830928.8380525,1789830928.9321969
Key.esc,1789830932.0794058,1789830932.1558282
c,1789831140.0155532,1789831140.1178818
o,1789831140.083462,1789831140.2464538
m,1789831140.2886486,1789831140.3987458
e,1789831140.4112105,1789831140.5023134
Key.space,1789831140.571802,1789831140.6366713
g,1789831140.6712563,1789831140.8035295
e,1789831140.796784,1789831140.956941
t,1789831140.9050329,1789831141.0121632
Key.space,1789831141.0471568,1789831141.142051
a,1789831141.1616592,1789831141.2181993
n,1789831141.2698252,1789831141.3797526
o,1789831141.457542,1789831141.6234767
t,1789831141.5700936,1789831141.6854746
h,1789831141.699567,1789831141.805862
e,1789831141.8255267,1789831141.975119
r,1789831141.932983,1789831142.047162
Key.space,1789831142.0386388,1789831142.126763
e,1789831142.1445563,1789831142.2475615
y,1789831142.3690972,1789831142.4846108
e,1789831142.6194048,1789831142.7324326
Key.space,1789831142.778082,1789831142.8853471
w,1789831142.9470265,1789831143.1157258
a,1789831143.113615,1789831143.1985133
y,1789831143.3535655,1789831143.446081
Key.space,1789831143.501343,1789831143.601454
w,1789831143.6289437,1789831143.7323203
h,1789831143.7690446,1789831143.8668723
e,1789831143.8906164,1789831143.9752233
n,1789831144.0307498,1789831144.0729144
n,1789831144.22133,1789831144.314657
Key.backspace,1789831144.7851956,1789831144.8494062
Key.space,1789831145.0335433,1789831145.1082265
t,1789831145.156061,1789831145.2363071
h,1789831145.2638266,1789831145.3617425
i,1789831145.3874054,1789831145.5514054
n,1789831145.5480194,1789831145.6232715
l,1789831145.7733784,1789831145.8189218
Key.backspace,1789831146.2729473,1789831146.3387835
k,1789831146.449432,1789831146.5200386
Key.space,1789831146.7517092,1789831146.8567357
w,1789831146.8715136,1789831147.0535152
a,1789831146.9976957,1789831147.1278098
n,1789831147.1563964,1789831147.2592294
t,1789831147.2727115,1789831147.3632083
Key.space,1789831147.427134,1789831147.4828284
m,1789831147.6126273,1789831147.7013602
a,1789831147.7169416,1789831147.8053463
k,1789831147.8390949,1789831147.930571
e,1789831147.9685674,1789831148.0599756
Key.space,1789831148.1039507,1789831148.167831
i,1789831148.2420983,1789831148.357737
f,1789831148.3720517,1789831148.4784718
Key.space,1789831148.4618757,1789831148.5424988
h,1789831148.67381,1789831148.7551212
e,1789831148.8007526,1789831148.9005287
Key.space,1789831148.899136,1789831148.9547377
o,1789831149.1507883,1789831149.2589474
n,1789831149.2348635,1789831149.294816
p,1789831149.4130251,1789831149.4752507
Key.backspace,1789831149.7976081,1789831149.8782396
l,1789831150.0013528,1789831150.0815537
y,1789831150.061546,1789831150.1561003
Key.space,1789831150.2798748,1789831150.3548074
j,1789831150.5008397,1789831150.59952
u,1789831150.6670866,1789831150.769129
s,1789831150.7701387,1789831150.8849204
t,1789831150.9048572,1789831150.9869578
Key.space,1789831151.0930986,1789831151.1810207
m,1789831151.2861428,1789831151.36947
u,1789831151.4801574,1789831151.6001124
s,1789831151.610431,1789831151.7954848
t,1789831151.7534208,1789831151.8562524
Key.space,1789831151.8494406,1789831151.929814
n,1789831152.0324404,1789831152.1188235
e,1789831152.084835,1789831152.1890821
v,1789831152.1725976,1789831152.2915502
e,1789831152.282893,1789831152.4597406
r,1789831152.4025052,1789831152.5067096
Key.space,1789831152.5225008,1789831152.616808
c,1789831152.7332485,1789831152.785234
o,1789831152.7912772,1789831152.9234273
m,1789831152.9293675,1789831153.0234802
e,1789831153.0643852,1789831153.1596024
Key.space,1789831153.2132685,1789831153.3001974
d,1789831153.458487,1789831153.537681
o,1789831153.5243452,1789831153.6323016
Key.space,1789831153.713455,1789831153.8092144
p,1789831153.9224193,1789831154.0252726
u,1789831154.1554797,1789831154.2314506
b,1789831154.2632473,1789831154.3473616
l,1789831154.4131389,1789831154.4912057
i,1789831154.6341388,1789831154.7439196
c,1789831154.77178,1789831154.824505
Key.space,1789831154.8737483,1789831154.9755712
t,1789831155.1364245,1789831155.2265158
u,1789831155.271685,1789831155.3876238
r,1789831155.4682217,1789831155.521432
n,1789831155.5713851,1789831155.6648197
Key.space,1789831155.7951834,1789831155.8685744
b,1789831155.9847627,1789831156.0422966
u,1789831156.0904348,1789831156.2435908
t,1789831156.2435908,1789831156.2848444
Key.space,1789831156.3556316,1789831156.429646
b,1789831156.5244617,1789831156.6122937
e,1789831156.636064,1789831156.7354822
Key.space,1789831156.7476585,1789831156.8358858
a,1789831156.874732,1789831156.9500282
l,1789831157.0352075,1789831157.0951886
l,1789831157.1596792,1789831157.2291508
Key.space,1789831157.3725886,1789831157.4471264
s,1789831157.4687371,1789831157.592333
a,1789831157.5936759,1789831157.687059
m,1789831157.7225053,1789831157.8033147
e,1789831157.875519,1789831157.9454556
Key.space,1789831157.9511323,1789831158.0419753
e,1789831158.0818725,1789831158.2643914
a,1789831158.187804,1789831158.3496263
r,1789831158.3486133,1789831158.369761
l,1789831158.420325,1789831158.5141094
y,1789831158.5301838,1789831158.6285734
Key.space,1789831158.7109563,1789831158.792502
m,1789831158.8745914,1789831158.9530134
o,1789831158.9768836,1789831159.1095395
s,1789831159.1204324,1789831159.2212477
t,1789831159.1750922,1789831159.3030457
Key.space,1789831159.2977366,1789831159.411716
h,1789831159.4878993,1789831159.565353
i,1789831159.5963242,1789831159.7160962
g,1789831159.7684414,1789831159.85168
h,1789831159.912372,1789831159.9760828
Key.space,1789831160.105106,1789831160.1805346
h,1789831160.3292468,1789831160.3971872
o,1789831160.4534588,1789831160.5744128
w,1789831160.5429156,1789831160.6050804
e,1789831160.7354705,1789831160.7985435
v,1789831160.8552876,1789831160.9906123
e,1789831161.0020468,1789831161.1640267
r,1789831161.1418943,1789831161.2161157
Key.space,1789831161.3115797,1789831161.3961468
a,1789831161.5284672,1789831161.6300366
r,1789831161.6420004,1789831161.7249324
o,1789831161.8005748,1789831161.8991086
u,1789831162.0147357,1789831162.1026242
n,1789831162.1384695,1789831162.2287939
d,1789831162.2607286,1789831162.3417902
Key.space,1789831162.377259,1789831162.4506454
a,1789831162.481176,1789831162.5726168
b,1789831162.6019003,1789831162.6955822
o,1789831162.8041992,1789831162.9261515
u,1789831162.9460313,1789831163.0341148
t,1789831163.35245,1789831163.3896546
Key.space,1789831163.5323126,1789831163.6157594
d,1789831163.6544116,1789831163.7609723
v,1789831163.891041,1789831163.9664955
e,1789831163.7532694,1789831164.0194519
l,1789831164.013088,1789831164.0858111
o,1789831164.1924193,1789831164.262204
Key.backspace,1789831164.6521392,1789831164.7297728
Key.backspace,1789831164.8415253,1789831164.9299607
e,1789831165.0002096,1789831165.094922
l,1789831165.113066,1789831165.2111802
o,1789831165.3186843,1789831165.3827794
p,1789831165.4673774,1789831165.5387485
Key.space,1789831165.7609572,1789831165.8390248
w,1789831166.0514317,1789831166.1676192
h,1789831166.171694,1789831166.2566981
i,1789831166.2796047,1789831166.434203
c,1789831166.4103155,1789831166.4981935
h,1789831166.5135076,1789831166.5644805
Key.space,1789831166.7138267,1789831166.7878253
t,1789831166.8036244,1789831166.8888104
h,1789831166.939026,1789831167.0045516
i,1789831167.0325935,1789831167.165219
m,1789831167.209698,1789831167.2570193
Key.backspace,1789831167.636495,1789831167.7334104
n,1789831167.724676,1789831167.826943
k,1789831167.906576,1789831167.9762611
l,1789831167.9075878,1789831167.9762611
Key.backspace,1789831168.32348,1789831168.4117038
Key.space,1789831168.6386092,1789831168.7331293
p,1789831168.8951712,1789831169.0132518
r,1789831168.9913116,1789831169.1311076
e,1789831169.0686748,1789831169.16708
s,1789831169.261252,1789831169.3394775
e,1789831169.4430313,1789831169.5245001
n,1789831169.6383479,1789831169.7357914
t,1789831169.751704,1789831169.8406062
Key.space,1789831169.8722134,1789831169.9482272
t,1789831169.9579363,1789831170.0243762
o,1789831170.0841844,1789831170.1476226
o,1789831170.2177138,1789831170.3161082
Key.space,1789831170.4646316,1789831170.5487354
d,1789831170.5331688,1789831170.6490636
e,1789831170.6455932,1789831170.8173394
v,1789831170.7795148,1789831170.8630145
e,1789831170.8692849,1789831170.9349413
l,1789831170.9093287,1789831171.0093203
o,1789831171.1213555,1789831171.1850152
p,1789831171.271622,1789831171.356616
Key.space,1789831171.5332375,1789831171.6102076
m,1789831171.7276275,1789831171.7982054
i,1789831171.854143,1789831171.9718246
g,1789831171.9705274,1789831172.0638914
h,1789831172.102478,1789831172.1836586
t,1789831172.225643,1789831172.299506
Key.space,1789831172.3495436,1789831172.4127505
l,1789831172.5773895,1789831172.639409
i,1789831172.779096,1789831172.8392582
t,1789831172.8764997,1789831172.93672
t,1789831173.128257,1789831173.2000265
l,1789831173.2981858,1789831173.400502
e,1789831173.4525423,1789831173.5316029
Key.space,1789831173.6521978,1789831173.7302134
h,1789831173.8685045,1789831173.956509
o,1789831173.9977686,1789831174.1432204
u,1789831174.1432204,1789831174.2146094
s,1789831174.216912,1789831174.2928567
e,1789831174.3833144,1789831174.4808288
Key.space,1789831174.4791982,1789831174.5883632
t,1789831174.6208074,1789831174.7056668
h,1789831174.721307,1789831174.7935448
i,1789831174.816765,1789831174.9907472
n,1789831174.9779027,1789831175.0496535
g,1789831175.0999613,1789831175.1800883
Key.space,1789831175.240079,1789831175.3097515
c,1789831175.4695373,1789831175.5258665
o,1789831175.4975064,1789831175.5674691
o,1789831175.6522496,1789831175.6803696
u,1789831175.7538283,1789831175.830285
l,1789831175.9990351,1789831176.0533097
Key.backspace,1789831176.2264476,1789831176.2931955
Key.backspace,1789831176.3732677,1789831176.4425914
Key.backspace,1789831176.507003,1789831176.60117
u,1789831176.933598,1789831177.0304365
l,1789831177.1762831,1789831177.2725492
d,1789831177.3238294,1789831177.4123507
Key.space,1789831177.4440885,1789831177.528061
o,1789831177.786777,1789831177.8843222
n,1789831177.945032,1789831178.001465
Key.space,1789831178.12138,1789831178.179175
a,1789831178.2263684,1789831178.3154178
l,1789831178.3780677,1789831178.416944
s,1789831178.5292823,1789831178.6103747
o,1789831178.6103747,1789831178.7272162
Key.space,1789831178.8700864,1789831178.9585972
n,1789831179.1463912,1789831179.2546887
u,1789831179.2961633,1789831179.4251947
m,1789831179.4817717,1789831179.5709112
b,1789831179.6975138,1789831179.7869837
e,1789831179.773167,1789831179.898947
r,1789831179.8427286,1789831179.932732
Key.space,1789831179.9767342,1789831180.055269
g,1789831180.1330109,1789831180.2215714
r,1789831180.3289394,1789831180.4694808
e,1789831180.407301,1789831180.6003695
a,1789831180.509494,1789831180.6384037
t,1789831180.600872,1789831180.7016947
Key.space,1789831180.720178,1789831180.8079386
t,1789831180.833691,1789831180.9000494
h,1789831180.9433255,1789831181.0299761
o,1789831181.0680604,1789831181.201518
s,1789831181.1602862,1789831181.2405217
e,1789831181.3375955,1789831181.4124215
Key.space,1789831181.4197137,1789831181.52919
b,1789831181.6080203,1789831181.696823
e,1789831181.6652436,1789831181.8190901
t,1789831181.7945933,1789831181.8708186
w,1789831181.9730487,1789831182.1235526
e,1789831182.0813596,1789831182.175273
e,1789831182.3131433,1789831182.3651602
n,1789831182.5812287,1789831182.6543162
Key.space,1789831182.776248,1789831182.8401616
y,1789831182.9263551,1789831183.0519173
e,1789831183.1365037,1789831183.3005486
a,1789831183.2421029,1789831183.3928306
r,1789831183.3571725,1789831183.4491303
Key.space,1789831183.491214,1789831183.5734038
b,1789831183.681205,1789831183.7673073
e,1789831183.772661,1789831183.878966
Key.space,1789831183.9010818,1789831183.9751606
t,1789831184.0231376,1789831184.0892773
h,1789831184.1114144,1789831184.1955788
i,1789831184.2255027,1789831184.3520114
s,1789831184.360242,1789831184.4538076
Key.space,1789831184.4699583,1789831184.563376
s,1789831184.5750232,1789831184.6879895
y,1789831184.7583203,1789831184.8461926
s,1789831184.9477413,1789831185.0417256
t,1789831185.0661366,1789831185.1876795
e,1789831185.2288513,1789831185.3376753
m,1789831185.4067984,1789831185.4624066
",",1789831185.4080722,1789831185.4637895
Key.backspace,1789831185.9164555,1789831185.99061
Key.space,1789831186.1900678,1789831186.2699995
p,1789831186.3783085,1789831186.4916534
l,1789831186.5318863,1789831186.61599
a,1789831186.5980885,1789831186.676026
n,1789831186.8504982,1789831186.91818
Key.space,1789831187.0349653,1789831187.082849
p,1789831187.2055922,1789831187.345499
l,1789831187.326953,1789831187.4215617
a,1789831187.390771,1789831187.5057077
c,1789831187.48128,1789831187.608483
e,1789831187.593477,1789831187.6870606
Key.space,1789831187.6897948,1789831187.7595375
o,1789831187.8821197,1789831187.947005
p,1789831188.04229,1789831188.1405892
e,1789831188.1684554,1789831188.2442863
n,1789831188.2832823,1789831188.3478882
Key.space,1789831188.4596126,1789831188.526156
w,1789831188.5796375,1789831188.6776505
o,1789831188.6788583,1789831188.7836852
r,1789831188.802016,1789831188.8639708
l,1789831188.9424715,1789831189.0161905
d,1789831189.0779352,1789831189.1344278
Key.space,1789831189.1792502,1789831189.244913
m,1789831189.343568,1789831189.4234226
a,1789831189.415021,1789831189.5071836
k,1789831189.5593855,1789831189.633732
e,1789831189.6297307,1789831189.7010016
Key.space,1789831189.7805755,1789831189.839507
w,1789831189.9985824,1789831190.0209086
i,1789831190.0223227,1789831190.0971198
l,1789831190.2368221,1789831190.2844799
l,1789831190.3585625,1789831190.4380207
Key.space,1789831190.5757542,1789831190.6282647
l,1789831190.760582,1789831190.8577385
a,1789831190.8261132,1789831190.9837751
s,1789831190.9140582,1789831191.1202939
t,1789831191.0862067,1789831191.1713722
Key.space,1789831191.2534652,1789831191.3332524
o,1789831191.4105825,1789831191.51725
w,1789831191.51725,1789831191.6067126
n,1789831191.6714637,1789831191.6891842
Key.space,1789831191.8269138,1789831191.9388723
b,1789831192.097141,1789831192.1554227
e,1789831192.1605082,1789831192.2451706
Key.space,1789831192.2675128,1789831192.3318622
u,1789831192.4420106,1789831192.560477
n,1789831192.5482557,1789831192.6317146
d,1789831192.6602294,1789831192.7536523
e,1789831192.7260408,1789831192.8903668
r,1789831192.847941,1789831192.9377856
Key.space,1789831192.9622278,1789831193.048386
c,1789831193.114282,1789831193.187878
a,1789831193.2057824,1789831193.2780914
n,1789831193.2730784,1789831193.3330386
Key.space,1789831193.4589024,1789831193.5094314
w,1789831193.5627363,1789831193.6746747
o,1789831193.755776,1789831193.8537178
r,1789831193.8537178,1789831193.9236498
k,1789831193.9450674,1789831194.011554
Key.space,1789831194.1266148,1789831194.226367
a,1789831194.249876,1789831194.351646
g,1789831194.4041588,1789831194.4684954
a,1789831194.5302794,1789831194.5545478
i,1789831194.5777175,1789831194.6624408
n,1789831194.6700084,1789831194.7303984
Key.space,1789831194.8279736,1789831194.9118567
s,1789831195.0196755,1789831195.132368
a,1789831195.2545245,1789831195.2812629
m,1789831195.4071674,1789831195.486724
Key.backspace,1789831195.6646261,1789831195.7231565
Key.backspace,1789831195.783157,1789831195.8568463
m,1789831196.0160837,1789831196.10453
a,1789831196.1358383,1789831196.2303083
l,1789831196.2579997,1789831196.320608
l,1789831196.3842134,1789831196.4498298
Key.space,1789831196.5938492,1789831196.6580532
t,1789831196.7159476,1789831196.7957728
h,1789831196.8319092,1789831196.9095843
r,1789831196.9889376,1789831197.0532317
o,1789831197.0911324,1789831197.2635734
u,1789831197.2307518,1789831197.3534977
g,1789831197.354504,1789831197.4354622
h,1789831197.494821,1789831197.5648623
Key.space,1789831197.6946604,1789831197.7656214
c,1789831197.8041337,1789831197.9026794
a,1789831197.9161036,1789831198.0004609
n,1789831198.0139832,1789831198.0890148
Key.space,1789831198.1916227,1789831198.2516174
c,1789831198.2662787,1789831198.3181145
o,1789831198.4137273,1789831198.500421
m,1789831198.5086625,1789831198.6478655
e,1789831198.701744,1789831198.7815778
Key.space,1789831198.8444562,1789831198.9245498
s,1789831198.9453099,1789831199.0610309
a,1789831199.0622387,1789831199.148668
y,1789831199.2534385,1789831199.3566437
Key.space,1789831199.3973377,1789831199.4845219
s,1789831199.6408622,1789831199.7443159
a,1789831199.7205842,1789831199.818229
Key.backspace,1789831200.051767,1789831200.1102593
Key.backspace,1789831200.1698751,1789831200.2625117
a,1789831200.2337062,1789831200.3889675
s,1789831200.3120701,1789831200.4338655
Key.space,1789831200.4789217,1789831200.539592
p,1789831200.64667,1789831200.7595806
a,1789831200.7566605,1789831200.8931596
r,1789831200.8326683,1789831200.931478
t,1789831201.0368912,1789831201.1069553
Key.space,1789831201.1249793,1789831201.205568
l,1789831201.3367462,1789831201.4330816
a,1789831201.4073722,1789831201.579645
s,1789831201.5340734,1789831201.65982
t,1789831201.6679556,1789831201.747756
Key.space,1789831201.7601986,1789831201.84785
a,1789831201.8962657,1789831202.0049188
t,1789831202.0597887,1789831202.1316671
Key.space,1789831202.2279725,1789831202.3234355
m,1789831202.4458632,1789831202.577039
a,1789831202.596863,1789831202.7096481
y,1789831202.8410463,1789831202.916942
Key.space,1789831203.0110872,1789831203.1105378
a,1789831203.162851,1789831203.2789156
g,1789831203.3067272,1789831203.3950372
a,1789831203.4396067,1789831203.536355
i,1789831203.4951577,1789831203.6305685
n,1789831203.6305685,1789831203.6797276
Key.space,1789831203.7820952,1789831203.8520334
m,1789831203.966428,1789831204.0638535
e,1789831204.0283873,1789831204.1720467
a,1789831204.1021578,1789831204.2237692
n,1789831204.227838,1789831204.3025198
Key.space,1789831204.4081137,1789831204.4549737
t,1789831204.4666705,1789831204.5432696
o,1789831204.5608668,1789831204.6267436
o,1789831204.722735,1789831204.781575
Key.space,1789831204.8809874,1789831204.9550343
u,1789831205.040712,1789831205.1015985
i,1789831205.0417163,1789831205.1036565
s,1789831205.0836046,1789831205.1815865
e,1789831205.2568161,1789831205.3540182
Key.space,1789831205.3480804,1789831205.3937259
Key.backspace,1789831205.6437316,1789831205.7126782
Key.backspace,1789831205.793765,1789831205.856228
Key.backspace,1789831205.9438674,1789831206.0044825
Key.backspace,1789831206.0785487,1789831206.15461
s,1789831206.1345139,1789831206.2271357
e,1789831206.3087392,1789831206.3915863
Key.space,1789831206.3946006,1789831206.465209
w,1789831206.5372374,1789831206.6216252
o,1789831206.6013663,1789831206.7013414
r,1789831206.7668312,1789831206.8309705
l,1789831206.8594637,1789831206.9372933
d,1789831207.000412,1789831207.0837345
Key.space,1789831207.1062455,1789831207.17587
h,1789831207.2520688,1789831207.3221602
i,1789831207.3724086,1789831207.4982677
g,1789831207.8048482,1789831207.8452082
h,1789831207.8462946,1789831207.9233198
Key.space,1789831208.1020288,1789831208.1696935
g,1789831208.8447614,1789831208.8920503
o,1789831208.9242334,1789831209.0258007
v,1789831209.03993,1789831209.1522698
e,1789831209.2137933,1789831209.3577192
r,1789831209.3201554,1789831209.41031
n,1789831209.4435813,1789831209.5207663
Key.space,1789831209.640647,1789831209.6993654
h,1789831209.8169088,1789831209.9086633
o,1789831209.9392738,1789831210.059059
m,1789831210.0715914,1789831210.1413987
e,1789831210.171395,1789831210.255856
Key.space,1789831210.2954922,1789831210.366223
a,1789831210.545938,1789831210.6618297
g,1789831210.6628656,1789831210.73634
h,1789831210.6628656,1789831210.7373402
a,1789831210.7373402,1789831210.8382468
i,1789831210.910246,1789831210.994053
n,1789831210.9640746,1789831211.0362442
Key.backspace,1789831211.2648556,1789831211.3229682
Key.backspace,1789831211.410738,1789831211.4768913
Key.backspace,1789831211.5592742,1789831211.6247125
Key.backspace,1789831211.6765966,1789831211.7472882
a,1789831211.8682232,1789831211.9279242
i,1789831212.0925257,1789831212.1804311
n,1789831212.2688963,1789831212.3239934
Key.space,1789831212.432009,1789831212.5065212
s,1789831212.5362349,1789831212.618419
e,1789831212.7087848,1789831212.7931428
e,1789831212.8549955,1789831212.9363985
Key.space,1789831213.0010352,1789831213.0812812
a,1789831213.1011214,1789831213.1892765
n,1789831213.1987581,1789831213.2912724
d,1789831213.3890705,1789831213.4756696
Key.space,1789831213.5048988,1789831213.586104
a,1789831213.588121,1789831213.6761525
n,1789831213.6984,1789831213.7744715
y,1789831213.8504875,1789831213.9519973
Key.space,1789831213.9683769,1789831214.0443916
p,1789831214.2183523,1789831214.3200815
l,1789831214.3210917,1789831214.4053335
a,1789831214.475451,1789831214.569676
n,1789831214.5950735,1789831214.6569543
Key.space,1789831214.7593956,1789831214.8271425
i,1789831214.9017534,1789831215.0035262
n,1789831215.004834,1789831215.0907888
t,1789831215.154123,1789831215.207493
o,1789831215.207493,1789831215.2879174
Key.space,1789831215.3698685,1789831215.457745
b,1789831215.6034636,1789831215.6883123
a,1789831215.6939356,1789831215.8101318
c,1789831215.7398233,1789831215.8239393
k,1789831215.8757973,1789831215.9559436
Key.space,1789831216.0983112,1789831216.160899
g,1789831216.210155,1789831216.2699032
o,1789831216.3213146,1789831216.3575764
o,1789831216.4477258,1789831216.5356195
d,1789831216.5854495,1789831216.6374133
Key.space,1789831216.705227,1789831216.7329354
i,1789831217.2959542,1789831217.4101596
n,1789831217.417797,1789831217.5008903
t,1789831217.5343325,1789831217.6204343
o,1789831217.6204343,1789831217.7087083
Key.space,1789831217.8255222,1789831217.89232
o,1789831217.975574,1789831218.0635886
t,1789831218.0833921,1789831218.1813273
h,1789831218.185753,1789831218.2726793
e,1789831218.3138497,1789831218.4088273
r,1789831218.360998,1789831218.451531
Key.space,1789831218.4712317,1789831218.5407548
i,1789831218.6053507,1789831218.7115417
n,1789831218.7252889,1789831218.7677212
Key.space,1789831218.8515904,1789831218.9577367
w,1789831219.0406055,1789831219.16235
i,1789831219.16235,1789831219.2784293
t,1789831219.2784293,1789831219.3637953
h,1789831219.366303,1789831219.4039936
o,1789831219.4883552,1789831219.6321046
u,1789831219.6331117,1789831219.7166095
t,1789831219.776577,1789831219.8489716
Key.space,1789831219.893192,1789831219.9765537
c,1789831220.0108624,1789831220.0932407
a,1789831220.0809243,1789831220.1789548
l,1789831220.1799626,1789831220.2449632
l,1789831220.309265,1789831220.399306
Key.space,1789831220.5050173,1789831220.5731635
h,1789831220.6041343,1789831220.6695268
i,1789831220.7148254,1789831220.8027074
g,1789831220.8422446,1789831220.8945823
h,1789831220.8945823,1789831220.9746363
Key.space,1789831221.1298234,1789831221.2044358
n,1789831221.3043911,1789831221.3687704
o,1789831221.4410534,1789831221.5246105
Key.space,1789831221.6246853,1789831221.6966202
e,1789831221.7355597,1789831221.856974
y,1789831221.8793447,1789831221.9627607
e,1789831222.4796598,1789831222.5819662
Key.space,1789831222.6680877,1789831222.7280533
l,1789831222.9342303,1789831223.0043597
i,1789831223.1320455,1789831223.206518
t,1789831223.206518,1789831223.2826457
t,1789831223.3660336,1789831223.4302201
l,1789831223.4314709,1789831223.5284014
e,1789831223.6473436,1789831223.7540555
Key.space,1789831223.806623,1789831223.8815546
a,1789831223.893365,1789831223.9777055
l,1789831224.0553832,1789831224.09755
l,1789831224.1733456,1789831224.252713
Key.space,1789831224.420133,1789831224.4662855
f,1789831224.5138485,1789831224.6119664
i,1789831224.6638243,1789831224.747812
r,1789831224.748828,1789831224.8679385
s,1789831224.8606682,1789831225.0242548
t,1789831224.9898894,1789831225.0744019
Key.space,1789831225.1020932,1789831225.186324
c,1789831225.232672,1789831225.3124828
a,1789831225.3403978,1789831225.462442
l,1789831225.405958,1789831225.4634583
l,1789831225.5517702,1789831225.6283984
Key.space,1789831225.755278,1789831225.8286688
a,1789831225.7951822,1789831225.995648
s,1789831225.9216857,1789831226.0372021
k,1789831226.0190687,1789831226.0890536
Key.space,1789831226.2096472,1789831226.278929
o,1789831226.541505,1789831226.679671
l,1789831226.7325106,1789831226.8262208
d,1789831226.895794,1789831226.975858
Key.space,1789831227.0344796,1789831227.1196516
l,1789831227.2562563,1789831227.354023
a,1789831227.3083894,1789831227.4849799
s,1789831227.4039705,1789831227.5642266
t,1789831227.5924811,1789831227.7186213
Key.space,1789831227.7171166,1789831227.755236
t,1789831227.8072956,1789831227.8831477
h,1789831227.9250777,1789831227.9757342
i,1789831228.0198016,1789831228.167549
n,1789831228.1508708,1789831228.2374923
g,1789831228.3256915,1789831228.4233983
Key.space,1789831228.494264,1789831228.562045
o,1789831228.672479,1789831228.7855866
Key.space,1789831228.996497,1789831229.051713
Key.backspace,1789831229.476566,1789831229.5415423
Key.backspace,1789831229.5786386,1789831229.683191
f,1789831229.7230463,1789831229.8361223
Key.backspace,1789831230.0874348,1789831230.1352897
o,1789831230.303874,1789831230.392554
f,1789831230.4522088,1789831230.5683124
Key.space,1789831230.6038296,1789831230.6799111
a,1789831230.7279866,1789831230.8105698
n,1789831230.8722956,1789831230.9285967
d,1789831230.964172,1789831231.0446374
Key.space,1789831231.0909016,1789831231.1616046
s,1789831231.1677012,1789831231.2836857
c,1789831231.2967703,1789831231.3628874
h,1789831231.3809526,1789831231.422961
o,1789831231.5129302,1789831231.7175639
o,1789831232.218027,1789831232.3120024
l,1789831232.4321988,1789831232.5222034
Key.space,1789831232.6839607,1789831232.7551842
t,1789831232.8109822,1789831232.9444175
h,1789831232.9652812,1789831233.0030758
i,1789831233.0349662,1789831233.185123
n,1789831233.2633903,1789831233.3521278
g,1789831233.4096413,1789831233.5012214
Key.space,1789831233.557838,1789831233.6357224
l,1789831233.7919173,1789831233.8623269
i,1789831233.994216,1789831234.0602343
f,1789831234.0716655,1789831234.2260532
e,1789831234.1443214,1789831234.256134
Key.space,1789831234.3044207,1789831234.3888955
s,1789831234.4127388,1789831234.5127673
h,1789831234.5817013,1789831234.6535408
e,1789831234.6754434,1789831234.751069
Key.space,1789831234.860395,1789831234.9633949
w,1789831235.0250947,1789831235.0777373
h,1789831235.1897495,1789831235.2366674
e,1789831235.2366674,1789831235.330418
r,1789831235.3315885,1789831235.4843352
e,1789831235.4484053,1789831235.5683775
Key.space,1789831235.5621307,1789831235.6545253
f,1789831235.6943948,1789831235.792395
e,1789831235.7682366,1789831235.862166
e,1789831235.928018,1789831236.0603077
l,1789831236.0603077,1789831236.1158676
Key.space,1789831236.2675266,1789831236.332946
a,1789831236.4230764,1789831236.507175
n,1789831236.543644,1789831236.6272526
g,1789831236.711061,1789831236.809025
Key.space,1789831236.8790293,1789831236.9542353
t,1789831237.0162437,1789831237.11075
h,1789831237.11075,1789831237.1899896
Key.backspace,1789831237.448778,1789831237.515868
Key.backspace,1789831237.5998187,1789831237.657915
Key.backspace,1789831237.7363355,1789831237.8442395
Key.backspace,1789831238.0831382,1789831238.185302
d,1789831238.2351303,1789831238.3428342
Key.space,1789831238.3867064,1789831238.4715362
t,1789831238.5534582,1789831238.6408262
h,1789831238.6733181,1789831238.7354772
u,1789831238.7633965,1789831238.822974
i,1789831238.7633965,1789831238.9245877
n,1789831238.9502797,1789831239.0303197
g,1789831239.058347,1789831239.1357238
Key.backspace,1789831239.351809,1789831239.4226034
Key.backspace,1789831239.5058231,1789831239.5763168
Key.backspace,1789831239.6604016,1789831239.7605934
Key.backspace,1789831239.9849448,1789831240.066799
i,1789831240.285007,1789831240.3510582
n,1789831240.4818494,1789831240.547248
g,1789831240.6552472,1789831240.7546651
Key.space,1789831240.8318202,1789831240.8843656
m,1789831241.059865,1789831241.107957
u,1789831241.534622,1789831241.6654253
c,1789831241.7497349,1789831241.8515182
Key.space,1789831242.07423,1789831242.1454546
p,1789831242.2988615,1789831242.4039023
e,1789831242.4049087,1789831242.530592
r,1789831242.4317713,1789831242.5315983
Key.backspace,1789831242.6936977,1789831242.7596316
Key.backspace,1789831242.8519256,1789831242.9224215
Key.backspace,1789831243.0020475,1789831243.0662858
Key.backspace,1789831243.1364188,1789831243.216803
Key.backspace,1789831243.2911553,1789831243.3469536
h,1789831243.3895931,1789831243.4834428
Key.backspace,1789831243.832873,1789831243.9266956
c,1789831243.9957125,1789831244.093824
h,1789831244.125916,1789831244.2106316
Key.space,1789831244.3776824,1789831244.4280007
p,1789831244.561887,1789831244.6740725
e,1789831244.6559155,1789831244.7680616
r,1789831244.716907,1789831244.8104873
s,1789831244.883956,1789831244.9820771
o,1789831244.9493294,1789831245.049118
n,1789831245.1255724,1789831245.1734912
Key.space,1789831245.2693844,1789831245.331054
y,1789831245.631799,1789831245.757644
e,1789831245.7393396,1789831245.8754199
a,1789831245.781229,1789831245.920926
r,1789831245.8977633,1789831245.9846325
Key.space,1789831246.0038948,1789831246.0822053
o,1789831246.3105764,1789831246.4221215
g,1789831246.480224,1789831246.6107194
Key.backspace,1789831246.8896327,1789831246.9513848
Key.backspace,1789831247.0195565,1789831247.1232977
g,1789831247.4077718,1789831247.4851494
o,1789831247.501758,1789831247.6109698
v,1789831247.6609538,1789831247.765764
e,1789831247.7667701,1789831247.9361207
r,1789831247.8927274,1789831247.982436
n,1789831248.004624,1789831248.082247
Key.space,1789831248.2137902,1789831248.274557
t,1789831248.3359673,1789831248.4264867
h,1789831248.4661975,1789831248.5425353
a,1789831248.5844076,1789831248.7073386
n,1789831248.7073386,1789831248.7608774
Key.space,1789831248.8869739,1789831248.9688153
t,1789831249.1593661,1789831249.2536254
h,1789831249.2888684,1789831249.3595405
i,1789831249.383428,1789831249.556677
n,1789831249.5287147,1789831249.620143
g,1789831249.606368,1789831249.6863065
Key.space,1789831249.7462902,1789831249.796193
u,1789831249.8698223,1789831249.990955
s,1789831249.990955,1789831250.0699286
e,1789831250.172447,1789831250.2744522
Key.space,1789831250.2021334,1789831250.31458
h,1789831250.4430099,1789831250.5278203
i,1789831250.5654569,1789831250.7096467
g,1789831250.6525817,1789831250.7332833
h,1789831250.7943478,1789831250.79825
Key.space,1789831250.9887013,1789831251.0715039
t,1789831251.1069877,1789831251.201394
h,1789831251.224082,1789831251.3162544
e,1789831251.3421283,1789831251.440267
r,1789831251.38393,1789831251.5566964
e,1789831251.5286772,1789831251.6260123
Key.space,1789831251.634484,1789831251.7218163
g,1789831251.8720462,1789831251.931547
o,1789831251.9619632,1789831252.022822
o,1789831252.1072671,1789831252.205729
d,1789831252.2436361,1789831252.3030217
f,1789831252.2436361,1789831252.304043
Key.space,1789831252.3471062,1789831252.4196632
Key.backspace,1789831252.7895067,1789831252.8492773
Key.backspace,1789831252.9192588,1789831253.0106823
Key.space,1789831253.230193,1789831253.3023782
c,1789831253.3443031,1789831253.4786415
a,1789831253.4342182,1789831253.5368054
n,1789831253.520308,1789831253.5859528
Key.space,1789831253.7025607,1789831253.7622414
m,1789831253.8999138,1789831253.985387
a,1789831254.009348,1789831254.097318
n,1789831254.1819181,1789831254.255254
y,1789831254.297951,1789831254.3733292
Key.space,1789831254.4790964,1789831254.567176
s,1789831254.559628,1789831254.703961
a,1789831254.7054627,1789831254.8162916
y,1789831254.8886266,1789831255.0006394
Key.space,1789831255.0402508,1789831255.109795
l,1789831255.2566843,1789831255.3307498
o,1789831255.43926,1789831255.495672
o,1789831255.5734348,1789831255.6917803
k,1789831255.7278178,1789831255.8010638
Key.space,1789831255.9307868,1789831256.0403454
w,1789831256.0631506,1789831256.2276897
e,1789831256.1679118,1789831256.2763605
Key.space,1789831256.3024454,1789831256.380878
m,1789831256.4800878,1789831256.5688214
a,1789831256.5830576,1789831256.6700728
k,1789831256.7145762,1789831256.792652
e,1789831256.8225982,1789831256.9202292
Key.space,1789831256.9460266,1789831257.009857
t,1789831257.0795646,1789831257.124918
h,1789831257.1714394,1789831257.2413754
a,1789831257.2931685,1789831257.385399
n,1789831257.3914528,1789831257.4509342
Key.space,1789831257.561143,1789831257.6329322
s,1789831257.681785,1789831257.7914007
a,1789831257.751391,1789831257.8612647
m,1789831257.8824036,1789831257.9502678
e,1789831258.0040157,1789831258.1187184
Key.space,1789831258.0721273,1789831258.1466053
l,1789831258.2878835,1789831258.3582199
o,1789831258.474118,1789831258.5823047
n,1789831258.625846,1789831258.693296
g,1789831258.7190874,1789831258.7894943
Key.space,1789831258.8235142,1789831258.8932607
t,1789831258.9229405,1789831258.995997
h,1789831259.0411055,1789831259.083641
e,1789831259.091226,1789831259.1914914
n,1789831259.2030942,1789831259.2553668
Key.space,1789831259.3196077,1789831259.3689787
w,1789831259.3669257,1789831259.4761446
o,1789831259.477191,1789831259.568674
r,1789831259.5467076,1789831259.5920265
l,1789831259.6629775,1789831259.735937
d,1789831259.712448,1789831259.7546694
Key.esc,1789831262.2816093,1789831262.299341
Key.f5,1789831287.3588533,1789831287.4499753
n,1789831289.168581,1789831289.2549398
e,1789831289.317646,1789831289.3819401
v,1789831289.3429,1789831289.494172
e,1789831289.4972992,1789831289.6205387
r,1789831289.7238646,1789831289.7796252
Key.space,1789831289.9992945,1789831290.095162
a,1789831290.1137474,1789831290.2352715
t,1789831290.205351,1789831290.2867172
Key.space,1789831290.3198555,1789831290.423748
f,1789831290.4324253,1789831290.5292401
a,1789831290.5409465,1789831290.7043054
c,1789831290.640786,1789831290.7624896
e,1789831290.7938786,1789831290.8478904
Key.space,1789831290.8499088,1789831290.9293237
t,1789831290.9643836,1789831291.0357394
o,1789831291.0542455,1789831291.1514018
l,1789831291.328337,1789831291.4161332
Key.backspace,1789831291.7207322,1789831291.818659
Key.space,1789831291.9567242,1789831292.0243418
a,1789831292.0918489,1789831292.1637275
l,1789831292.335349,1789831292.4303842
l,1789831292.5258434,1789831292.588451
Key.space,1789831292.746083,1789831292.8063898
t,1789831292.907817,1789831292.9834013
o,1789831292.9874463,1789831293.0842087
o,1789831293.177962,1789831293.2298696
Key.space,1789831293.3613596,1789831293.400723
m,1789831293.5226312,1789831293.5936892
a,1789831293.613225,1789831293.6943302
n,1789831293.7333963,1789831293.7842867
Key.space,1789831293.9190466,1789831293.9731357
e,1789831294.018164,1789831294.1293533
n,1789831294.1397758,1789831294.2143047
d,1789831294.234553,1789831294.326216
Key.space,1789831294.3496356,1789831294.4066806
w,1789831294.5088222,1789831294.6098778
o,1789831294.5972111,1789831294.6877608
r,1789831294.8113563,1789831294.8728228
k,1789831294.8514209,1789831294.9706883
Key.space,1789831295.0664413,1789831295.1217222
a,1789831295.1611068,1789831295.2318091
b,1789831295.2813876,1789831295.3639917
o,1789831295.4468715,1789831295.5628636
u,1789831295.564895,1789831295.626204
t,1789831295.6912076,1789831295.7526155
Key.space,1789831295.796188,1789831295.870495
h,1789831296.0199888,1789831296.0707374
t,1789831296.1275313,1789831296.1661906
Key.backspace,1789831296.374597,1789831296.4478343
Key.backspace,1789831296.482247,1789831296.5606618
t,1789831296.6217344,1789831296.7062657
h,1789831296.7376094,1789831296.8229747
e,1789831296.8819413,1789831296.968192
y,1789831296.970482,1789831297.0567777
Key.space,1789831297.1764486,1789831297.234898
d,1789831297.3068542,1789831297.3979342
o,1789831297.6995964,1789831297.7907455
n,1789831297.9088807,1789831298.0008452
w,1789831298.1000135,1789831298.1500096
Key.space,1789831298.2067475,1789831298.266407
Key.backspace,1789831298.5108197,1789831298.5485575
Key.backspace,1789831298.660718,1789831298.708651
Key.backspace,1789831298.7794092,1789831298.8783827
w,1789831298.9381952,1789831299.0206707
n,1789831299.0771708,1789831299.0862534
Key.space,1789831299.2662237,1789831299.3675497
n,1789831299.4782958,1789831299.5457695
u,1789831299.6000586,1789831299.66033
m,1789831299.7560656,1789831299.7867916
b,1789831299.9788556,1789831300.0755043
e,1789831300.0903656,1789831300.1724107
r,1789831300.1388426,1789831300.2268538
Key.space,1789831300.2621279,1789831300.3198533
w,1789831300.3529525,1789831300.4463923
h,1789831300.4772046,1789831300.5399954
o,1789831300.5820346,1789831300.691723
Key.space,1789831300.7757056,1789831300.8547363
s,1789831300.8070729,1789831300.9331238
t,1789831300.9798005,1789831301.0773258
i,1789831301.0443463,1789831301.1080558
l,1789831301.2838564,1789831301.3090208
l,1789831301.36599,1789831301.4444156
Key.space,1789831301.567608,1789831301.6408362
g,1789831301.6698291,1789831301.7405162
o,1789831301.7822144,1789831301.8831568
v,1789831301.9067898,1789831302.0317092
e,1789831302.0591953,1789831302.1929665
r,1789831302.1644235,1789831302.253396
n,1789831302.2680156,1789831302.3369324
Key.space,1789831302.4517207,1789831302.5087278
a,1789831302.5453098,1789831302.6963167
t,1789831302.702994,1789831302.7632675
Key.space,1789831302.7734292,1789831302.8425682
u,1789831302.9576128,1789831303.0532563
s,1789831303.0800483,1789831303.1675107
e,1789831303.2535183,1789831303.3573568
Key.space,1789831303.3583932,1789831303.4258533
a,1789831303.4980898,1789831303.5621219
n,1789831303.5829747,1789831303.6623607
d,1789831303.7170255,1789831303.7921903
Key.space,1789831303.7972333,1789831303.8723958
g,1789831303.954173,1789831304.0257823
o,1789831304.0455914,1789831304.155971
v,1789831304.1880372,1789831304.2677894
e,1789831304.2570817,1789831304.4187512
r,1789831304.40806,1789831304.4807527
Key.space,1789831304.4926202,1789831304.6000657
a,1789831304.688381,1789831304.7715573
Key.backspace,1789831305.1168191,1789831305.1710603
Key.backspace,1789831305.2523117,1789831305.3360991
Key.backspace,1789831305.400401,1789831305.4673016
r,1789831305.8678362,1789831305.9634686
n,1789831305.965812,1789831306.0556877
Key.space,1789831306.1837544,1789831306.2360988
a,1789831306.297983,1789831306.4422936
s,1789831306.381086,1789831306.493367
k,1789831306.4957435,1789831306.5619528
Key.space,1789831306.6985192,1789831306.7607837
c,1789831306.7945964,1789831306.8715634
o,1789831306.8972623,1789831306.9853487
n,1789831307.0128367,1789831307.0828183
s,1789831307.1167653,1789831307.2151139
i,1789831307.2705913,1789831307.3619845
d,1789831307.3471828,1789831307.447384
e,1789831307.4701495,1789831307.6100578
r,1789831307.575393,1789831307.6677628
Key.space,1789831307.6750493,1789831307.7767193
a,1789831307.804415,1789831307.8830907
g,1789831307.920699,1789831307.9944017
a,1789831308.0194364,1789831308.063107
i,1789831308.0671914,1789831308.1683338
n,1789831308.1785948,1789831308.2248833
Key.space,1789831308.3115072,1789831308.4074564
a,1789831308.4512715,1789831308.5192122
n,1789831308.589064,1789831308.6674082
d,1789831308.7083552,1789831308.7760422
Key.space,1789831308.8199866,1789831308.886654
b,1789831309.0067897,1789831309.0754836
e,1789831309.088112,1789831309.1383152
Key.space,1789831309.1911647,1789831309.2538497
a,1789831309.3086846,1789831309.3896103
l,1789831309.440373,1789831309.5073097
s,1789831309.629994,1789831309.6831803
o,1789831309.6541674,1789831309.7442431
Key.space,1789831309.8835611,1789831309.9480836
t,1789831309.9870584,1789831310.043925
u,1789831310.1192796,1789831310.2163167
r,1789831310.26179,1789831310.3255513
n,1789831310.3411603,1789831310.3910413
Key.space,1789831310.4865608,1789831310.5431406
t,1789831310.5494928,1789831310.6685138
h,1789831310.6961784,1789831310.7455924
i,1789831310.7672715,1789831310.9265037
n,1789831310.9058647,1789831310.9683123
g,1789831310.9927268,1789831311.0705557
Key.space,1789831311.0928333,1789831311.1492567
p,1789831311.261569,1789831311.3795753
r,1789831311.3484092,1789831311.4451323
o,1789831311.4963782,1789831311.602567
g,1789831311.5937276,1789831311.7302725
r,1789831311.8253396,1789831311.9274995
a,1789831311.9295168,1789831312.009558
m,1789831312.0233161,1789831312.0947134
Key.space,1789831312.2240458,1789831312.2648227
g,1789831312.2970464,1789831312.4136763
e,1789831312.4258807,1789831312.5189202
n,1789831312.5523708,1789831312.6356506
e,1789831312.6764078,1789831312.805023
r,1789831312.692628,1789831312.8097951
a,1789831312.7934616,1789831312.8843772
l,1789831312.9293694,1789831313.0159214
Key.space,1789831313.1582382,1789831313.2265375
w,1789831313.4253159,1789831313.5214057
i,1789831313.5238225,1789831313.6264627
t,1789831313.6824791,1789831313.7353091
h,1789831313.7967658,1789831313.8593845
Key.space,1789831313.999242,1789831314.045706
t,1789831314.064436,1789831314.142833
h,1789831314.201856,1789831314.2615864
i,1789831314.2926335,1789831314.4614487
n,1789831314.4638083,1789831314.511442
g,1789831314.5543983,1789831314.6128132
Key.space,1789831314.6402621,1789831314.73238
o,1789831314.8142061,1789831314.925454
l,1789831315.0163498,1789831315.1068192
d,1789831315.1802356,1789831315.2276285
Key.space,1789831315.2527792,1789831315.328796
d,1789831315.3765657,1789831315.4559774
o,1789831315.4630947,1789831315.5882323
w,1789831315.5915396,1789831315.6723835
n,1789831315.6977785,1789831315.7298343
Key.space,1789831315.834502,1789831315.9036827
k,1789831316.0461373,1789831316.0550263
Key.backspace,1789831316.4332473,1789831316.5000203
l,1789831316.5757918,1789831316.695691
o,1789831316.8655713,1789831317.0280073
n,1789831317.060986,1789831317.136967
g,1789831317.1931849,1789831317.2797492
Key.space,1789831317.3196616,1789831317.4014096
w,1789831317.5112638,1789831317.5997293
o,1789831317.6118565,1789831317.7244418
u,1789831317.800734,1789831317.8640761
l,1789831317.9909985,1789831318.082878
d,1789831318.1523979,1789831318.206329
Key.space,1789831318.237822,1789831318.2974644
a,1789831318.3618226,1789831318.415736
n,1789831318.4429595,1789831318.4994593
o,1789831318.5465655,1789831318.6726437
t,1789831318.698935,1789831318.7587893
h,1789831318.8025172,1789831318.8584342
e,1789831318.8675315,1789831318.9817424
r,1789831318.9295855,1789831319.0181623
Key.space,1789831319.0349557,1789831319.1258752
w,1789831319.1423109,1789831319.2931771
e,1789831319.246926,1789831319.3249466
Key.space,1789831319.3629732,1789831319.4441376
t,1789831319.4622395,1789831319.5253935
o,1789831319.5676842,1789831319.6235206
o,1789831319.7067885,1789831319.789909
Key.space,1789831319.8781784,1789831319.9321034
o,1789831320.0013444,1789831320.1791859
n,1789831320.127994,1789831320.1842463
Key.space,1789831320.7092917,1789831320.7776568
h,1789831320.9037533,1789831320.9857566
a,1789831321.02261,1789831321.15756
v,1789831321.1195035,1789831321.2215998
e,1789831321.2171223,1789831321.2921574
Key.space,1789831321.3061657,1789831321.3926544
o,1789831321.6043375,1789831321.7058342
d,1789831321.656635,1789831321.7492611
Key.backspace,1789831321.9427106,1789831321.9917486
Key.backspace,1789831322.062657,1789831322.1293669
o,1789831322.2695444,1789831322.2705534
d,1789831322.1601913,1789831322.2705534
Key.space,1789831322.4763749,1789831322.540972
p,1789831322.64954,1789831322.788164
a,1789831322.776537,1789831322.9368262
r,1789831322.874587,1789831322.976925
t,1789831323.093356,1789831323.1515355
Key.space,1789831323.1783154,1789831323.252384
w,1789831323.3112404,1789831323.3977377
i,1789831323.4068384,1789831323.541488
t,1789831323.553043,1789831323.6297884
h,1789831323.6201637,1789831323.6844354
Key.space,1789831323.8053362,1789831323.8891575
s,1789831323.9443665,1789831324.051759
t,1789831324.060143,1789831324.136896
a,1789831324.1791754,1789831324.2705803
n,1789831324.2949991,1789831324.371121
d,1789831324.4355383,1789831324.5096931
Key.space,1789831324.5189016,1789831324.5724788
l,1789831324.6881835,1789831324.7550898
Key.backspace,1789831325.111431,1789831325.1472473
k,1789831325.6643713,1789831325.7593446
n,1789831325.8460803,1789831325.8625941
o,1789831325.9927003,1789831326.1030126
w,1789831326.1224504,1789831326.2085173
Key.space,1789831326.2937357,1789831326.350142
a,1789831326.5131466,1789831326.6407213
t,1789831326.6430979,1789831326.6974645
Key.space,1789831326.728847,1789831326.7803702
u,1789831326.8982232,1789831326.981968
p,1789831327.1195922,1789831327.1973212
Key.space,1789831327.368381,1789831327.4294002
b,1789831327.5530317,1789831327.6232884
u,1789831327.659353,1789831327.760677
t,1789831327.815997,1789831327.8807156
Key.space,1789831327.9709597,1789831328.0784357
g,1789831328.4581423,1789831328.5974448
e,1789831328.853224,1789831329.0018165
t,1789831328.962254,1789831329.0678086
Key.space,1789831329.1227386,1789831329.199925
s,1789831329.2777238,1789831329.391222
u,1789831329.3922913,1789831329.5014935
c,1789831329.5176249,1789831329.6294842
h,1789831329.6294842,1789831329.6649141
Key.space,1789831329.8242495,1789831329.8519258
l,1789831330.0340638,1789831330.1442807
a,1789831330.162871,1789831330.2797315
r,1789831330.2191973,1789831330.310654
g,1789831330.4252892,1789831330.5415716
e,1789831330.5102842,1789831330.6047761
Key.space,1789831330.6213098,1789831330.6965394
t,1789831330.7151394,1789831330.80858
u,1789831330.831547,1789831330.9367988
r,1789831330.9708195,1789831331.0730534
n,1789831331.0520313,1789831331.109012
Key.space,1789831331.226901,1789831331.2632632
o,1789831331.3470483,1789831331.4846756
n,1789831331.4736562,1789831331.5244665
Key.space,1789831331.6408198,1789831331.697099
b,1789831331.8307636,1789831331.9112012
e,1789831331.8824263,1789831331.9706926
c,1789831331.9852672,1789831332.0858345
o,1789831332.2646854,1789831332.3978932
m,1789831332.3801377,1789831332.471879
e,1789831332.5138571,1789831332.61525
Key.space,1789831332.617854,1789831332.7342758
r,1789831332.7896178,1789831332.916245
e,1789831332.945247,1789831333.0460465
a,1789831332.9217727,1789831333.0528715
l,1789831333.0823662,1789831333.1665843
Key.backspace,1789831333.452214,1789831333.5025735
Key.backspace,1789831333.590727,1789831333.6547503
Key.backspace,1789831333.731835,1789831333.8146446
r,1789831333.8376517,1789831333.9368095
e,1789831333.8824394,1789831334.0048616
a,1789831333.9426343,1789831334.0466304
l,1789831334.0084865,1789831334.114505
Key.backspace,1789831334.4137347,1789831334.4672606
Key.backspace,1789831334.551989,1789831334.6179683
Key.backspace,1789831334.704477,1789831334.7787652
Key.backspace,1789831334.8416502,1789831334.8867614
r,1789831334.9039702,1789831335.0417626
e,1789831334.9718976,1789831335.1165655
a,1789831335.0656047,1789831335.1757035
Key.backspace,1789831335.6604137,1789831335.769631
Key.backspace,1789831335.882782,1789831335.9838028
e,1789831336.001834,1789831336.1554801
a,1789831336.1056805,1789831336.204522
l,1789831336.2499905,1789831336.3811677
Key.backspace,1789831336.5624952,1789831336.6414409
Key.backspace,1789831336.732393,1789831336.7984567
Key.backspace,1789831336.9167717,1789831336.9522882
Key.backspace,1789831337.0297766,1789831337.0938962
e,1789831337.1259868,1789831337.2803988
a,1789831337.2248948,1789831337.3174777
l,1789831337.365104,1789831337.4809396
Key.space,1789831337.7108462,1789831337.7827723
w,1789831337.8076544,1789831337.9492507
a,1789831337.9478407,1789831338.0107415
Key.space,1789831338.2029517,1789831338.2662659
Key.backspace,1789831338.6006474,1789831338.6815176
y,1789831338.7210445,1789831338.815491
Key.space,1789831338.899593,1789831338.979529
m,1789831339.083608,1789831339.1689646
a,1789831339.1732862,1789831339.2875094
y,1789831339.295683,1789831339.396294
Key.space,1789831339.437251,1789831339.516886
w,1789831339.5691838,1789831339.6741595
h,1789831339.6987085,1789831339.76406
o,1789831339.8000283,1789831339.9161124
Key.space,1789831340.029208,1789831340.0736475
k,1789831340.2295341,1789831340.2441216
Key.backspace,1789831340.5098379,1789831340.5848792
w,1789831340.6593823,1789831340.7412355
h,1789831340.7737577,1789831340.8471863
i,1789831340.9213943,1789831341.0234687
l,1789831341.145386,1789831341.2103465
e,1789831341.2565823,1789831341.3589277
Key.space,1789831341.3754978,1789831341.443706
a,1789831341.4915469,1789831341.6053925
t,1789831341.5779824,1789831341.6462245
Key.space,1789831341.6737638,1789831341.7527587
s,1789831341.836599,1789831341.9339354
h,1789831341.9482844,1789831342.0221334
o,1789831342.1340115,1789831342.2533364
k,1789831342.4336197,1789831342.458752
=,1789831342.901448,1789831342.964344
Key.backspace,1789831343.6350648,1789831343.721141
Key.backspace,1789831343.7864454,1789831343.8644447
u,1789831343.980383,1789831344.0595236
l,1789831344.2327442,1789831344.3245673
d,1789831344.4267573,1789831344.4774137
Key.space,1789831344.5031638,1789831344.5711107
g,1789831344.6427603,1789831344.7090845
o,1789831344.7300806,1789831344.8504956
v,1789831344.9065263,1789831345.0251632
e,1789831345.0264056,1789831345.183627
r,1789831345.138009,1789831345.2325392
n,1789831345.2879481,1789831345.3270502
Key.space,1789831345.4461217,1789831345.505618
w,1789831345.57509,1789831345.708398
e,1789831345.6881015,1789831345.7870762
l,1789831345.8461676,1789831345.8923264
l,1789831345.964912,1789831346.0309267
Key.space,1789831346.1870093,1789831346.24567
s,1789831346.258684,1789831346.3469982
e,1789831346.4442797,1789831346.5881193
t,1789831346.5634747,1789831346.6678157
Key.space,1789831346.7057068,1789831346.7754245
p,1789831346.8782187,1789831347.0144963
r,1789831346.9824612,1789831347.0896096
e,1789831347.0169656,1789831347.1104224
s,1789831347.2090023,1789831347.291268
e,1789831347.3786232,1789831347.4421735
n,1789831347.512764,1789831347.596849
t,1789831347.611188,1789831347.7132332
Key.space,1789831347.7374976,1789831347.8014655
o,1789831348.0343075,1789831348.1249413
Key.backspace,1789831348.389841,1789831348.4586666
h,1789831348.4795043,1789831348.5422888
b,1789831348.7385585,1789831348.7689717
Key.backspace,1789831348.9985483,1789831349.0870504
o,1789831349.3165345,1789831349.4221723
w,1789831349.4424484,1789831349.525774
e,1789831349.6420603,1789831349.7363214
v,1789831349.8402336,1789831349.963264
e,1789831349.9682167,1789831350.107579
r,1789831350.08126,1789831350.1444411
Key.space,1789831350.222215,1789831350.3042765
u,1789831350.4064384,1789831350.5327892
n,1789831350.5542197,1789831350.639012
d,1789831350.7071586,1789831350.7780867
e,1789831350.7833977,1789831350.9231045
r,1789831350.9018004,1789831350.9893236
Key.space,1789831350.9998286,1789831351.0615785
w,1789831351.1129434,1789831351.202879
o,1789831351.205399,1789831351.3174932
r,1789831351.3679693,1789831351.4490974
l,1789831351.469601,1789831351.5814438
d,1789831351.6186755,1789831351.7014916
Key.space,1789831351.7345738,1789831351.7993214
b,1789831351.9248197,1789831352.0217474
u,1789831352.0452194,1789831352.1455526
t,1789831352.1770713,1789831352.2626336
Key.space,1789831352.2797,1789831352.3370883
p,1789831352.4534726,1789831352.537563
l,1789831352.5760927,1789831352.6530585
a,1789831352.7228212,1789831352.8094952
n,1789831352.8364365,1789831352.8921845
Key.space,1789831352.9986045,1789831353.0522044
s,1789831353.0943928,1789831353.179123
h,1789831353.2290788,1789831353.2694387
o,1789831353.3086169,1789831353.411277
w,1789831353.4461567,1789831353.533402
Key.space,1789831353.5722613,1789831353.677549
h,1789831353.7650163,1789831353.8240309
e,1789831353.8270535,1789831353.91619
Key.space,1789831353.9629347,1789831354.0274882
l,1789831354.1834831,1789831354.2759516
e,1789831354.2779663,1789831354.4784105
a,1789831354.3680177,1789831354.541339
v,1789831354.455921,1789831354.5563998
e,1789831354.6551309,1789831354.7372267
Key.space,1789831354.9776495,1789831355.0496762
s,1789831355.110225,1789831355.1765344
e,1789831355.2675402,1789831355.339116
e,1789831355.4350033,1789831355.5152807
Key.space,1789831355.5324113,1789831355.6214535
t,1789831355.6835282,1789831355.7785404
h,1789831355.8200846,1789831355.8929677
e,1789831355.936027,1789831356.0342288
Key.space,1789831356.0500808,1789831356.111386
y,1789831356.3469064,1789831356.4768095
e,1789831356.5124443,1789831356.6792936
a,1789831356.6065495,1789831356.7522042
r,1789831356.717508,1789831356.846546
Key.space,1789831356.846546,1789831356.9144268
o,1789831356.994312,1789831357.107275
l,1789831357.2110531,1789831357.2744837
d,1789831357.3551989,1789831357.4480085
Key.space,1789831357.4825037,1789831357.5490751
e,1789831357.7063596,1789831357.9259882
a,1789831357.834353,1789831357.9562802
r,1789831357.9291997,1789831358.021356
l,1789831358.0771985,1789831358.1766562
y,1789831358.2059906,1789831358.2944198
Key.space,1789831358.34713,1789831358.3986378
i,1789831358.5102465,1789831358.6206105
n,1789831358.6227477,1789831358.7135894
c,1789831358.7230213,1789831358.8058012
r,1789831358.9330993,1789831359.0757093
e,1789831359.0202332,1789831359.1353972
a,1789831359.1116903,1789831359.276985
e,1789831359.394439,1789831359.487063
Key.backspace,1789831359.723785,1789831359.8352737
s,1789831359.8234198,1789831359.911654
e,1789831359.9898844,1789831360.097484
Key.space,1789831360.1449766,1789831360.2043166
f,1789831360.2943366,1789831360.3762767
o,1789831360.4420514,1789831360.5386922
r,1789831360.55287,1789831360.6156995
m,1789831360.6800847,1789831360.7382343
Key.backspace,1789831361.095598,1789831361.1612399
Key.backspace,1789831361.2452102,1789831361.399159
Key.backspace,1789831361.6125448,1789831361.6917195
r,1789831361.7481985,1789831361.836118
o,1789831361.8478835,1789831361.9301267
m,1789831362.139733,1789831362.1418264
Key.space,1789831362.2421536,1789831362.3190303
g,1789831362.3828247,1789831362.482672
e,1789831362.4931133,1789831362.6053894
r,1789831362.5934541,1789831362.6812625
Key.backspace,1789831362.8889062,1789831362.9554288
Key.backspace,1789831363.0317678,1789831363.1170175
r,1789831363.1245396,1789831363.2761247
e,1789831363.1913419,1789831363.3705451
a,1789831363.2979133,1789831363.4411676
t,1789831363.420973,1789831363.5182116
Key.space,1789831363.5780585,1789831363.6579225
a,1789831363.7389224,1789831363.828825
n,1789831363.832292,1789831363.9008703
d,1789831363.9681196,1789831364.0586598
Key.space,1789831364.0426373,1789831364.122921
s,1789831364.1742983,1789831364.3020418
t,1789831364.3470817,1789831364.439245
a,1789831364.4481003,1789831364.5915747
t,1789831364.5599258,1789831364.698896
e,1789831364.688229,1789831364.7820208
Key.space,1789831364.8136113,1789831364.8867195
o,1789831364.975415,1789831365.0924418
t,1789831365.0975242,1789831365.1807766
h,1789831365.2197952,1789831365.3074265
e,1789831365.2952297,1789831365.4192104
r,1789831365.4033563,1789831365.4749174
Key.space,1789831365.4851315,1789831365.55989
e,1789831365.8437872,1789831365.9156332
n,1789831366.2212515,1789831366.343043
Key.backspace,1789831366.59249,1789831366.6487386
Key.backspace,1789831366.7244678,1789831366.7796793
n,1789831366.9768841,1789831367.0281622
e,1789831367.1031797,1789831367.195484
v,1789831367.198503,1789831367.3096488
e,1789831367.314759,1789831367.5002387
r,1789831367.4697454,1789831367.5661376
Key.esc,1789831368.1040568,1789831368.2303152
a,1789831392.7938805,1789831392.9137027
l,1789831392.9402876,1789831393.0337162
s,1789831393.0743945,1789831393.158268
o,1789831393.1490047,1789831393.2400117
Key.space,1789831393.3439415,1789831393.4399593
e,1789831393.5429683,1789831393.764151
r,1789831393.7026498,1789831393.804025
l,1789831393.927875,1789831393.948001
Key.backspace,1789831394.3282297,1789831394.419409
Key.backspace,1789831394.4952683,1789831394.6058586
e,1789831394.6317482,1789831394.8275385
a,1789831394.6875017,1789831394.8507981
r,1789831394.855381,1789831394.9774587
l,1789831395.0440216,1789831395.0940824
Key.backspace,1789831395.2429154,1789831395.3142118
Key.backspace,1789831395.3980422,1789831395.4735715
Key.backspace,1789831395.5565064,1789831395.625099
Key.backspace,1789831395.7011547,1789831395.7834592
a,1789831395.9158835,1789831396.035452
r,1789831396.008334,1789831396.103346
l,1789831396.178007,1789831396.2689729
y,1789831396.440348,1789831396.5347855
Key.space,1789831396.573039,1789831396.6160347
p,1789831396.7075622,1789831396.81717
o,1789831396.926294,1789831396.9932272
s,1789831396.995466,1789831397.0715961
s,1789831397.1578364,1789831397.2015257
i,1789831397.2615967,1789831397.3381495
b,1789831397.3665206,1789831397.4532287
l,1789831397.5355666,1789831397.5993466
e,1789831397.6387026,1789831397.7294405
Key.space,1789831397.758431,1789831397.8176632
w,1789831397.8823714,1789831397.9809048
i,1789831398.078448,1789831398.0903873
Key.backspace,1789831398.4449825,1789831398.529273
o,1789831398.9028978,1789831398.9698427
u,1789831399.0689602,1789831399.145496
l,1789831399.3110678,1789831399.3727036
d,1789831399.445309,1789831399.5081716
Key.space,1789831399.5341089,1789831399.6086304
n,1789831399.751165,1789831399.82463
e,1789831399.9089365,1789831400.072461
w,1789831399.9926057,1789831400.0953875
Key.space,1789831400.1355956,1789831400.2147417
s,1789831400.216794,1789831400.3046377
t,1789831400.365742,1789831400.4504852
i,1789831400.43976,1789831400.537062
l,1789831400.6543758,1789831400.7041461
l,1789831400.785607,1789831400.852553
Key.space,1789831400.9744148,1789831401.0316565
p,1789831401.1286247,1789831401.231246
o,1789831401.3435123,1789831401.4611888
i,1789831401.5826914,1789831401.6474543
n,1789831401.696934,1789831401.7567163
t,1789831401.878996,1789831401.961566
Key.space,1789831401.9827683,1789831402.042859
",",1789831402.478048,1789831402.5212975
u,1789831402.7503653,1789831402.8319664
Key.backspace,1789831403.0328388,1789831403.0892017
Key.backspace,1789831403.3463159,1789831403.426963
m,1789831403.75001,1789831403.8836577
u,1789831403.9818158,1789831404.0789049
s,1789831404.1206934,1789831404.235701
t,1789831404.239282,1789831404.3417292
Key.space,1789831404.3846893,1789831404.462024
o,1789831404.5572116,1789831404.65348
p,1789831404.832121,1789831404.955305
e,1789831404.9941168,1789831405.093607
n,1789831405.129008,1789831405.137545
Key.space,1789831405.350282,1789831405.3806233
o,1789831405.502184,1789831405.622452
u,1789831405.6265235,1789831405.716743
t,1789831405.7455392,1789831405.8340237
Key.space,1789831405.8865893,1789831405.9536462
u,1789831406.0468411,1789831406.1740496
n,1789831406.1633494,1789831406.2501385
d,1789831406.2342646,1789831406.3833485
e,1789831406.3268838,1789831406.513612
r,1789831406.4521365,1789831406.548719
Key.space,1789831406.5538697,1789831406.6527803
w,1789831406.7194448,1789831406.8184075
h,1789831406.8209732,1789831406.867783
o,1789831406.9411976,1789831407.012254
Key.space,1789831407.1378362,1789831407.2203026
a,1789831407.252053,1789831407.3400116
l,1789831407.4371374,1789831407.4948404
s,1789831407.5434859,1789831407.6278327
o,1789831407.6312907,1789831407.7482352
Key.space,1789831407.8231483,1789831407.8907347
o,1789831407.9558058,1789831408.0864894
n,1789831408.1323183,1789831408.1932867
e,1789831408.2561696,1789831408.3419912
Key.space,1789831408.3433928,1789831408.4142618
o,1789831408.5089118,1789831408.60094
w,1789831408.6275775,1789831408.7016711
n,1789831408.7234006,1789831408.786654
Key.space,1789831408.957324,1789831409.110339
p,1789831409.221045,1789831409.3381627
o,1789831409.429606,1789831409.4927745
s,1789831409.5552478,1789831409.563236
s,1789831409.645319,1789831409.7353091
i,1789831409.833397,1789831409.9069064
l,1789831410.2461858,1789831410.3436308
Key.backspace,1789831410.5211964,1789831410.6291177
b,1789831410.6409354,1789831410.7171748
l,1789831410.7403646,1789831410.8388042
e,1789831410.8744233,1789831410.96295
Key.space,1789831411.018282,1789831411.08599
b,1789831411.4512148,1789831411.5350823
e,1789831411.5594969,1789831411.7055018
f,1789831411.7044258,1789831411.7650867
o,1789831411.812828,1789831411.9324114
r,1789831411.9223757,1789831412.0326533
e,1789831411.9823995,1789831412.1068504
Key.space,1789831412.1337514,1789831412.2152836
l,1789831412.3625188,1789831412.4218607
i,1789831412.5702145,1789831412.6840081
f,1789831412.6850252,1789831412.806065
e,1789831412.7767582,1789831412.8471973
Key.space,1789831412.8682435,1789831412.9305685
w,1789831412.9808815,1789831413.0330877
o,1789831413.1134346,1789831413.212841
u,1789831413.2549589,1789831413.323012
l,1789831413.4638634,1789831413.5402167
d,1789831413.615925,1789831413.6925018
Key.space,1789831413.7180247,1789831413.7827368
e,1789831413.9705734,1789831414.0945442
g,1789831414.1416628,1789831414.2128065
Key.backspace,1789831414.4075568,1789831414.4651978
Key.backspace,1789831414.523214,1789831414.6381423
b,1789831414.9052646,1789831414.9948719
e,1789831415.0030177,1789831415.1388905
g,1789831415.1685839,1789831415.281889
i,1789831415.369723,1789831415.5021672
n,1789831415.491362,1789831415.5668416
Key.space,1789831415.7040217,1789831415.801206
h,1789831416.030922,1789831416.0984826
o,1789831416.1643708,1789831416.290257
w,1789831416.2938187,1789831416.3998997
Key.space,1789831416.4187868,1789831416.4902518
r,1789831416.5145245,1789831416.6025143
i,1789831416.635551,1789831416.7479498
g,1789831416.8086123,1789831416.909628
h,1789831416.872041,1789831416.9593582
Key.space,1789831417.0826375,1789831417.1360967
u,1789831417.2778513,1789831417.360106
s,1789831417.3621137,1789831417.4403162
Key.backspace,1789831417.630999,1789831417.700889
Key.backspace,1789831417.7836838,1789831417.8518937
Key.backspace,1789831417.9227457,1789831417.978265
Key.backspace,1789831418.0588298,1789831418.1164038
t,1789831418.1356156,1789831418.21578
Key.backspace,1789831418.5196328,1789831418.6111834
g,1789831418.697346,1789831418.787079
Key.backspace,1789831419.113055,1789831419.2079449
h,1789831419.3065772,1789831419.3766212
t,1789831419.4995203,1789831419.575346
Key.space,1789831419.6290982,1789831419.6983426
u,1789831419.785221,1789831419.8989093
s,1789831419.8902075,1789831419.9715192
e,1789831420.0472589,1789831420.1646724
Key.space,1789831420.1636684,1789831420.1950133
i,1789831420.2574794,1789831420.370699
t,1789831420.3378537,1789831420.4124558
Key.space,1789831420.4506128,1789831420.5157778
d,1789831420.6167545,1789831420.7009728
o,1789831420.7080948,1789831420.8127234
w,1789831420.8218176,1789831420.9247522
n,1789831420.9288135,1789831420.9747574
Key.space,1789831421.0807695,1789831421.1516583
s,1789831421.1946788,1789831421.2330325
m,1789831421.2804165,1789831421.3476167
a,1789831421.3693922,1789831421.4475782
l,1789831421.4891753,1789831421.5317292
l,1789831421.6002493,1789831421.701852
Key.space,1789831421.8263025,1789831422.0075805
l,1789831422.0893583,1789831422.0972507
o,1789831422.1874213,1789831422.292443
n,1789831422.3198726,1789831422.38741
g,1789831422.4218755,1789831422.495471
Key.space,1789831422.5301137,1789831422.5858476
i,1789831422.65409,1789831422.7478294
n,1789831422.7325993,1789831422.7882142
Key.space,1789831422.872992,1789831422.9368792
t,1789831422.9766114,1789831423.048827
i,1789831423.0538287,1789831423.1739116
m,1789831423.1766493,1789831423.2491457
e,1789831423.306688,1789831423.390176
Key.space,1789831423.366006,1789831423.4516456
a,1789831423.5534523,1789831423.6076515
b,1789831423.636486,1789831423.6997483
o,1789831423.7823749,1789831423.9322357
u,1789831423.912577,1789831423.989911
t,1789831424.030347,1789831424.127517
Key.space,1789831424.165568,1789831424.264043
h,1789831424.567405,1789831424.64257
a,1789831424.6870632,1789831424.7487426
n,1789831424.787052,1789831424.869773
d,1789831424.9509072,1789831425.0604694
Key.space,1789831425.3631144,1789831425.476837
Key.esc,1789831425.7041798,1789831425.8997686
e,1789831798.1073678,1789831798.250862
o,1789832009.9392338,1789832010.107648
n,1789832010.0856814,1789832010.1587892
l,1789832010.2667904,1789832010.3829494
y,1789832010.410242,1789832010.4841964
Key.space,1789832010.5276768,1789832010.6115775
k,1789832010.7213056,1789832010.8101091
e,1789832010.7935827,1789832010.8712554
e,1789832010.954313,1789832011.0489004
p,1789832011.0052707,1789832011.1050875
Key.space,1789832011.2241936,1789832011.2811012
n,1789832011.440869,1789832011.5327427
o,1789832011.5586982,1789832011.6869726
t,1789832011.6657481,1789832011.7643714
Key.space,1789832011.8143053,1789832011.890241
a,1789832012.0420046,1789832012.09834
g,1789832012.0694294,1789832012.1788242
a,1789832012.1916685,1789832012.2808053
i,1789832012.2661626,1789832012.3805513
n,1789832012.3895984,1789832012.4267366
Key.space,1789832012.5172143,1789832012.602392
l,1789832012.7677581,1789832012.8459356
a,1789832012.8545585,1789832012.991723
r,1789832012.949023,1789832013.0762897
g,1789832013.1481497,1789832013.2905726
e,1789832013.267686,1789832013.3856714
Key.space,1789832013.4051573,1789832013.4955041
b,1789832013.6149414,1789832013.6973405
e,1789832013.7089274,1789832013.7610323
g,1789832013.7826269,1789832013.87358
i,1789832013.924963,1789832014.044595
n,1789832014.0348125,1789832014.050646
Key.space,1789832014.1869135,1789832014.2301505
p,1789832014.3580124,1789832014.4759717
r,1789832014.4779859,1789832014.5542915
o,1789832014.5829537,1789832014.6903498
b,1789832014.7119234,1789832014.7852619
l,1789832014.9691114,1789832015.0644636
e,1789832015.142966,1789832015.2534237
m,1789832015.2733946,1789832015.3455396
Key.space,1789832015.4553874,1789832015.5196848
j,1789832015.6391127,1789832015.7184997
u,1789832015.7943914,1789832015.8855724
s,1789832015.8894744,1789832016.0352325
t,1789832016.02077,1789832016.1055803
Key.space,1789832016.11936,1789832016.2171175
t,1789832016.228555,1789832016.3130243
i,1789832016.321111,1789832016.4504268
m,1789832016.465774,1789832016.5466619
e,1789832016.5982168,1789832016.6943367
Key.space,1789832016.7064948,1789832016.7782843
n,1789832016.879462,1789832016.9751146
v,1789832016.9776192,1789832017.0772703
e,1789832017.057311,1789832017.2049854
r,1789832017.3182707,1789832017.3325708
Key.backspace,1789832017.5402272,1789832017.6092443
Key.backspace,1789832017.829824,1789832017.912713
Key.backspace,1789832017.9821773,1789832018.0785916
e,1789832018.0938578,1789832018.2205536
v,1789832018.2241383,1789832018.3064904
e,1789832018.3614368,1789832018.4744918
r,1789832018.44439,1789832018.5348723
Key.space,1789832018.6106505,1789832018.7149527
r,1789832018.9246533,1789832019.080197
e,1789832019.0327652,1789832019.1668587
a,1789832019.1203618,1789832019.240549
l,1789832019.2580597,1789832019.3419876
Key.space,1789832019.4593835,1789832019.5474608
s,1789832019.5503287,1789832019.6073594
e,1789832019.6994865,1789832019.7907434
e,1789832019.8350391,1789832019.8907242
m,1789832019.9041226,1789832019.9797928
Key.space,1789832020.0989099,1789832020.1531792
b,1789832020.2715182,1789832020.3512092
e,1789832020.3298366,1789832020.4473953
c,1789832020.4000816,1789832020.5329878
a,1789832020.5161138,1789832020.6139991
u,1789832020.6377943,1789832020.728479
s,1789832020.7313752,1789832020.7955258
e,1789832020.895102,1789832020.9841456
Key.space,1789832021.021623,1789832021.0984101
a,1789832021.1597013,1789832021.2246673
b,1789832021.228929,1789832021.297598
o,1789832021.3847332,1789832021.4988124
u,1789832021.499916,1789832021.5666645
t,1789832021.5979087,1789832021.676453
Key.space,1789832021.752435,1789832021.850042
c,1789832021.8521004,1789832021.9289496
a,1789832021.934994,1789832022.0177302
n,1789832022.018731,1789832022.0736432
Key.space,1789832022.170187,1789832022.251681
f,1789832022.2891123,1789832022.3651214
o,1789832022.3876145,1789832022.5316608
r,1789832022.667667,1789832022.7445111
m,1789832022.8179781,1789832022.9013705
Key.space,1789832023.0049481,1789832023.0873835
g,1789832023.2488708,1789832023.3657367
e,1789832023.3808756,1789832023.4850988
n,1789832023.5241542,1789832023.6283252
r,1789832023.6822023,1789832023.8071651
e,1789832023.7332094,1789832023.853148
a,1789832023.8119361,1789832023.9068756
l,1789832023.952793,1789832024.0172338
Key.backspace,1789832024.1940808,1789832024.2646434
Key.backspace,1789832024.3490524,1789832024.4068155
Key.backspace,1789832024.4809566,1789832024.5501127
Key.backspace,1789832024.637454,1789832024.7250447
e,1789832024.6901197,1789832024.8553703
r,1789832024.786114,1789832024.8969011
a,1789832024.8661659,1789832024.9861662
l,1789832025.0850832,1789832025.1955323
Key.space,1789832025.3349237,1789832025.4067833
o,1789832025.4699063,1789832025.5956552
r,1789832025.5976715,1789832025.6946106
d,1789832025.7557933,1789832025.8639328
e,1789832025.8659754,1789832026.0034008
r,1789832025.9672248,1789832026.0359294
Key.space,1789832026.0952396,1789832026.1707077
t,1789832026.2568169,1789832026.3283918
e,1789832026.334497,1789832026.4365354
l,1789832026.4186165,1789832026.4793673
l,1789832026.554055,1789832026.6307712
Key.space,1789832026.7607856,1789832026.8211536
s,1789832026.8460853,1789832026.9173434
u,1789832026.9727519,1789832027.0942934
c,1789832027.0673409,1789832027.1536496
h,1789832027.1566346,1789832027.219099
Key.space,1789832027.3429263,1789832027.4300077
l,1789832027.5787861,1789832027.6726565
o,1789832027.7554111,1789832027.8819563
n,1789832027.9011333,1789832027.9868257
g,1789832028.0475,1789832028.121588
Key.space,1789832028.1776621,1789832028.2355065
r,1789832028.4073508,1789832028.4831564
u,1789832028.5001688,1789832028.604021
n,1789832028.6242924,1789832028.6340117
Key.space,1789832028.7605057,1789832028.8843
w,1789832029.020399,1789832029.152746
o,1789832029.1407907,1789832029.2563963
r,1789832029.270095,1789832029.3396242
Key.space,1789832029.5835965,1789832029.683296
Key.backspace,1789832029.9469397,1789832030.0261414
d,1789832030.0504408,1789832030.1581597
Key.space,1789832030.193431,1789832030.2767396
p,1789832030.557042,1789832030.6449807
Key.backspace,1789832030.868137,1789832030.9859464
o,1789832031.0285888,1789832031.1302207
e,1789832031.1903138,1789832031.3004656
Key.backspace,1789832031.5570333,1789832031.648984
p,1789832031.6875298,1789832031.7985177
e,1789832031.820645,1789832031.9271917
n,1789832032.0331087,1789832032.08563
Key.space,1789832032.2055733,1789832032.2843328
m,1789832032.4565346,1789832032.576725
o,1789832032.6317775,1789832032.7641826
s,1789832032.7343695,1789832032.8772082
t,1789832032.8560178,1789832032.9631348
Key.space,1789832032.9687116,1789832033.1013305
m,1789832033.1272433,1789832033.212093
a,1789832033.2196,1789832033.274342
k,1789832033.360239,1789832033.4326262
e,1789832033.440727,1789832033.5194345
Key.space,1789832033.588485,1789832033.6517758
o,1789832033.718164,1789832033.8071165
p,1789832033.8899045,1789832033.9964726
e,1789832033.9867587,1789832034.0777671
n,1789832034.1322503,1789832034.158423
Key.space,1789832034.2495756,1789832034.3335679
g,1789832034.4884238,1789832034.5729008
o,1789832034.5905247,1789832034.6425943
o,1789832034.713942,1789832034.8235457
d,1789832034.8260581,1789832034.8917358
Key.space,1789832034.9273143,1789832035.0245347
s,1789832035.1137583,1789832035.2018924
h,1789832035.2218056,1789832035.3039596
e,1789832035.32826,1789832035.4020224
Key.space,1789832035.4815047,1789832035.5446086
f,1789832035.5950787,1789832035.7024786
e,1789832035.6842768,1789832035.7820706
l,1789832035.7836115,1789832035.8228498
l,1789832035.8834708,1789832035.9640603
Key.space,1789832036.1182213,1789832036.1822326
Key.backspace,1789832036.4037426,1789832036.4474945
Key.backspace,1789832036.536987,1789832036.593951
Key.backspace,1789832036.6677973,1789832036.768219
e,1789832036.7827964,1789832036.8756437
l,1789832036.8893518,1789832036.9825962
Key.space,1789832037.151538,1789832037.2448058
a,1789832037.2892714,1789832037.4318674
s,1789832037.3732126,1789832037.447715
Key.space,1789832037.4743702,1789832037.5572016
t,1789832037.7012148,1789832037.775674
h,1789832037.7928247,1789832037.8620505
a,1789832037.9437191,1789832038.0656786
t,1789832038.0118442,1789832038.102093
Key.space,1789832038.1356018,1789832038.205544
s,1789832038.2455397,1789832038.3380578
h,1789832038.3811815,1789832038.4411192
e,1789832038.451115,1789832038.5489526
Key.space,1789832038.5899694,1789832038.6660433
h,1789832038.801972,1789832038.851013
o,1789832038.899867,1789832039.0624292
k,1789832039.095979,1789832039.1939301
d,1789832039.2377925,1789832039.3255308
Key.space,1789832039.39015,1789832039.4292579
Key.backspace,1789832039.7280676,1789832039.7676234
Key.backspace,1789832039.8592978,1789832039.9108536
Key.backspace,1789832039.9889882,1789832040.0630744
l,1789832040.1867473,1789832040.2939947
d,1789832040.3448133,1789832040.4458559
Key.space,1789832040.4938762,1789832040.555552
h,1789832040.7084677,1789832040.7820613
o,1789832040.8325405,1789832040.9395375
Key.backspace,1789832041.332076,1789832041.3948681
Key.backspace,1789832041.4902613,1789832041.56611
b,1789832042.023063,1789832042.0845408
o,1789832042.1364453,1789832042.2941322
t,1789832042.3272796,1789832042.415473
h,1789832042.463246,1789832042.5467472
Key.space,1789832042.6899467,1789832042.7618046
s,1789832042.780515,1789832042.9000099
a,1789832042.90128,1789832042.9875176
m,1789832042.9173203,1789832042.9961655
Key.backspace,1789832043.3863857,1789832043.4358346
Key.backspace,1789832043.509642,1789832043.5863876
m,1789832043.7210252,1789832043.7829072
a,1789832043.8368325,1789832043.9122663
l,1789832043.9670181,1789832044.0257773
l,1789832044.0909889,1789832044.1784496
Key.space,1789832044.333191,1789832044.4038754
f,1789832044.4900231,1789832044.6114874
o,1789832044.6120033,1789832044.71975
Key.backspace,1789832045.0060985,1789832045.0866563
r,1789832045.101821,1789832045.1945944
o,1789832045.197242,1789832045.2793622
m,1789832045.4082031,1789832045.4587355
Key.space,1789832045.5575626,1789832045.6632676
h,1789832045.7778924,1789832045.8438258
a,1789832045.825082,1789832045.93746
v,1789832045.9005392,1789832046.0311027
e,1789832045.9957132,1789832046.0970538
Key.space,1789832046.1191022,1789832046.1913552
l,1789832046.3169584,1789832046.426895
a,1789832046.41177,1789832046.5515914
t,1789832046.5369005,1789832046.6443005
e,1789832046.6278164,1789832046.7296083
Key.space,1789832046.7677422,1789832046.8447196
Key.backspace,1789832047.1595187,1789832047.2042675
Key.backspace,1789832047.304312,1789832047.3572154
Key.backspace,1789832047.4319677,1789832047.526281
s,1789832047.5691807,1789832047.688566
t,1789832047.7460654,1789832047.8415082
Key.space,1789832047.9619787,1789832048.049849
f,1789832048.1370187,1789832048.225003
i,1789832048.2674673,1789832048.3877122
r,1789832048.3897564,1789832048.4591522
s,1789832048.5640378,1789832048.6774688
t,1789832048.6867092,1789832048.7691064
Key.space,1789832048.870278,1789832048.9326231
l,1789832049.1349604,1789832049.2219143
i,1789832049.3225243,1789832049.4394498
n,1789832049.450569,1789832049.5314882
e,1789832049.5507987,1789832049.6450534
Key.space,1789832049.6566765,1789832049.7311318
w,1789832049.808787,1789832049.8981695
h,1789832049.9045398,1789832049.984466
o,1789832050.025902,1789832050.1110854
Key.space,1789832050.198501,1789832050.2634423
p,1789832050.3495953,1789832050.4797354
e,1789832050.6373022,1789832050.736798
o,1789832050.7806776,1789832050.8507252
p,1789832050.9432063,1789832051.063338
l,1789832051.040911,1789832051.1354284
e,1789832051.1542983,1789832051.2367833
Key.space,1789832051.2823832,1789832051.3612282
s,1789832051.3944218,1789832051.4796085
h,1789832051.5142078,1789832051.5909455
o,1789832051.6396627,1789832051.7621229
u,1789832051.7518015,1789832051.8305018
l,1789832051.9873788,1789832052.0447555
d,1789832052.1107223,1789832052.2044466
Key.space,1789832052.2590675,1789832052.3250961
o,1789832052.4143445,1789832052.5453465
u,1789832052.58476,1789832052.654486
t,1789832052.6911952,1789832052.7964468
Key.space,1789832052.8261492,1789832052.9347134
o,1789832053.1076248,1789832053.230277
Key.backspace,1789832053.4541395,1789832053.5218956
y,1789832053.671558,1789832053.7491624
o,1789832053.7333744,1789832053.8248327
u,1789832053.9303563,1789832054.0173414
Key.space,1789832054.1341257,1789832054.2346733
o,1789832054.270045,1789832054.4341743
n,1789832054.4200165,1789832054.488511
l,1789832054.607262,1789832054.7043476
y,1789832054.769129,1789832054.8203545
Key.space,1789832054.9072416,1789832055.0028868
e,1789832055.0454984,1789832055.1478586
y,1789832055.2169266,1789832055.3331943
e,1789832055.3397214,1789832055.473639
Key.space,1789832055.4766297,1789832055.571288
r,1789832055.596737,1789832055.7429428
e,1789832055.6953948,1789832055.8521304
a,1789832055.775517,1789832055.9106805
l,1789832055.936813,1789832056.0330286
Key.space,1789832056.1538677,1789832056.2089338
h,1789832056.3729298,1789832056.4499168
a,1789832056.466736,1789832056.6177619
v,1789832056.5893507,1789832056.703536
e,1789832056.6715605,1789832056.746239
Key.space,1789832056.7750554,1789832056.8502302
h,1789832056.9787376,1789832057.0494502
o,1789832057.1057956,1789832057.2502487
l,1789832057.2904205,1789832057.363677
d,1789832057.4276848,1789832057.5355859
Key.space,1789832057.5553741,1789832057.6236598
p,1789832057.7703495,1789832057.8697627
l,1789832057.8728719,1789832057.9663315
a,1789832058.0154424,1789832058.11091
n,1789832058.1361403,1789832058.1980667
Key.space,1789832058.322005,1789832058.369203
c,1789832058.4891412,1789832058.5315614
o,1789832058.5942433,1789832058.654779
m,1789832058.696976,1789832058.7082431
e,1789832059.1042404,1789832059.204426
Key.space,1789832059.2428663,1789832059.2943032
l,1789832059.413462,1789832059.5103636
i,1789832059.6588929,1789832059.783645
f,1789832059.8357663,1789832059.973405
e,1789832059.9147828,1789832060.0348659
Key.space,1789832060.063854,1789832060.1265783
c,1789832060.201593,1789832060.2344866
Key.backspace,1789832060.5373855,1789832060.6361215
s,1789832060.5835855,1789832060.7174652
c,1789832060.6871612,1789832060.769914
j,1789832060.808101,1789832060.8195639
o,1789832060.9501665,1789832061.0461583
o,1789832061.1173267,1789832061.1977496
Key.backspace,1789832061.3592334,1789832061.4159057
Key.backspace,1789832061.4972422,1789832061.5503263
Key.backspace,1789832061.609538,1789832061.7222576
h,1789832061.7245033,1789832061.8072786
o,1789832061.823406,1789832061.9131517
o,1789832062.1282427,1789832062.2079751
l,1789832062.3195138,1789832062.406323
Key.space,1789832062.576408,1789832062.666075
m,1789832062.8364172,1789832062.9507978
o,1789832063.0163486,1789832063.1377444
v,1789832063.1186728,1789832063.2520983
e,1789832063.1983173,1789832063.3103323
Key.space,1789832063.3357775,1789832063.4180548
s,1789832063.4724886,1789832063.533958
h,1789832063.598303,1789832063.65818
e,1789832063.671707,1789832063.7496011
Key.space,1789832063.9116166,1789832063.9779027
d,1789832064.1442695,1789832064.228619
o,1789832064.3229055,1789832064.4625134
w,1789832064.5281317,1789832064.6555684
n,1789832064.6565714,1789832064.7331948
Key.space,1789832064.834152,1789832064.9365668
b,1789832065.1473508,1789832065.231268
e,1789832065.2540874,1789832065.2723067
a,1789832065.2745733,1789832065.4107056
c,1789832065.3770568,1789832065.4502997
k,1789832065.493066,1789832065.5659049
Key.backspace,1789832065.731477,1789832065.7725477
Key.backspace,1789832065.860965,1789832065.9289467
Key.backspace,1789832066.0072653,1789832066.0656354
Key.backspace,1789832066.1346579,1789832066.2092054
a,1789832066.2239225,1789832066.3179293
c,1789832066.278806,1789832066.3701394
k,1789832066.3920689,1789832066.472108
Key.space,1789832066.599222,1789832066.6783042
m,1789832066.7861001,1789832066.8524778
o,1789832066.8918197,1789832067.028015
e,1789832067.0763223,1789832067.1727424
Key.space,1789832067.2284055,1789832067.330446
Key.backspace,1789832067.6341877,1789832067.6755486
Key.backspace,1789832067.7592664,1789832067.8594975
v,1789832067.9570954,1789832068.0844882
e,1789832068.062098,1789832068.166298
Key.space,1789832068.2367513,1789832068.3365486
i,1789832068.4405403,1789832068.5600505
t,1789832068.5260203,1789832068.62439
Key.space,1789832068.6907043,1789832068.7415807
h,1789832068.916547,1789832068.9942515
e,1789832068.9682834,1789832069.0713005
a,1789832069.0266638,1789832069.1571958
d,1789832069.1616704,1789832069.2100468
Key.space,1789832069.2757812,1789832069.3461354
s,1789832069.6225262,1789832069.7255173
h,1789832069.7082305,1789832069.7869525
o,1789832069.8214865,1789832069.9804566
u,1789832069.9663658,1789832070.0348752
l,1789832070.1661332,1789832070.2575262
d,1789832070.2895699,1789832070.3883886
Key.space,1789832070.4573488,1789832070.5303504
t,1789832070.626788,1789832070.713491
o,1789832070.7211182,1789832070.7933905
o,1789832070.8415992,1789832070.9593992
Key.space,1789832071.007296,1789832071.121552
e,1789832071.0977752,1789832071.2529094
a,1789832071.186336,1789832071.3375514
c,1789832071.3031833,1789832071.3871882
h,1789832071.4235628,1789832071.488238
Key.space,1789832071.5870206,1789832071.6429896
l,1789832071.7775457,1789832071.8722854
e,1789832071.8040535,1789832071.998373
a,1789832071.895374,1789832072.0192122
v,1789832071.999386,1789832072.097306
Key.space,1789832072.1505265,1789832072.2182674
o,1789832072.4774094,1789832072.5857239
n,1789832072.6623049,1789832072.738247
l,1789832072.8456771,1789832072.954412
y,1789832073.2990086,1789832073.3966002
Key.space,1789832073.4492362,1789832073.5390823
a,1789832073.8555195,1789832073.9339457
`,1789832074.5574312,1789832074.6361399
Key.esc,1789832074.9911997,1789832075.0871246
f,1789832281.6600494,1789832281.738008
r,1789832281.8796608,1789832281.96116
o,1789832282.0178666,1789832282.1507246
m,1789832282.2022266,1789832282.2727304
Key.space,1789832282.3917205,1789832282.4455078
l,1789832282.6015322,1789832282.655029
i,1789832282.953946,1789832283.0954757
n,1789832283.0817182,1789832283.1691387
e,1789832283.194745,1789832283.2746978
Key.space,1789832283.306867,1789832283.386556
w,1789832283.3916662,1789832283.4823723
h,1789832283.517662,1789832283.573034
i,1789832284.026147,1789832284.126079
l,1789832284.2884872,1789832284.3587565
e,1789832284.4043376,1789832284.4861147
Key.space,1789832284.5729659,1789832284.6330175
b,1789832284.7621467,1789832284.8524928
e,1789832284.8190408,1789832284.973077
t,1789832284.9766529,1789832285.0610006
w,1789832285.1531234,1789832285.277639
e,1789832285.2340345,1789832285.3245227
e,1789832285.3833961,1789832285.4800732
n,1789832285.5060718,1789832285.5835197
Key.space,1789832285.6859019,1789832285.7552497
w,1789832285.7583182,1789832285.9092906
a,1789832285.8686335,1789832286.0429773
t,1789832285.9924042,1789832286.0863492
n,1789832286.102259,1789832286.1619916
Key.space,1789832286.2587187,1789832286.330893
Key.backspace,1789832286.581711,1789832286.6411204
Key.backspace,1789832286.7154515,1789832286.7824378
Key.backspace,1789832286.8435423,1789832286.9440491
n,1789832287.2429,1789832287.3261101
t,1789832287.3818774,1789832287.472062
Key.space,1789832287.6367414,1789832287.7244658
t,1789832287.7353776,1789832287.8561385
a,1789832287.8284416,1789832287.9488835
k,1789832287.9518685,1789832288.0367463
e,1789832288.0900428,1789832288.1937704
Key.space,1789832288.3310995,1789832288.416374
n,1789832288.5119627,1789832288.6005478
e,1789832288.6204455,1789832288.7393253
v,1789832288.769553,1789832288.874753
e,1789832288.8632572,1789832289.024404
r,1789832288.9924967,1789832289.0969386
Key.space,1789832289.1065621,1789832289.223133
r,1789832289.2288988,1789832289.3104892
i,1789832289.3138275,1789832289.4390645
g,1789832289.4737804,1789832289.5641766
h,1789832289.5469387,1789832289.6366248
t,1789832289.7206957,1789832289.811612
Key.space,1789832289.7879887,1789832289.8967128
f,1789832289.956882,1789832290.058837
a,1789832290.063323,1789832290.254038
c,1789832290.18288,1789832290.277127
t,1789832290.4032204,1789832290.5076041
Key.space,1789832290.544518,1789832290.6318166
w,1789832290.6698315,1789832290.776375
o,1789832290.7795851,1789832290.9122055
r,1789832290.9194505,1789832291.0052254
l,1789832291.0500195,1789832291.144913
d,1789832291.1725924,1789832291.2873964
Key.space,1789832291.2927327,1789832291.3877487
a,1789832291.3985965,1789832291.5184736
g,1789832291.5308619,1789832291.6369834
a,1789832291.6379986,1789832291.7361655
i,1789832291.711756,1789832291.853963
n,1789832291.8311372,1789832291.9180467
s,1789832291.935605,1789832292.0605001
t,1789832292.0445292,1789832292.1488333
Key.space,1789832292.17382,1789832292.2387292
o,1789832292.3156438,1789832292.4297225
u,1789832292.4903257,1789832292.5794835
t,1789832292.6236842,1789832292.7241879
Key.space,1789832292.7308323,1789832292.7959847
o,1789832292.8539047,1789832292.9891307
f,1789832292.976737,1789832293.0619278
Key.space,1789832293.1070092,1789832293.1845202
g,1789832293.6069446,1789832293.6736662
n,1789832293.8044405,1789832293.900669
e,1789832293.9336042,1789832294.0819438
r,1789832294.0231268,1789832294.1336918
a,1789832294.1167686,1789832294.2196767
Key.backspace,1789832294.3414772,1789832294.4179294
Key.backspace,1789832294.517174,1789832294.5687497
Key.backspace,1789832294.6509798,1789832294.7063463
Key.backspace,1789832294.7891262,1789832294.864244
e,1789832294.8987558,1789832295.0013697
n,1789832295.0457826,1789832295.1317914
r,1789832295.2640438,1789832295.3538582
e,1789832295.174867,1789832295.3631103
a,1789832295.3379507,1789832295.4656167
l,1789832295.4881094,1789832295.5727355
Key.space,1789832295.7098897,1789832295.7836747
a,1789832296.1486373,1789832296.2607257
n,1789832296.266074,1789832296.336173
d,1789832296.3630643,1789832296.4333715
Key.space,1789832296.514167,1789832296.587035
s,1789832296.793411,1789832296.892163
h,1789832296.9118571,1789832297.006585
o,1789832297.0356417,1789832297.1641564
w,1789832297.1682198,1789832297.2592041
Key.space,1789832297.2963467,1789832297.363416
g,1789832297.5780656,1789832297.6587188
o,1789832297.7009137,1789832297.8322012
v,1789832297.8162603,1789832297.9197028
e,1789832297.9197028,1789832298.0903206
r,1789832298.036852,1789832298.13727
n,1789832298.1599424,1789832298.2283142
Key.space,1789832298.315666,1789832298.4063435
g,1789832298.410363,1789832298.5218306
e,1789832298.5071998,1789832298.6236596
n,1789832298.6647565,1789832298.7527502
e,1789832298.8058617,1789832298.9068553
r,1789832298.7874281,1789832298.916404
a,1789832298.9082787,1789832299.0087888
l,1789832299.0425584,1789832299.131684
Key.backspace,1789832299.296227,1789832299.376655
Key.backspace,1789832299.458101,1789832299.524573
Key.backspace,1789832299.6041493,1789832299.6613584
Key.backspace,1789832299.739917,1789832299.8225012
e,1789832299.8084257,1789832300.0065842
r,1789832299.9028332,1789832300.015679
a,1789832300.0076523,1789832300.1262383
l,1789832300.1778784,1789832300.2768557
Key.space,1789832300.4162784,1789832300.4911182
h,1789832300.7004585,1789832300.7903132
e,1789832300.8121805,1789832300.9108667
Key.space,1789832300.925949,1789832301.0074582
m,1789832301.1070006,1789832301.2037241
o,1789832301.2248838,1789832301.3685832
v,1789832301.335329,1789832301.464586
e,1789832301.411216,1789832301.5380163
Key.space,1789832301.5042207,1789832301.5792572
p,1789832301.6492257,1789832301.7578382
u,1789832301.8401647,1789832301.9403086
b,1789832302.0124886,1789832302.1247993
l,1789832302.1429446,1789832302.2402916
i,1789832302.344839,1789832302.4677482
c,1789832302.4975445,1789832302.5807245
Key.space,1789832302.6102827,1789832302.6968243
a,1789832302.7379413,1789832302.8141906
l,1789832302.8727584,1789832302.96834
s,1789832303.0502534,1789832303.1471226
o,1789832303.1486278,1789832303.2428741
Key.space,1789832303.3330798,1789832303.4292839
c,1789832303.4329653,1789832303.5141444
m,1789832303.6351156,1789832303.644959
o,1789832303.5328407,1789832303.6523914
e,1789832303.740526,1789832303.8246062
Key.space,1789832303.8141277,1789832303.9068573
w,1789832303.9866836,1789832304.0566459
h,1789832304.0979044,1789832304.1923816
e,1789832304.1938846,1789832304.2921116
r,1789832304.2689204,1789832304.3990114
e,1789832304.387359,1789832304.4787266
Key.space,1789832304.4808,1789832304.5602067
t,1789832304.562225,1789832304.6692307
h,1789832304.6974893,1789832304.752806
i,1789832304.7823231,1789832304.9046957
s,1789832304.9067318,1789832304.9740746
Key.space,1789832305.008896,1789832305.0898256
t,1789832305.3552294,1789832305.4460096
e,1789832305.4494581,1789832305.5417814
l,1789832305.5842857,1789832305.646625
l,1789832305.706468,1789832305.7930696
Key.space,1789832305.9175594,1789832306.0239902
u,1789832306.1232991,1789832306.2287352
s,1789832306.2836072,1789832306.3721216
e,1789832306.4706852,1789832306.5544286
Key.space,1789832306.558959,1789832306.6488633
c,1789832306.773832,1789832306.8627553
a,1789832306.8489134,1789832306.935467
n,1789832306.922282,1789832306.9752517
Key.space,1789832307.0625017,1789832307.144524
p,1789832307.2662323,1789832307.372566
l,1789832307.3785253,1789832307.491166
a,1789832307.5300784,1789832307.6513357
n,1789832307.6668096,1789832307.7247808
Key.space,1789832307.8335922,1789832307.9023137
s,1789832307.9571283,1789832308.0809712
a,1789832308.0587227,1789832308.1513932
m,1789832308.2204082,1789832308.3561447
e,1789832308.3586252,1789832308.450412
Key.space,1789832308.4772887,1789832308.5546224
l,1789832308.678325,1789832308.7833624
e,1789832308.7565134,1789832308.9236426
a,1789832308.8855205,1789832309.0109878
v,1789832308.9837184,1789832309.097664
e,1789832309.099692,1789832309.2085218
Key.space,1789832309.2527747,1789832309.3256116
h,1789832309.4689567,1789832309.5602727
e,1789832309.5627177,1789832309.6830668
Key.space,1789832309.693995,1789832309.7699103
m,1789832309.8727658,1789832309.9800932
a,1789832309.996855,1789832310.1069298
y,1789832310.2507772,1789832310.320238
Key.space,1789832310.4118743,1789832310.495314
n,1789832310.6011677,1789832310.691205
e,1789832310.6650712,1789832310.7510395
e,1789832310.8421938,1789832310.9697382
d,1789832310.972206,1789832311.0717943
Key.space,1789832311.083314,1789832311.1473577
l,1789832311.2678757,1789832311.3716435
e,1789832311.3381555,1789832311.530944
a,1789832311.4603782,1789832311.6263788
v,1789832311.5872269,1789832311.7011888
e,1789832311.6648164,1789832311.7898805
Key.space,1789832311.8151934,1789832311.8985825
t,1789832311.9153168,1789832312.004768
i,1789832312.0113704,1789832312.1457098
m,1789832312.1656623,1789832312.2419448
e,1789832312.3234088,1789832312.4006994
Key.space,1789832312.33728,1789832312.4247265
a,1789832312.6741722,1789832312.7522817
n,1789832312.7867684,1789832312.86608
d,1789832312.910009,1789832312.9990163
Key.space,1789832312.9820645,1789832313.0542939
o,1789832313.1338372,1789832313.2606833
f,1789832313.2444274,1789832313.334198
Key.space,1789832313.349955,1789832313.428053
a,1789832313.447523,1789832313.5344982
m,1789832313.565179,1789832313.6512463
Key.backspace,1789832313.8526525,1789832313.902635
Key.backspace,1789832313.9691231,1789832314.0646186
s,1789832314.082395,1789832314.18467
m,1789832314.1886961,1789832314.2695405
a,1789832314.3133442,1789832314.3925695
l,1789832314.4197729,1789832314.474161
l,1789832314.5323935,1789832314.5927546
Key.space,1789832314.7323253,1789832314.7894316
i,1789832314.883773,1789832315.0026557
n,1789832315.0040467,1789832315.0769355
t,1789832315.1146903,1789832315.1962805
o,1789832315.2022274,1789832315.278779
Key.space,1789832315.3682115,1789832315.4584885
p,1789832315.5775645,1789832315.6939185
u,1789832315.7517962,1789832315.8198047
b,1789832315.8636272,1789832315.9507794
l,1789832316.0404563,1789832316.1178498
i,1789832316.2857897,1789832316.343288
c,1789832316.3649976,1789832316.4532955
Key.space,1789832316.5178397,1789832316.6051412
t,1789832316.6677456,1789832316.8113558
h,1789832316.8184285,1789832316.8815775
e,1789832316.893276,1789832316.9963865
y,1789832317.0212383,1789832317.0837405
Key.space,1789832317.202867,1789832317.315678
d,1789832317.4320607,1789832317.5153198
e,1789832317.6102057,1789832317.694542
v,1789832317.713873,1789832317.8075416
e,1789832317.8115764,1789832317.8863058
l,1789832317.878409,1789832317.950891
o,1789832318.0555632,1789832318.1183717
p,1789832318.4745502,1789832318.597659
Key.space,1789832318.7425172,1789832318.8304777
t,1789832318.8618999,1789832318.9512615
h,1789832318.9934697,1789832319.0844057
i,1789832319.1009843,1789832319.2539573
s,1789832319.257577,1789832319.340676
Key.space,1789832319.358179,1789832319.4428399
l,1789832319.5982778,1789832319.6964326
a,1789832319.6696525,1789832319.7814221
t,1789832319.791884,1789832319.9187384
e,1789832319.8749747,1789832319.9844174
Key.space,1789832320.0387297,1789832320.123233
t,1789832320.132051,1789832320.2212193
h,1789832320.2793605,1789832320.3623736
e,1789832320.364918,1789832320.4382935
n,1789832320.4893339,1789832320.5509517
Key.space,1789832320.65184,1789832320.7459288
f,1789832320.7043219,1789832320.7958155
a,1789832320.8093762,1789832320.9460695
c,1789832320.9114172,1789832321.0285325
e,1789832321.0296936,1789832321.1444566
Key.space,1789832321.1898532,1789832321.2695384
h,1789832321.385511,1789832321.4852722
e,1789832321.412661,1789832321.5603144
a,1789832321.5195067,1789832321.6389394
d,1789832321.5900073,1789832321.6811306
Key.space,1789832321.7271528,1789832321.7950983
j,1789832321.9104042,1789832321.99162
u,1789832322.0860777,1789832322.1825495
s,1789832322.1715384,1789832322.2882588
t,1789832322.2895284,1789832322.3593118
Key.space,1789832322.3613288,1789832322.439274
b,1789832322.5576525,1789832322.6383557
e,1789832322.6060944,1789832322.707559
c,1789832322.7485793,1789832322.8262103
o,1789832322.850361,1789832322.9775598
m,1789832322.9796576,1789832323.0717766
e,1789832323.075336,1789832323.162117
Key.space,1789832323.2006876,1789832323.2738695
l,1789832323.4170914,1789832323.498829
i,1789832323.6075273,1789832323.7073758
n,1789832323.7320008,1789832323.819041
e,1789832323.85753,1789832323.9306493
Key.space,1789832323.9406824,1789832323.9989054
o,1789832324.0475917,1789832324.1907945
n,1789832324.1791708,1789832324.2579715
e,1789832324.2985413,1789832324.371087
Key.space,1789832324.385338,1789832324.4434495
w,1789832324.5014765,1789832324.5885763
i,1789832324.5794659,1789832324.6896312
t,1789832324.7035615,1789832324.8035643
h,1789832324.7878137,1789832324.8786829
Key.space,1789832324.994275,1789832325.090274
w,1789832325.0659854,1789832325.1591563
h,1789832325.2331033,1789832325.3215508
e,1789832325.3099275,1789832325.4040732
r,1789832325.3834362,1789832325.5153716
e,1789832325.5173683,1789832325.6011748
Key.space,1789832325.5819628,1789832325.656476
h,1789832325.76823,1789832325.8547113
e,1789832325.8571808,1789832325.9450204
Key.space,1789832325.97444,1789832326.0506809
k,1789832326.1763468,1789832326.295662
n,1789832326.3319886,1789832326.3977113
o,1789832326.4554415,1789832326.5887125
w,1789832326.5908115,1789832326.6665807
Key.space,1789832326.7428682,1789832326.8461642
a,1789832326.8941846,1789832327.023162
t,1789832327.0268817,1789832327.1084173
Key.space,1789832327.1427372,1789832327.2383318
w,1789832327.2803016,1789832327.3864357
a,1789832327.5089786,1789832327.5862653
n,1789832327.5995312,1789832327.681096
t,1789832327.7530725,1789832327.8351495
Key.space,1789832327.820645,1789832327.9026513
i,1789832327.965184,1789832328.0833309
f,1789832328.073602,1789832328.1583476
Key.space,1789832328.1921403,1789832328.2803526
s,1789832328.302848,1789832328.4110034
t,1789832328.4419596,1789832328.4999301
i,1789832328.5014338,1789832328.5721924
l,1789832328.7000873,1789832328.758412
l,1789832328.8369899,1789832328.9016273
Key.space,1789832329.0485568,1789832329.123237
k,1789832329.3035254,1789832329.3887577
n,1789832329.4831514,1789832329.5445356
o,1789832329.5778592,1789832329.71206
w,1789832329.7517052,1789832329.8010538
Key.space,1789832329.8543262,1789832329.9194345
t,1789832329.9574983,1789832330.0361028
h,1789832330.0797632,1789832330.1257482
i,1789832330.1686416,1789832330.3242435
s,1789832330.3453977,1789832330.4354725
Key.space,1789832330.451823,1789832330.5517364
w,1789832330.601483,1789832330.7395105
a,1789832330.7295127,1789832330.8568542
y,1789832330.9212208,1789832331.0042276
Key.space,1789832331.0435808,1789832331.132778
c,1789832331.1983075,1789832331.2864156
h,1789832331.2950616,1789832331.3697326
a,1789832331.4531665,1789832331.5663254
n,1789832331.777152,1789832331.8685038
g,1789832331.898043,1789832332.0193846
e,1789832331.968465,1789832332.0800602
Key.space,1789832332.0841508,1789832332.152943
m,1789832332.266242,1789832332.3549347
o,1789832332.3899224,1789832332.5367813
v,1789832332.4951684,1789832332.6087353
e,1789832332.5621336,1789832332.669472
Key.space,1789832332.658937,1789832332.729368
l,1789832332.8696134,1789832332.9384081
i,1789832333.0303426,1789832333.11505
n,1789832333.1704674,1789832333.2287858
e,1789832333.3019636,1789832333.3903842
Key.space,1789832333.374238,1789832333.4611015
h,1789832333.7208977,1789832333.823293
a,1789832333.8660724,1789832333.967601
v,1789832333.9516509,1789832334.0581176
e,1789832334.0371957,1789832334.1290858
Key.space,1789832334.111362,1789832334.194207
p,1789832334.284951,1789832334.3938878
r,1789832334.3827207,1789832334.4542334
o,1789832334.5527186,1789832334.6583967
b,1789832334.7138658,1789832334.7714314
l,1789832334.833735,1789832334.9187014
e,1789832334.952493,1789832335.0515237
m,1789832335.1042335,1789832335.1731799
Key.space,1789832335.297042,1789832335.36746
a,1789832335.3909452,1789832335.4982796
n,1789832335.5280926,1789832335.584197
y,1789832335.770387,1789832335.871107
Key.space,1789832335.9621727,1789832336.0675335
a,1789832336.1868684,1789832336.2656796
n,1789832336.2864394,1789832336.364758
o,1789832336.4229188,1789832336.5387244
t,1789832336.5582006,1789832336.678881
h,1789832336.694215,1789832336.8079991
e,1789832336.809421,1789832336.92073
r,1789832336.863991,1789832336.9545107
Key.space,1789832336.979226,1789832337.064244
a,1789832337.106611,1789832337.169178
n,1789832337.214968,1789832337.3268957
Key.backspace,1789832337.7006435,1789832337.7258596
b,1789832337.7286773,1789832337.8632066
u,1789832338.294507,1789832338.383407
Key.backspace,1789832338.5922015,1789832338.7190459
o,1789832339.1936054,1789832339.2625139
u,1789832339.3941438,1789832339.4534929
t,1789832339.5874507,1789832339.6174195
Key.space,1789832339.7372823,1789832339.8502848
s,1789832340.085074,1789832340.1681292
u,1789832340.1932452,1789832340.3037627
c,1789832340.3194435,1789832340.4028857
h,1789832340.4128735,1789832340.4851487
Key.space,1789832340.6314826,1789832340.7122383
g,1789832340.8495893,1789832340.9369414
r,1789832341.0461214,1789832341.1580288
e,1789832341.113422,1789832341.2797544
a,1789832341.214668,1789832341.3392034
t,1789832341.3268242,1789832341.4352617
Key.space,1789832341.4909916,1789832341.562903
h,1789832341.743181,1789832341.794881
o,1789832341.8786151,1789832341.9859567
u,1789832342.0068066,1789832342.1015472
s,1789832342.11343,1789832342.1891236
e,1789832342.289273,1789832342.3703725
Key.space,1789832342.4016411,1789832342.491843
a,1789832342.7837236,1789832342.8481014
Key.space,1789832342.871658,1789832342.9453685
b,1789832343.1088521,1789832343.1859016
o,1789832343.255331,1789832343.3788552
t,1789832343.406107,1789832343.4871993
h,1789832343.5256388,1789832343.6195667
Key.space,1789832343.7549086,1789832343.8340733
w,1789832343.8916898,1789832343.9670656
i,1789832343.981275,1789832344.148513
t,1789832344.1031826,1789832344.1607947
h,1789832344.2004106,1789832344.2923295
o,1789832344.372745,1789832344.4805245
u,1789832344.5024693,1789832344.6041398
t,1789832344.6134186,1789832344.7005014
Key.space,1789832344.7596424,1789832344.8323915
h,1789832344.9429789,1789832345.0431147
a,1789832345.044619,1789832345.1306605
n,1789832345.1801963,1789832345.2484105
d,1789832345.3248267,1789832345.3939407
Key.space,1789832345.467389,1789832345.5649529
t,1789832345.6086512,1789832345.7088284
u,1789832345.7241743,1789832345.8297737
r,1789832345.8603077,1789832345.9314365
n,1789832345.9344614,1789832346.0180037
Key.space,1789832346.144555,1789832346.217115
i,1789832346.4378474,1789832346.5255551
n,1789832346.5397518,1789832346.6521518
t,1789832346.7528253,1789832346.7927573
o,1789832346.8372033,1789832346.9301448
Key.space,1789832347.0583057,1789832347.146364
i,1789832347.3108764,1789832347.4239619
n,1789832347.4528694,1789832347.5391414
t,1789832347.5264914,1789832347.6273122
e,1789832347.6404276,1789832347.7636704
r,1789832347.743499,1789832347.8406308
e,1789832347.9992995,1789832348.0862677
n,1789832348.2017145,1789832348.309302
t,1789832348.4744804,1789832348.5337193
Key.backspace,1789832348.719563,1789832348.7789955
Key.backspace,1789832348.8450618,1789832348.9455066
s,1789832348.9707763,1789832349.0619953
t,1789832349.029977,1789832349.123243
Key.space,1789832349.1930778,1789832349.267012
w,1789832349.370928,1789832349.4708931
l,1789832349.6160178,1789832349.6737216
Key.backspace,1789832349.9061584,1789832349.9941633
e,1789832350.0229113,1789832350.1235516
l,1789832350.1317601,1789832350.1967814
l,1789832350.2579057,1789832350.3458378
Key.space,1789832350.503627,1789832350.5690024
l,1789832350.7068434,1789832350.7969205
a,1789832350.834535,1789832350.9629257
s,1789832350.8891685,1789832351.0346365
t,1789832351.0661361,1789832351.1557407
Key.space,1789832351.2275412,1789832351.3087685
s,1789832351.6173754,1789832351.750131
t,1789832351.7547028,1789832351.8711498
a,1789832351.876838,1789832351.9937418
t,1789832352.0934074,1789832352.2236006
e,1789832352.1798842,1789832352.2976992
Key.space,1789832352.3943858,1789832352.4772563
b,1789832352.9468133,1789832353.0286403
e,1789832353.0109942,1789832353.1435568
c,1789832353.4538848,1789832353.5947263
a,1789832353.6426053,1789832353.7457016
u,1789832353.8049512,1789832353.8983812
s,1789832353.9008183,1789832353.9848332
e,1789832354.0528386,1789832354.1474369
Key.space,1789832354.1787548,1789832354.2505448
h,1789832354.4302998,1789832354.502518
o,1789832354.5760694,1789832354.6999862
l,1789832354.7593124,1789832354.85249
d,1789832354.8790698,1789832354.9850526
Key.space,1789832354.9994648,1789832355.0581698
h,1789832355.1942613,1789832355.263252
e,1789832355.2985775,1789832355.3950932
l,1789832355.4368773,1789832355.5424528
p,1789832355.583058,1789832355.7114513
Key.space,1789832355.7929258,1789832355.8754358
m,1789832355.974965,1789832356.0862026
o,1789832356.1715882,1789832356.2936018
r,1789832356.313004,1789832356.4541583
e,1789832356.371192,1789832356.5019715
Key.space,1789832356.5446677,1789832356.6142151
s,1789832356.766109,1789832356.8306994
i,1789832357.115785,1789832357.240699
n,1789832357.276463,1789832357.3625724
c,1789832357.420167,1789832357.5361123
e,1789832357.538116,1789832357.6221347
Key.space,1789832357.6086981,1789832357.6982298
w,1789832357.747039,1789832357.822241
i,1789832357.8436382,1789832357.9462473
t,1789832357.9553514,1789832358.0405638
h,1789832358.0451229,1789832358.1117024
Key.space,1789832358.220683,1789832358.315056
f,1789832358.3248346,1789832358.4130626
a,1789832358.4511733,1789832358.569356
c,1789832358.5312681,1789832358.6524167
e,1789832358.653928,1789832358.7523053
Key.space,1789832358.7598348,1789832358.8609345
b,1789832359.11022,1789832359.1877184
y,1789832359.2777948,1789832359.3361223
Key.space,1789832359.4329827,1789832359.5117087
w,1789832359.5602977,1789832359.6757493
r,1789832359.6546705,1789832359.755387
i,1789832359.8155434,1789832359.929502
t,1789832359.9310253,1789832360.0518491
e,1789832360.0099149,1789832360.135617
Key.space,1789832360.1367593,1789832360.2057037
t,1789832360.2614377,1789832360.334422
h,1789832360.3685038,1789832360.4470136
e,1789832360.463861,1789832360.5832307
n,1789832360.5846534,1789832360.6406777
Key.space,1789832360.7343442,1789832360.796284
l,1789832360.9679005,1789832361.026297
o,1789832361.0867844,1789832361.2036922
n,1789832361.2363992,1789832361.3019493
g,1789832361.3464384,1789832361.420814
Key.space,1789832361.4303904,1789832361.5063903
i,1789832361.5539489,1789832361.69009
n,1789832361.671691,1789832361.7448301
o,1789832361.8189924,1789832361.9206681
t,1789832361.9438436,1789832362.04986
Key.backspace,1789832362.2363274,1789832362.2788448
Key.backspace,1789832362.3477018,1789832362.4243445
t,1789832362.466389,1789832362.5625858
o,1789832362.5112226,1789832362.600988
Key.space,1789832362.7406292,1789832362.803777
c,1789832362.9859118,1789832363.080328
o,1789832363.0701296,1789832363.1498141
u,1789832363.2167444,1789832363.272314
d,1789832363.525768,1789832363.5954914
Key.backspace,1789832363.7805114,1789832363.8803406
l,1789832363.950412,1789832364.0539284
d,1789832364.1091466,1789832364.1840076
Key.space,1789832364.2217624,1789832364.3061774
a,1789832364.40524,1789832364.467135
g,1789832364.5518153,1789832364.6368537
a,1789832364.663478,1789832364.7431765
i,1789832364.724775,1789832364.8083875
n,1789832364.8381574,1789832364.9291873
s,1789832364.9532115,1789832365.0764644
t,1789832365.0774784,1789832365.1794477
Key.space,1789832365.1864555,1789832365.2628834
p,1789832365.4542058,1789832365.6088173
r,1789832365.6387377,1789832365.7426612
e,1789832365.6724563,1789832365.76488
s,1789832365.8775759,1789832365.9366012
e,1789832366.0264015,1789832366.1260052
n,1789832366.166853,1789832366.257458
t,1789832366.260978,1789832366.357544
Key.space,1789832366.4030948,1789832366.4775624
t,1789832366.5496411,1789832366.640932
a,1789832366.647,1789832366.7461572
k,1789832366.7702022,1789832366.8610852
e,1789832366.879105,1789832366.969692
Key.space,1789832367.0084264,1789832367.0959804
g,1789832367.1614363,1789832367.2898316
Key.backspace,1789832367.4988694,1789832367.6006348
h,1789832367.5739737,1789832367.6595397
a,1789832367.6919286,1789832367.8226106
v,1789832367.8246462,1789832367.956366
e,1789832367.9737856,1789832368.0984542
Key.space,1789832368.1133916,1789832368.2105052
g,1789832368.2252696,1789832368.3483143
e,1789832368.55217,1789832368.6305983
n,1789832368.6942427,1789832368.787338
e,1789832368.8073118,1789832368.9902892
r,1789832368.896475,1789832369.00048
a,1789832368.9787335,1789832369.0859575
l,1789832369.15197,1789832369.2488003
Key.space,1789832369.4099247,1789832369.4816988
b,1789832369.6572614,1789832369.7341666
a,1789832369.736244,1789832369.866513
c,1789832369.8088698,1789832369.9061725
k,1789832369.9631972,1789832370.0334027
Key.space,1789832370.170653,1789832370.2307804
c,1789832370.2593625,1789832370.35692
a,1789832370.359435,1789832370.456749
l,1789832370.4590783,1789832370.5090804
l,1789832370.572168,1789832370.6558847
Key.space,1789832370.7947276,1789832370.85724
c,1789832371.0540326,1789832371.1375992
o,1789832371.1655443,1789832371.3102086
m,1789832371.3120396,1789832371.3862803
e,1789832371.4234047,1789832371.50186
Key.space,1789832371.5328236,1789832371.578232
h,1789832371.7111282,1789832371.7609978
o,1789832371.8073876,1789832371.964832
m,1789832371.9490938,1789832372.0242214
e,1789832372.0567756,1789832372.1293564
Key.space,1789832372.1681604,1789832372.2491724
i,1789832372.2731144,1789832372.3995154
t,1789832372.3714015,1789832372.4578872
Key.space,1789832372.492922,1789832372.6133568
f,1789832372.6834793,1789832372.7810578
i,1789832372.7820659,1789832372.8965404
n,1789832372.8855758,1789832372.972883
d,1789832372.9971097,1789832373.090356
Key.space,1789832373.098614,1789832373.182401
c,1789832373.2453604,1789832373.3145251
h,1789832373.3276944,1789832373.3838906
i,1789832373.398234,1789832373.5243282
l,1789832373.779144,1789832373.884883
d,1789832373.936665,1789832374.0242693
Key.space,1789832374.0589547,1789832374.175574
s,1789832374.309555,1789832374.3997266
o,1789832374.3720586,1789832374.4897144
Key.space,1789832374.5303519,1789832374.6492403
c,1789832374.650371,1789832374.7292094
o,1789832374.7776053,1789832374.8474984
u,1789832374.8688595,1789832374.9528487
r,1789832374.9606552,1789832375.0423565
e,1789832375.3350542,1789832375.3967428
Key.backspace,1789832375.6377168,1789832375.7398655
s,1789832375.717186,1789832375.807981
e,1789832375.9053762,1789832375.9825866
Key.space,1789832376.0036647,1789832376.099809
o,1789832376.144067,1789832376.283441
v,1789832376.243606,1789832376.3445356
e,1789832376.3465745,1789832376.5005412
r,1789832376.4754841,1789832376.5604048
Key.space,1789832376.5248232,1789832376.6249251
o,1789832376.6701527,1789832376.8014517
f,1789832376.7718186,1789832376.8656163
Key.space,1789832376.9158282,1789832377.0046296
w,1789832377.0061646,1789832377.087069
i,1789832377.0975451,1789832377.1981504
t,1789832377.217412,1789832377.2971451
h,1789832377.2747765,1789832377.351735
o,1789832377.4267573,1789832377.5365589
u,1789832377.5391166,1789832377.6236613
t,1789832377.6433241,1789832377.7140481
Key.space,1789832377.7747123,1789832377.8606746
s,1789832377.9268153,1789832377.9921875
h,1789832377.9980197,1789832378.0792465
o,1789832378.1023643,1789832378.2314987
w,1789832378.2003965,1789832378.2741508
Key.space,1789832378.315956,1789832378.4014018
o,1789832378.432993,1789832378.5631301
r,1789832378.5212831,1789832378.5817118
d,1789832378.6868367,1789832378.8011982
e,1789832378.7854037,1789832378.9245882
r,1789832378.9046552,1789832378.9850714
Key.space,1789832378.9532468,1789832379.0183127
m,1789832379.1276057,1789832379.199026
a,1789832379.3196187,1789832379.4440732
Key.space,1789832379.617816,1789832379.6791637
Key.backspace,1789832379.9687562,1789832380.0571492
y,1789832380.098226,1789832380.1883118
Key.space,1789832380.2243223,1789832380.2909951
h,1789832380.4200962,1789832380.512874
a,1789832380.4804053,1789832380.5994716
v,1789832380.6025958,1789832380.7092578
e,1789832380.6668608,1789832380.7478561
Key.space,1789832380.7869942,1789832380.8655906
k,1789832381.0701454,1789832381.162113
e,1789832381.1971426,1789832381.2739453
e,1789832381.3571308,1789832381.4543107
p,1789832381.43412,1789832381.5274916
Key.space,1789832381.6173677,1789832381.6974084
s,1789832381.77849,1789832381.8752477
h,1789832381.8946521,1789832381.9671977
o,1789832381.9936097,1789832382.1414964
u,1789832382.130975,1789832382.2066708
l,1789832382.3192568,1789832382.4104896
d,1789832382.435097,1789832382.530529
Key.space,1789832382.5648582,1789832382.6388443
s,1789832382.64211,1789832382.7333708
c,1789832382.754866,1789832382.8316293
h,1789832382.8617957,1789832382.9214537
o,1789832382.979364,1789832383.0767932
o,1789832383.136167,1789832383.198915
o,1789832383.375357,1789832383.4306576
l,1789832383.6078472,1789832383.705508
Key.backspace,1789832383.8575625,1789832383.93075
Key.backspace,1789832383.984932,1789832384.055479
l,1789832384.1906943,1789832384.2443056
Key.space,1789832384.3603604,1789832384.4579775
t,1789832384.5036154,1789832384.589085
h,1789832384.643946,1789832384.7098737
e,1789832384.810411,1789832384.8469007
y,1789832384.9751801,1789832385.0703964
Key.space,1789832385.1927726,1789832385.2527604
s,1789832385.3218012,1789832385.4066033
h,1789832385.4081073,1789832385.4823825
o,1789832385.5254724,1789832385.6507347
w,1789832385.629441,1789832385.7081885
Key.space,1789832385.7562058,1789832385.821194
t,1789832385.838736,1789832385.9225526
h,1789832385.990167,1789832386.0445902
s,1789832386.109743,1789832386.2131894
o,1789832386.0826647,1789832386.2181094
e,1789832386.3321707,1789832386.4102204
Key.space,1789832386.4156861,1789832386.474091
b,1789832386.5743635,1789832386.6568604
e,1789832386.6070187,1789832386.701218
g,1789832386.8304405,1789832386.9060042
i,1789832386.927212,1789832387.0521128
n,1789832387.0412254,1789832387.092675
Key.space,1789832387.176683,1789832387.2636864
h,1789832387.3931978,1789832387.467599
e,1789832387.5231829,1789832387.610059
l,1789832387.6496124,1789832387.7125325
p,1789832387.7542553,1789832387.8726237
Key.space,1789832387.9649658,1789832388.0505903
l,1789832388.160128,1789832388.2529001
a,1789832388.2301004,1789832388.3650675
s,1789832388.3130167,1789832388.4394114
t,1789832388.4788818,1789832388.5687356
Key.space,1789832388.5738811,1789832388.6572552
o,1789832388.6966138,1789832388.8256412
f,1789832388.7794628,1789832388.8403945
f,1789832388.919987,1789832388.994361
Key.space,1789832388.99829,1789832389.0952356
g,1789832389.1221812,1789832389.2168229
n,1789832389.3025594,1789832389.3930998
e,1789832389.479296,1789832389.5575209
r,1789832389.5151446,1789832389.621985
Key.backspace,1789832389.8142612,1789832389.870517
Key.backspace,1789832389.9569435,1789832390.062213
Key.backspace,1789832390.3209443,1789832390.416562
e,1789832390.5082562,1789832390.564737
n,1789832390.5920587,1789832390.6761456
e,1789832390.6924467,1789832390.8770936
r,1789832390.780099,1789832390.9025147
a,1789832390.8864558,1789832390.9832485
Key.space,1789832391.19046,1789832391.2917297
Key.backspace,1789832391.4897208,1789832391.569479
l,1789832391.6564476,1789832391.7439692
Key.space,1789832391.9063053,1789832392.0046487
o,1789832392.051943,1789832392.1860032
n,1789832392.1914387,1789832392.2931592
e,1789832392.367968,1789832392.451553
Key.space,1789832392.456711,1789832392.5422328
e,1789832392.590357,1789832392.6746275
n,1789832392.6590543,1789832392.7243345
d,1789832392.7794476,1789832392.861936
Key.space,1789832392.8477433,1789832392.9366703
y,1789832393.1421793,1789832393.2348948
o,1789832393.2751212,1789832393.3595848
u,1789832393.3624175,1789832393.4279552
Key.space,1789832393.5669873,1789832393.656829
f,1789832393.7088978,1789832393.7837908
e,1789832393.9969518,1789832394.1358943
w,1789832394.1063921,1789832394.2272432
Key.space,1789832394.1908927,1789832394.2880466
p,1789832394.390086,1789832394.5238528
e,1789832394.539518,1789832394.667331
o,1789832394.6683342,1789832394.7267866
p,1789832394.829936,1789832394.922329
l,1789832394.9058018,1789832395.0084927
e,1789832395.0528305,1789832395.1491258
Key.space,1789832395.1629136,1789832395.2568352
t,1789832395.3322988,1789832395.4060404
o,1789832395.4127884,1789832395.4748516
o,1789832395.5427969,1789832395.6249201
Key.space,1789832395.7197077,1789832395.7914326
o,1789832395.920896,1789832396.012249
n,1789832396.0254502,1789832396.0390337
Key.space,1789832396.174689,1789832396.2920458
g,1789832396.3347163,1789832396.4102075
r,1789832396.783349,1789832396.864564
o,1789832396.921934,1789832397.0570364
h,1789832397.0431025,1789832397.1097822
p,1789832397.2062047,1789832397.338274
Key.backspace,1789832397.5674782,1789832397.6080832
Key.backspace,1789832397.685802,1789832397.7482688
u,1789832398.1214068,1789832398.2041862
p,1789832398.3390706,1789832398.4296093
Key.space,1789832398.5277865,1789832398.6234958
d,1789832398.635125,1789832398.7355642
o,1789832398.7235682,1789832398.8683872
w,1789832398.8693879,1789832398.950101
n,1789832398.9520996,1789832398.9938552
Key.space,1789832399.1261315,1789832399.2118201
o,1789832399.2870219,1789832399.413526
n,1789832399.4159763,1789832399.4751494
Key.space,1789832399.5934794,1789832399.6907938
c,1789832399.8220453,1789832399.934899
a,1789832399.9218361,1789832399.9855192
n,1789832399.993667,1789832400.0571811
Key.space,1789832400.1430414,1789832400.2084947
s,1789832400.2316043,1789832400.307581
h,1789832400.3475964,1789832400.398935
o,1789832400.438869,1789832400.5496652
w,1789832400.5537047,1789832400.6195076
Key.space,1789832400.653888,1789832400.726894
h,1789832400.8316658,1789832400.9184387
a,1789832400.9647007,1789832400.994266
n,1789832401.035863,1789832401.1131961
d,1789832401.1400769,1789832401.241176
Key.space,1789832401.21187,1789832401.2870395
t,1789832401.3852148,1789832401.4548702
h,1789832401.4666526,1789832401.4969022
a,1789832401.5262213,1789832401.622881
n,1789832401.7034338,1789832401.7823539
Key.esc,1789832403.387121,1789832403.483482
o,1791194722.0044243,1791194722.0067115
l,1791194722.0848484,1791194722.2184627
d,1791194722.236494,1791194722.316551
Key.space,1791194722.7443295,1791194722.7453299
w,1791194722.7696068,1791194722.9171128
e,1791194722.8386135,1791194722.945256
l,1791194722.9732387,1791194723.2195685
l,1791194723.4673157,1791194723.5697517
Key.space,1791194723.699032,1791194723.9281685
i,1791194723.9301686,1791194724.0152943
n,1791194723.9934826,1791194724.056824
Key.space,1791194724.1556723,1791194724.2364175
u,1791194724.3174348,1791194724.4173725
p,1791194724.5501683,1791194724.6653812
Key.space,1791194724.788009,1791194724.865398
o,1791194724.9595401,1791194725.2266073
Key.space,1791194725.2276735,1791194725.270629
Key.backspace,1791194725.63217,1791194725.741111
f,1791194725.9638886,1791194725.9658883
Key.space,1791194725.9668882,1791194725.9926825
i,1791194726.070172,1791194726.1979399
t,1791194726.2160873,1791194726.5904768
Key.space,1791194726.5924819,1791194726.5934825
g,1791194726.5946636,1791194726.6315928
i,1791194726.6423163,1791194726.7724628
v,1791194726.7750182,1791194726.7780232
v,1791194726.8816285,1791194726.9067237
e,1791194726.8796132,1791194726.9768662
Key.space,1791194727.171314,1791194727.269825
p,1791194728.1536841,1791194728.2777143
u,1791194728.2798178,1791194728.2811117
b,1791194728.2823305,1791194728.3355813
l,1791194728.3567905,1791194728.4636478
i,1791194728.5885603,1791194728.66942
c,1791194728.6731627,1791194728.7626176
Key.space,1791194729.0114262,1791194729.0127685
m,1791194729.0239058,1791194729.1115608
a,1791194729.1465874,1791194729.220142
n,1791194729.2640781,1791194729.5585122
y,1791194729.5606086,1791194729.5616486
Key.space,1791194729.5922308,1791194729.6941552
t,1791194729.7253652,1791194729.8204024
h,1791194729.8301342,1791194729.9193804
a,1791194729.93734,1791194730.0195596
n,1791194730.0364678,1791194730.1164544
Key.space,1791194730.2447875,1791194730.316427
t,1791194730.380631,1791194730.4542286
h,1791194730.4748337,1791194730.8548265
r,1791194730.978688,1791194730.979902
o,1791194730.981195,1791194730.982088
u,1791194730.983329,1791194730.9853132
g,1791194730.9869204,1791194731.0290043
h,1791194731.0860171,1791194731.1553035
Key.space,1791194731.3879867,1791194731.4028234
s,1791194731.496404,1791194731.5631127
h,1791194731.5932775,1791194731.6648698
e,1791194731.6923954,1791194731.7757056
Key.space,1791194731.8436518,1791194731.92134
a,1791194732.173037,1791194732.175037
r,1791194732.1770377,1791194732.2222824
o,1791194732.233549,1791194732.3346622
u,1791194732.462064,1791194732.562323
n,1791194732.6084406,1791194732.683857
d,1791194732.7239444,1791194732.797643
Key.space,1791194732.8161597,1791194732.8859127
s,1791194732.8989213,1791194733.0079277
t,1791194733.049016,1791194733.1170015
a,1791194733.140798,1791194733.4300084
n,1791194733.4320085,1791194733.433009
d,1791194733.4340096,1791194733.4383752
Key.space,1791194733.473548,1791194733.5446932
g,1791194733.6094744,1791194733.7077818
r,1791194733.8200336,1791194733.9420748
e,1791194733.899993,1791194734.046891
a,1791194733.973661,1791194734.1234653
t,1791194734.1260772,1791194734.1680367
Key.space,1791194734.2430491,1791194734.3157442
k,1791194734.4464965,1791194734.5977862
e,1791194734.5997865,1791194734.783374
e,1791194734.7843735,1791194734.8119626
p,1791194734.785373,1791194734.8971393
Key.space,1791194735.042622,1791194735.1285913
r,1791194735.5198581,1791194735.5853267
u,1791194735.5952437,1791194735.7222044
n,1791194735.7365022,1791194736.1043618
Key.space,1791194736.1213706,1791194736.1223714
b,1791194736.123876,1791194736.1687899
e,1791194736.1748457,1791194736.285694
c,1791194736.3509655,1791194736.4275591
a,1791194736.440074,1791194736.4986565
u,1791194736.5647242,1791194736.658628
s,1791194736.6341043,1791194736.7293568
e,1791194736.8207185,1791194736.908815
Key.space,1791194736.9539511,1791194737.0335145
w,1791194737.0660603,1791194737.39357
t,1791194737.3955722,1791194737.4586627
h,1791194737.4917262,1791194737.5571566
Key.space,1791194737.7303226,1791194737.8109994
p,1791194738.1414025,1791194738.2745924
r,1791194738.3116338,1791194738.5577621
o,1791194738.558761,1791194738.5597622
g,1791194738.5912757,1791194738.6916907
r,1791194738.7921886,1791194738.8971763
a,1791194738.878628,1791194738.973712
m,1791194738.9790895,1791194739.074066
Key.space,1791194739.1868613,1791194739.2724843
o,1791194739.3785882,1791194739.500123
t,1791194739.5111625,1791194739.7650652
h,1791194739.766066,1791194739.7680664
e,1791194739.7690656,1791194739.8697777
r,1791194739.815773,1791194739.921963
Key.space,1791194739.9283698,1791194740.0056446
s,1791194740.0718796,1791194740.1578171
o,1791194740.1618183,1791194740.2744756
m,1791194740.2514052,1791194740.3484826
e,1791194740.3787503,1791194740.4662158
Key.space,1791194740.5257533,1791194740.6128507
s,1791194740.6323664,1791194740.7240686
t,1791194741.0796618,1791194741.0806615
i,1791194741.0826607,1791194741.083661
l,1791194741.1274834,1791194741.1846275
l,1791194741.2537346,1791194741.3245604
Key.space,1791194741.4615533,1791194741.5339832
t,1791194741.5702324,1791194741.6749494
o,1791194741.6645467,1791194741.7866461
Key.space,1791194741.849454,1791194741.9484763
s,1791194742.0213976,1791194742.0944698
h,1791194742.4014268,1791194742.4034274
o,1791194742.4044263,1791194742.4054277
w,1791194742.4064271,1791194742.4768925
Key.space,1791194742.7481308,1791194742.7491312
t,1791194742.7502892,1791194742.7838433
h,1791194742.8495457,1791194742.9461534
e,1791194742.9867387,1791194743.1162071
r,1791194743.1186178,1791194743.2664664
e,1791194743.2323222,1791194743.3410683
Key.space,1791194743.5757484,1791194743.5777493
i,1791194743.579751,1791194743.717736
n,1791194743.729745,1791194743.8089411
c,1791194743.7885385,1791194743.9055624
r,1791194744.0944512,1791194744.2460392
e,1791194744.2657197,1791194744.4880445
a,1791194744.4900455,1791194744.5050359
s,1791194744.492046,1791194744.5371988
e,1791194744.6211624,1791194744.7303205
Key.space,1791194744.7378635,1791194744.834338
s,1791194744.8649538,1791194744.9689891
h,1791194745.0136678,1791194745.0915904
o,1791194745.1754556,1791194745.3274243
w,1791194745.3294232,1791194745.4109192
Key.space,1791194745.4686894,1791194745.734461
o,1791194745.7369704,1791194745.7555807
t,1791194745.7790563,1791194745.866388
h,1791194745.883592,1791194745.9693668
e,1791194746.0083132,1791194746.151188
r,1791194746.0920272,1791194746.1787086
Key.space,1791194746.1867101,1791194746.2628548
o,1791194746.352406,1791194746.5371623
f,1791194746.5343466,1791194746.5371623
f,1791194746.6217554,1791194746.7041464
Key.space,1791194747.056487,1791194747.058488
c,1791194747.0599961,1791194747.1148021
o,1791194747.1753962,1791194747.3003988
m,1791194747.314239,1791194747.4209652
e,1791194747.4931903,1791194747.5804906
Key.space,1791194747.596793,1791194747.6790092
t,1791194747.7673979,1791194747.8551996
h,1791194747.8794196,1791194747.941754
i,1791194747.9638577,1791194748.19922
n,1791194748.1982195,1791194748.233879
g,1791194748.255045,1791194748.34944
Key.space,1791194748.365436,1791194748.4689028
t,1791194748.4889383,1791194748.580475
h,1791194748.6280847,1791194748.7285154
i,1791194748.7298708,1791194748.8761687
s,1791194748.855004,1791194748.9499438
Key.space,1791194748.962196,1791194749.0467594
h,1791194749.177992,1791194749.2999048
e,1791194749.2979047,1791194749.3795063
a,1791194749.3315492,1791194749.48147
d,1791194749.524659,1791194749.6002204
Key.space,1791194749.6421733,1791194749.7112913
m,1791194749.8381796,1791194749.9383442
u,1791194750.056729,1791194750.1984794
s,1791194750.2004807,1791194750.4528003
t,1791194750.4538069,1791194750.4561222
Key.space,1791194750.4571269,1791194750.5040126
s,1791194750.6162105,1791194750.6913912
h,1791194750.7008388,1791194750.7801826
o,1791194750.8564987,1791194750.98398
u,1791194750.9869812,1791194751.0601768
l,1791194751.1913917,1791194751.2888646
d,1791194751.3267388,1791194751.4104424
Key.space,1791194751.4471414,1791194751.6121464
d,1791194751.6151574,1791194751.6472087
u,1791194751.678265,1791194751.7676578
r,1791194751.7943223,1791194751.8491592
i,1791194751.9152453,1791194751.9697447
n,1791194751.9800878,1791194752.0805092
g,1791194752.1572618,1791194752.2325594
Key.space,1791194752.2350662,1791194752.314503
f,1791194752.3870583,1791194752.4746249
e,1791194752.7897208,1791194752.8617215
e,1791194752.939715,1791194753.037629
l,1791194753.285642,1791194753.6617942
Key.space,1791194754.1004934,1791194754.1004934
o,1791194754.1025007,1791194754.1025007
n,1791194754.104509,1791194754.104509
l,1791194754.2250798,1791194754.3307285
y,1791194754.4137075,1791194754.4642153
Key.space,1791194754.5751708,1791194754.6418529
a,1791194754.6932826,1791194754.7858624
n,1791194754.8012526,1791194754.8813791
y,1791194755.0319452,1791194755.4352489
Key.space,1791194755.5942738,1791194755.5942738
h,1791194755.5962808,1791194755.5982876
o,1791194755.5982876,1791194755.660605
m,1791194755.6384947,1791194755.7262967
e,1791194755.7660298,1791194755.8555515
Key.space,1791194755.8667915,1791194755.9403236
m,1791194756.0488598,1791194756.1447692
a,1791194756.1160882,1791194756.2102776
n,1791194756.2800097,1791194756.3632863
y,1791194756.4739633,1791194756.5158656
Key.space,1791194756.6010358,1791194756.9544694
n,1791194756.9564762,1791194756.9584844
o,1791194756.9604912,1791194757.0434124
Key.space,1791194757.1289973,1791194757.2078936
o,1791194757.2508764,1791194757.4043093
r,1791194757.4439027,1791194757.5356991
Key.space,1791194757.5730143,1791194757.643093
s,1791194757.708453,1791194757.8025692
h,1791194757.8156228,1791194757.8896792
o,1791194758.1117687,1791194758.1137774
u,1791194758.1157854,1791194758.1642618
l,1791194758.2880564,1791194758.3978229
d,1791194758.4320998,1791194758.5393271
Key.space,1791194758.5635195,1791194758.6313593
m,1791194758.7444305,1791194758.8544626
u,1791194758.966279,1791194759.068868
s,1791194759.0942762,1791194759.321394
t,1791194759.321394,1791194759.3254085
Key.space,1791194759.323402,1791194759.368598
i,1791194759.4428198,1791194759.5852234
i,1791194759.591247,1791194759.6413932
n,1791194759.6272228,1791194759.675492
Key.space,1791194759.7853131,1791194759.8692286
m,1791194759.9919639,1791194760.0792904
a,1791194760.65478,1791194760.7529263
k,1791194760.754934,1791194760.883552
e,1791194760.8933306,1791194760.9750147
Key.space,1791194761.0551355,1791194761.1450002
g,1791194761.4376333,1791194761.6087506
o,1791194761.6104977,1791194761.7226567
r,1791194761.685161,1791194761.7513285
Key.backspace,1791194762.0694697,1791194762.1868818
Key.backspace,1791194762.2260745,1791194762.328009
r,1791194762.3696315,1791194762.46031
o,1791194762.447825,1791194762.58256
u,1791194762.718608,1791194762.7795472
p,1791194762.9154887,1791194763.004413
Key.space,1791194763.1656792,1791194763.2459862
t,1791194763.319092,1791194763.4182823
h,1791194763.4336402,1791194763.5314023
i,1791194763.5381963,1791194763.7062533
n,1791194763.6902065,1791194763.8042066
k,1791194763.8928537,1791194763.9883204
Key.space,1791194764.1067996,1791194764.1914818
b,1791194764.3230581,1791194764.4082394
e,1791194764.4551952,1791194764.5610034
c,1791194764.5347977,1791194764.642526
o,1791194764.6696637,1791194764.7978692
m,1791194764.9805267,1791194764.9805267
e,1791194764.9863815,1791194765.0788174
Key.space,1791194765.148013,1791194765.250558
a,1791194765.3962123,1791194765.4805026
r,1791194765.48251,1791194765.5562003
o,1791194765.598457,1791194765.7085824
u,1791194765.8108597,1791194765.9186764
n,1791194765.9237077,1791194766.1118395
d,1791194766.1118395,1791194766.188119
Key.space,1791194766.188119,1791194766.2847717
f,1791194766.3644974,1791194766.4430237
e,1791194766.8469205,1791194766.9259048
r,1791194766.802913,1791194766.9318435
Key.backspace,1791194767.0787823,1791194767.221494
Key.backspace,1791194767.759122,1791194767.8193035
Key.backspace,1791194767.9049973,1791194768.0006192
r,1791194768.0132618,1791194768.13059
e,1791194768.0537384,1791194768.1931717
a,1791194768.1690655,1791194768.3275146
l,1791194768.3295944,1791194768.4129996
Key.space,1791194768.582056,1791194768.6547525
d,1791194768.754802,1791194768.845847
e,1791194768.8043385,1791194768.9152482
b,1791194768.971753,1791194769.0461369
Key.backspace,1791194769.5952315,1791194769.7037814
v,1791194769.688696,1791194769.7995675
e,1791194769.765696,1791194769.8806205
l,1791194769.8992188,1791194770.0123444
o,1791194770.1196005,1791194770.2114925
p,1791194770.2999501,1791194770.3920274
Key.space,1791194770.5603278,1791194770.638156
d,1791194770.6855562,1791194770.7654653
u,1791194770.7989504,1791194770.907819
r,1791194770.9238164,1791194771.0187466
i,1791194771.022322,1791194771.14631
n,1791194771.1132133,1791194771.206657
g,1791194771.2571974,1791194771.3247318
Key.space,1791194771.366973,1791194771.4465938
b,1791194771.6201448,1791194771.704102
o,1791194771.7962763,1791194771.9403684
t,1791194772.001649,1791194772.0809462
h,1791194772.0885782,1791194772.1605003
Key.space,1791194772.296049,1791194772.3964045
n,1791194772.5418148,1791194772.7004828
e,1791194772.7774377,1791194772.8925004
v,1791194772.91138,1791194773.0542336
e,1791194773.0400317,1791194773.1260989
e,1791194773.1626704,1791194773.205003
r,1791194773.323957,1791194773.37985
Key.backspace,1791194773.8059733,1791194773.847448
Key.backspace,1791194773.9125144,1791194774.038269
r,1791194774.1039433,1791194774.2103033
Key.space,1791194774.288534,1791194774.3886037
h,1791194774.6136823,1791194774.686734
a,1791194774.7418327,1791194774.8930917
n,1791194774.8930917,1791194774.940714
d,1791194774.952829,1791194775.055242
Key.space,1791194775.0920722,1791194775.1837628
b,1791194775.6790917,1791194775.793958
e,1791194775.7730222,1791194775.9752603
t,1791194775.9762657,1791194776.0735064
w,1791194776.154768,1791194776.2931304
e,1791194776.2584314,1791194776.3234785
e,1791194776.4039328,1791194776.499296
n,1791194776.5112193,1791194776.6181064
Key.space,1791194776.7094197,1791194776.7890184
n,1791194776.911529,1791194777.088619
o,1791194777.1044898,1791194777.225744
w,1791194777.1985993,1791194777.2949216
Key.space,1791194777.3410676,1791194777.4274788
s,1791194777.5369308,1791194777.6077166
e,1791194777.7069373,1791194777.8347158
t,1791194777.8375297,1791194777.9234939
Key.space,1791194777.9610713,1791194778.0584009
a,1791194778.1988068,1791194778.2774608
r,1791194778.2618098,1791194778.293188
Key.backspace,1791194778.5308285,1791194778.5884032
Key.backspace,1791194778.6549659,1791194778.7739081
t,1791194778.7764163,1791194778.8642929
h,1791194778.9096904,1791194779.0053642
r,1791194779.0153332,1791194779.0939693
o,1791194779.1260521,1791194779.2690682
u,1791194779.2733598,1791194779.3659153
g,1791194779.3952453,1791194779.4919
h,1791194779.5620918,1791194779.6406229
Key.space,1791194779.7866523,1791194779.8910508
g,1791194779.9396524,1791194780.062708
e,1791194780.0686188,1791194780.2248883
Key.space,1791194780.3514664,1791194780.3932133
Key.backspace,1791194780.670297,1791194780.788585
t,1791194780.788585,1791194780.8929565
Key.space,1791194780.958837,1791194781.0294425
o,1791194781.1296318,1791194781.2630198
l,1791194781.3378236,1791194781.4623737
d,1791194781.4797974,1791194781.605341
Key.space,1791194781.663659,1791194781.7161744
r,1791194782.003209,1791194782.0966685
Key.backspace,1791194782.364392,1791194782.4278982
o,1791194782.5490417,1791194782.656276
r,1791194782.6784022,1791194782.7294323
d,1791194782.8772306,1791194783.005149
e,1791194783.0778854,1791194783.209245
r,1791194783.1785285,1791194783.2432122
Key.space,1791194783.3485155,1791194783.4215884
s,1791194783.635884,1791194783.7295864
Key.backspace,1791194784.0088167,1791194784.0930302
c,1791194784.1195796,1791194784.204368
o,1791194784.2266757,1791194784.3084705
m,1791194784.4873903,1791194784.5699944
e,1791194784.7016773,1791194784.7439606
Key.space,1791194784.7279732,1791194784.8047266
p,1791194784.9151523,1791194785.0461924
e,1791194785.0569766,1791194785.1437306
o,1791194785.173509,1791194785.2432752
p,1791194785.348091,1791194785.46211
l,1791194785.4641745,1791194785.5410242
e,1791194785.6248434,1791194785.7883334
Key.space,1791194785.7905548,1791194785.856924
w,1791194786.2212605,1791194786.3055637
h,1791194786.3413413,1791194786.442491
i,1791194786.4582765,1791194786.587986
c,1791194786.6050591,1791194786.6821
h,1791194786.7136645,1791194786.8776762
Key.space,1791194786.9818094,1791194787.0758379
b,1791194787.3457365,1791194787.4425652
y,1791194787.5069783,1791194787.5860548
Key.space,1791194787.7062876,1791194787.7796047
h,1791194787.9549208,1791194787.9965224
i,1791194788.0023584,1791194788.141173
g,1791194788.1261635,1791194788.2053354
h,1791194788.2326264,1791194788.3046577
Key.space,1791194788.4392989,1791194788.5242698
u,1791194789.0389054,1791194789.0725622
Key.backspace,1791194789.7735195,1791194789.8779383
j,1791194790.0243433,1791194790.1452951
u,1791194790.240154,1791194790.3724341
s,1791194790.3828623,1791194790.519549
t,1791194790.4780002,1791194790.5939505
Key.space,1791194790.5956655,1791194790.6376336
s,1791194790.9070413,1791194790.9751618
o,1791194790.9751618,1791194791.1859486
e,1791194791.2887151,1791194791.3592005
Key.backspace,1791194791.601894,1791194791.7071714
m,1791194791.9284916,1791194792.038612
e,1791194792.0861075,1791194792.1754935
Key.space,1791194792.2697308,1791194792.3209975
e,1791194792.3780968,1791194792.5435288
a,1791194792.4939585,1791194792.6216564
r,1791194792.5986416,1791194792.6793945
l,1791194792.7119744,1791194792.8241043
y,1791194792.936386,1791194793.0225105
Key.space,1791194793.0866332,1791194793.1753569
c,1791194793.3484511,1791194793.3744948
a,1791194793.3922195,1791194793.4748356
n,1791194793.4413521,1791194793.5200603
Key.space,1791194793.6099076,1791194793.6784463
t,1791194793.6224325,1791194793.7038727
e,1791194793.8404634,1791194793.9356773
y,1791194793.9516866,1791194794.0752995
Key.space,1791194794.1383348,1791194794.2531526
e,1791194794.619155,1791194794.7420356
v,1791194794.7275321,1791194794.8239987
e,1791194794.8239987,1791194794.8999405
n,1791194794.8680582,1791194794.971733
Key.space,1791194795.0692992,1791194795.1515818
a,1791194795.1924717,1791194795.2681627
l,1791194795.3146012,1791194795.3607175
l,1791194795.504752,1791194795.5138903
Key.space,1791194795.6452599,1791194795.6986692
y,1791194795.7255192,1791194795.8181152
o,1791194795.8528416,1791194795.9692416
u,1791194795.9514043,1791194796.0361915
Key.space,1791194796.135176,1791194796.2063105
w,1791194796.1893988,1791194796.2949436
o,1791194796.2949436,1791194796.4136858
r,1791194796.379401,1791194796.4372258
l,1791194796.4848573,1791194796.5825465
d,1791194796.5825465,1791194796.659935
Key.space,1791194796.6797915,1791194796.721843
b,1791194796.8308098,1791194796.886824
e,1791194796.843953,1791194796.9942327
c,1791194796.996244,1791194797.0387611
o,1791194797.042773,1791194797.184344
m,1791194797.1629326,1791194797.2255912
e,1791194797.292831,1791194797.35768
Key.space,1791194797.3022232,1791194797.3729794
t,1791194797.512093,1791194797.5439885
a,1791194797.6750433,1791194797.6750433
k,1791194797.7125387,1791194797.8014598
e,1791194797.8437517,1791194797.9237447
Key.space,1791194797.9356346,1791194798.0286632
t,1791194798.1876912,1791194798.2058377
b,1791194798.2317066,1791194798.3061478
a,1791194798.332242,1791194798.4515834
f,1791194798.4167492,1791194798.4678454
k,1791194798.5054185,1791194798.6088095
Key.space,1791194798.941909,1791194798.985934
Key.space,1791194799.0917141,1791194799.1211522
b,1791194799.401086,1791194799.4612434
o,1791194799.5263498,1791194799.6414237
t,1791194799.6050415,1791194799.691465
h,1791194799.7306817,1791194799.862859
Key.space,1791194799.9086545,1791194799.9689825
t,1791194800.007655,1791194800.089493
o,1791194800.1009989,1791194800.1826296
Key.space,1791194800.2397077,1791194800.3200152
o,1791194800.3870814,1791194800.4942958
f,1791194800.483828,1791194800.5538967
Key.space,1791194800.5708237,1791194800.6410315
w,1791194800.658011,1791194800.7296722
h,1791194800.7610798,1791194800.8216581
i,1791194800.8403647,1791194800.9636807
c,1791194800.9614527,1791194801.0036855
b,1791194800.9894872,1791194801.0061815
Key.space,1791194801.1189559,1791194801.2077878
m,1791194801.3341417,1791194801.3941135
a,1791194801.4752395,1791194801.5383258
n,1791194801.5443683,1791194801.6115618
Key.space,1791194801.683702,1791194801.7726698
p,1791194802.0957427,1791194802.1620772
o,1791194802.256533,1791194802.2778292
r,1791194802.20497,1791194802.302293
g,1791194802.5244422,1791194802.5991976
r,1791194802.672766,1791194802.7634764
m,1791194802.7935421,1791194802.8632603
=,1791194803.4223328,1791194803.5334148
a,1791194803.5537677,1791194803.6384175
n,1791194804.0557425,1791194804.1016488
Key.space,1791194804.6637933,1791194804.7886171
i,1791194805.1211019,1791194805.4076235
b,1791194805.2498002,1791194805.4076235
',1791194805.9227576,1791194805.954933
Key.space,1791194806.480615,1791194806.5240552
h,1791194806.8995378,1791194807.0110354
o,1791194807.0414703,1791194807.1543484
w,1791194807.1335735,1791194807.2203739
e,1791194807.5709476,1791194807.6594565
v,1791194807.6028664,1791194807.7708488
e,1791194807.8335333,1791194807.9608517
r,1791194807.9385278,1791194808.0242484
Key.space,1791194808.1163564,1791194808.193027
w,1791194808.3221018,1791194808.4211516
h,1791194808.433341,1791194808.520909
Key.backspace,1791194808.8036742,1791194808.9040186
r,1791194808.9274802,1791194809.0094295
t,1791194809.1218271,1791194809.2084434
e,1791194809.2779555,1791194809.3564608
Key.space,1791194809.472119,1791194809.5765867
t,1791194810.0742533,1791194810.1663425
h,1791194810.1727383,1791194810.279444
i,1791194810.2588139,1791194810.4229796
n,1791194810.3897986,1791194810.4688075
g,1791194810.4997628,1791194810.5608277
k,1791194810.8194478,1791194810.8967519
Key.space,1791194811.07825,1791194811.167987
e,1791194811.3045828,1791194811.4881735
a,1791194811.4236126,1791194811.554873
c,1791194811.501774,1791194811.5930047
h,1791194811.648977,1791194811.7189195
Key.space,1791194811.8990498,1791194811.9245431
w,1791194811.983722,1791194812.087629
o,1791194812.0904477,1791194812.1941254
r,1791194812.1941254,1791194812.2661788
k,1791194812.2740245,1791194812.345147
Key.space,1791194812.4497538,1791194812.5199292
a,1791194812.6576142,1791194812.740543
n,1791194812.7554054,1791194812.8198676
o,1791194812.8660455,1791194812.9930806
t,1791194812.9836864,1791194813.0247734
h,1791194813.0728087,1791194813.1527934
e,1791194813.1237037,1791194813.236578
r,1791194813.204097,1791194813.2848675
Key.space,1791194813.2972982,1791194813.3613358
b,1791194813.4531136,1791194813.532621
e,1791194813.5101533,1791194813.6435966
f,1791194813.6435966,1791194813.651539
o,1791194813.677013,1791194813.8048697
r,1791194813.867615,1791194813.9867918
e,1791194814.0715408,1791194814.0715408
Key.space,1791194814.4050894,1791194814.4730382
n,1791194814.570962,1791194814.67004
o,1791194814.7087445,1791194814.8212702
t,1791194814.802197,1791194814.8725667
Key.space,1791194814.8725667,1791194814.9668608
w,1791194814.9493697,1791194815.069024
e,1791194815.0418525,1791194815.1524372
l,1791194815.1837962,1791194815.2309644
l,1791194815.2963123,1791194815.375192
Key.space,1791194815.4857376,1791194815.5500214
t,1791194815.564339,1791194815.6440384
h,1791194815.675445,1791194815.7389133
e,1791194815.7389133,1791194815.8347566
Key.space,1791194815.8544316,1791194815.9193325
t,1791194815.9561086,1791194816.0494633
h,1791194816.071383,1791194816.1402874
r,1791194816.2365377,1791194816.2625175
o,1791194816.2533476,1791194816.3454487
u,1791194816.3259342,1791194816.4092069
g,1791194816.4396987,1791194816.5249362
h,1791194816.5348382,1791194816.5954847
Key.space,1791194816.6669223,1791194816.7240903
a,1791194816.7740488,1791194816.8650215
g,1791194816.9797323,1791194817.055423
a,1791194817.0856366,1791194817.132852
i,1791194817.0856366,1791194817.2277253
n,1791194817.2120726,1791194817.3117383
Key.space,1791194817.3885376,1791194817.4683614
c,1791194818.2335474,1791194818.321273
a,1791194818.4080777,1791194818.4080777
n,1791194818.4080777,1791194818.50315
Key.space,1791194818.5914173,1791194818.6866996
l,1791194819.0186026,1791194819.1154897
i,1791194819.218071,1791194819.3646655
n,1791194819.3519852,1791194819.4018903
e,1791194819.3751378,1791194819.4942758
Key.space,1791194819.541558,1791194819.617962
m,1791194819.7055829,1791194819.779759
o,1791194819.7877421,1791194819.9385157
n,1791194819.9169626,1791194819.9816675
r,1791194819.989704,1791194820.0399675
Key.backspace,1791194820.4465258,1791194820.744775
Key.backspace,1791194820.7492597,1791194820.7492597
Key.backspace,1791194820.8116508,1791194820.9306993
r,1791194820.954885,1791194821.0939977
e,1791194821.0124307,1791194821.1086738
Key.space,1791194821.1152346,1791194821.2009454
s,1791194821.219306,1791194821.3480785
t,1791194821.3118715,1791194821.4152193
i,1791194821.3780346,1791194821.4618754
k,1791194821.570654,1791194821.6367073
Key.backspace,1791194822.226441,1791194822.3371727
l,1791194822.446618,1791194822.5381255
l,1791194822.6036737,1791194822.6997242
Key.space,1791194822.830942,1791194822.9020245
l,1791194823.0215826,1791194823.0746942
i,1791194823.1573668,1791194823.4053683
f,1791194823.4053683,1791194823.408283
e,1791194823.408283,1791194823.4383516
Key.space,1791194823.4253323,1791194823.517217
t,1791194823.5196137,1791194823.5940056
h,1791194823.6257758,1791194823.7079844
a,1791194823.6886475,1791194823.7543995
Key.backspace,1791194824.0815463,1791194824.148733
e,1791194824.1878042,1791194824.2624662
n,1791194824.3057265,1791194824.3716762
Key.space,1791194824.5743666,1791194824.5743666
h,1791194824.6713467,1791194824.7381926
i,1791194824.756388,1791194824.8638299
g,1791194824.8077466,1791194824.889407
h,1791194824.9095047,1791194824.9598477
Key.space,1791194825.057351,1791194825.1345823
a,1791194825.1066723,1791194825.2088735
t,1791194825.1987727,1791194825.2813497
Key.space,1791194825.2547138,1791194825.348059
m,1791194825.4576027,1791194825.5316553
a,1791194825.4961824,1791194825.684772
k,1791194825.684772,1791194825.7156184
e,1791194825.7156184,1791194825.7836545
Key.space,1791194825.8345299,1791194825.9040883
i,1791194825.9849439,1791194826.1126392
n,1791194826.1146407,1791194826.1850507
t,1791194826.1710336,1791194826.240491
e,1791194826.2445025,1791194826.3802693
r,1791194826.3600414,1791194826.4610782
e,1791194826.4666786,1791194826.5169082
s,1791194826.603859,1791194826.7905838
t,1791194826.7937422,1791194826.7937422
Key.space,1791194826.7993007,1791194826.8687983
r,1791194827.0286002,1791194827.0907125
p,1791194826.9951649,1791194827.0907125
e,1791194827.182428,1791194827.2607245
e,1791194827.5108113,1791194827.59609
Key.backspace,1791194827.9588559,1791194828.0609405
s,1791194828.022873,1791194828.081871
e,1791194828.2310553,1791194828.2532084
n,1791194828.298906,1791194828.4088933
t,1791194828.4289517,1791194828.4985929
Key.space,1791194828.5502605,1791194828.624742
s,1791194828.659331,1791194828.7680652
t,1791194828.7784128,1791194828.8629942
a,1791194828.8489962,1791194828.9329984
n,1791194828.9691932,1791194829.0481532
d,1791194829.0860386,1791194829.1490679
Key.space,1791194829.1743622,1791194829.3437097
u,1791194829.3437097,1791194829.4210265
n,1791194829.438971,1791194829.520626
d,1791194829.5350127,1791194829.5937395
e,1791194829.5771136,1791194829.7353725
Key.space,1791194829.786339,1791194829.84413
o,1791194829.9508576,1791194830.068912
n,1791194830.068912,1791194830.1362727
l,1791194830.2550204,1791194830.5114083
y,1791194830.5148592,1791194830.5148592
Key.space,1791194830.5766373,1791194830.6693363
s,1791194830.7348964,1791194830.8458872
t,1791194830.850669,1791194830.9322162
a,1791194830.940406,1791194831.0352197
n,1791194831.049075,1791194831.1442866
d,1791194831.175959,1791194831.2557273
Key.space,1791194831.2763712,1791194831.3879063
g,1791194831.8653314,1791194831.9356084
o,1791194831.9467828,1791194832.0644672
d,1791194832.2578397,1791194832.3353832
Key.space,1791194832.7972107,1791194832.8666122
u,1791194833.048309,1791194833.1887307
n,1791194833.1974037,1791194833.2877245
d,1791194833.333289,1791194833.464749
e,1791194833.4492202,1791194833.5900588
r,1791194833.5415347,1791194833.641889
Key.space,1791194833.6511135,1791194833.7208557
w,1791194833.7932065,1791194833.917783
i,1791194833.917783,1791194833.9985104
t,1791194834.0007029,1791194834.0642269
h,1791194834.0521276,1791194834.1279914
Key.space,1791194834.2394726,1791194834.2996695
w,1791194834.5866096,1791194834.7138798
a,1791194834.6720078,1791194834.7894328
y,1791194834.8532858,1791194834.9877698
Key.space,1791194835.0222468,1791194835.1157389
r,1791194835.2726307,1791194835.3740916
u,1791194835.3547006,1791194835.4552178
n,1791194835.4810286,1791194835.5376499
Key.space,1791194835.64085,1791194835.722986
a,1791194835.8652437,1791194835.9568732
n,1791194836.0670853,1791194836.086405
o,1791194836.1421335,1791194836.2802134
t,1791194836.2468562,1791194836.3239903
h,1791194836.3557777,1791194836.44611
e,1791194836.450166,1791194836.5587783
r,1791194836.5151112,1791194836.6256423
Key.space,1791194836.628608,1791194836.7293422
a,1791194836.8511784,1791194836.9652486
Key.space,1791194836.9760883,1791194837.0549405
g,1791194837.1672325,1791194837.2066948
o,1791194837.2264724,1791194837.2872858
o,1791194837.3578343,1791194837.4531388
d,1791194837.4328635,1791194837.5135293
Key.space,1791194837.5616493,1791194837.6485376
t,1791194837.66217,1791194837.7338603
h,1791194837.7978897,1791194837.8746796
i,1791194837.886912,1791194838.051369
n,1791194838.0194254,1791194838.0827687
k,1791194838.2393034,1791194838.2672858
Key.space,1791194838.4189792,1791194838.4974272
w,1791194838.530843,1791194838.6247513
h,1791194838.6355531,1791194838.7043865
i,1791194838.7282727,1791194838.824276
l,1791194838.9494793,1791194839.003695
e,1791194839.130944,1791194839.2179835
Key.space,1791194839.34247,1791194839.36662
m,1791194839.5690851,1791194839.6577973
u,1791194839.7310588,1791194839.8721874
c,1791194839.8344872,1791194839.9113734
h,1791194839.9361885,1791194839.9928145
Key.space,1791194840.0850751,1791194840.1785402
b,1791194840.260036,1791194840.3528082
a,1791194840.3020728,1791194840.4518986
c,1791194840.4371378,1791194840.4873698
k,1791194840.5219824,1791194840.6142602
Key.space,1791194840.7296243,1791194840.8270433
s,1791194840.8179293,1791194840.9197934
c,1791194840.9238074,1791194840.9894924
h,1791194841.0052085,1791194841.0755997
o,1791194841.1541226,1791194841.256468
o,1791194841.3236094,1791194841.399584
l,1791194841.5596201,1791194841.6408877
Key.space,1791194841.7659602,1791194841.8462586
a,1791194841.9000857,1791194841.9471264
n,1791194842.0002532,1791194842.0211878
u,1791194842.1550832,1791194842.2559876
Key.esc,1791194845.1616197,1791194845.2539086
p,1791196902.801743,1791196902.9163225
l,1791196902.9244113,1791196903.0251055
a,1791196903.0395095,1791196903.1554003
y,1791196903.2351215,1791196903.3976176
Key.space,1791196903.3976176,1791196903.4138288
l,1791196903.5530803,1791196903.6328192
i,1791196903.7306414,1791196903.8016737
k,1791196903.9039695,1791196903.9851942
e,1791196903.9894693,1791196904.0762239
Key.space,1791196904.115865,1791196904.1885831
c,1791196904.2918785,1791196904.3874469
o,1791196904.3673327,1791196904.490186
m,1791196904.4774032,1791196904.5426962
e,1791196904.5674045,1791196904.6624355
Key.space,1791196904.6375284,1791196904.7038496
h,1791196904.8337314,1791196904.912136
a,1791196904.8832192,1791196905.0097804
v,1791196905.04246,1791196905.15581
e,1791196905.0996685,1791196905.2234106
Key.space,1791196905.2291682,1791196905.2979789
w,1791196905.340206,1791196905.4690845
h,1791196905.4711056,1791196905.5849822
e,1791196905.5928314,1791196905.6717336
n,1791196905.6742437,1791196905.7253
Key.space,1791196905.8462608,1791196905.8913472
w,1791196905.9184568,1791196906.0097046
o,1791196906.0409355,1791196906.1513112
r,1791196906.1739008,1791196906.274923
l,1791196906.3147511,1791196906.4056447
d,1791196906.438844,1791196906.5469291
Key.space,1791196906.5362613,1791196906.6683922
t,1791196906.705642,1791196906.8090281
h,1791196906.8148563,1791196906.9019995
e,1791196906.9225936,1791196906.9892552
s,1791196907.0816388,1791196907.1612296
e,1791196907.2387676,1791196907.3430192
Key.space,1791196907.3301568,1791196907.4020884
e,1791196907.4353628,1791196907.5585506
a,1791196907.5078657,1791196907.7634354
c,1791196907.631162,1791196907.7634354
h,1791196907.7634354,1791196907.8158548
Key.space,1791196907.9058483,1791196907.9828086
o,1791196908.064345,1791196908.2016664
f,1791196908.1759126,1791196908.2546122
Key.space,1791196908.2756085,1791196908.3445916
c,1791196908.3763,1791196908.4661138
o,1791196908.4151587,1791196908.5509846
u,1791196908.6162865,1791196908.7131708
l,1791196908.85439,1791196908.9227295
d,1791196908.951203,1791196909.0507188
Key.space,1791196909.0915687,1791196909.156291
p,1791196909.249551,1791196909.3908608
u,1791196909.4389274,1791196909.5211706
b,1791196909.5395112,1791196909.651776
l,1791196909.716459,1791196909.8196454
i,1791196909.9498615,1791196910.0407794
c,1791196910.01591,1791196910.0973473
Key.space,1791196910.134613,1791196910.2005105
h,1791196910.3259332,1791196910.4215016
o,1791196910.4541807,1791196910.6187153
m,1791196910.5961597,1791196910.674878
e,1791196910.7029657,1791196910.7880917
Key.space,1791196910.801565,1791196910.8524907
h,1791196911.0928063,1791196911.0946107
a,1791196911.0946107,1791196911.1518846
n,1791196911.214008,1791196911.2834527
d,1791196911.3353703,1791196911.4343963
Key.space,1791196911.4343963,1791196911.4976661
n,1791196911.6810606,1791196911.6932528
o,1791196911.5705388,1791196911.7005835
Key.space,1791196911.801084,1791196911.897812
y,1791196911.9585438,1791196912.0532763
o,1791196912.0532763,1791196912.1861038
u,1791196912.1861038,1791196912.2060308
Key.space,1791196912.3837924,1791196912.4853792
o,1791196912.5679169,1791196912.69038
r,1791196912.6980457,1791196912.7999337
Key.space,1791196912.8609366,1791196912.9263992
s,1791196912.990558,1791196913.1017947
e,1791196913.41385,1791196913.5472686
t,1791196913.5033538,1791196913.618578
Key.space,1791196913.668135,1791196913.7501109
p,1791196913.9152367,1791196914.0335593
e,1791196914.0031202,1791196914.1363611
r,1791196914.1102436,1791196914.2020545
s,1791196914.254549,1791196914.4076612
o,1791196914.4076612,1791196914.478416
n,1791196914.481035,1791196914.5150902
Key.space,1791196914.622656,1791196914.7019317
m,1791196914.8270786,1791196914.9197235
o,1791196914.9534016,1791196915.0849335
v,1791196915.050722,1791196915.1761346
Key.space,1791196915.256436,1791196915.3117504
e,1791196915.207982,1791196915.3359866
t,1791196915.4949098,1791196915.5461128
u,1791196915.5578637,1791196915.6909318
r,1791196915.6988218,1791196915.803475
n,1791196915.803475,1791196915.8718622
Key.space,1791196915.962015,1791196916.047984
w,1791196916.0600774,1791196916.1497898
h,1791196916.1844387,1791196916.2482243
i,1791196916.2555585,1791196916.4020405
l,1791196916.5878596,1791196916.5878596
e,1791196916.59985,1791196916.6689634
Key.space,1791196916.8002317,1791196916.907898
w,1791196916.8763218,1791196917.0002954
a,1791196916.9669414,1791196917.0933778
n,1791196917.1448338,1791196917.235879
t,1791196917.2630591,1791196917.355116
Key.space,1791196917.3669968,1791196917.4425077
n,1791196917.5562155,1791196917.6912735
o,1791196917.7011173,1791196917.8496752
t,1791196917.8556151,1791196917.9502919
Key.space,1791196917.9027708,1791196917.9878747
b,1791196918.114182,1791196918.1840715
y,1791196918.2060452,1791196918.3159308
Key.space,1791196918.3356657,1791196918.4143534
t,1791196918.4360719,1791196918.538684
h,1791196918.5545688,1791196918.648735
e,1791196918.6328752,1791196918.7985508
s,1791196918.8078275,1791196918.9004986
e,1791196918.991686,1791196919.0832233
Key.space,1791196919.0832233,1791196919.1482954
b,1791196919.2669747,1791196919.3444295
e,1791196919.2990236,1791196919.4072607
g,1791196919.4720778,1791196919.5628364
i,1791196919.5699418,1791196919.726507
n,1791196919.6969006,1791196919.756985
Key.space,1791196919.9087782,1791196919.9196117
e,1791196919.9260318,1791196920.0212884
n,1791196920.047624,1791196920.1309748
d,1791196920.1791344,1791196920.2880325
Key.space,1791196920.2621877,1791196920.3310835
i,1791196920.3834536,1791196920.5148377
f,1791196920.4824104,1791196920.587023
Key.space,1791196920.592892,1791196920.6644247
a,1791196920.6405458,1791196920.7400842
a,1791196920.8808675,1791196921.0003116
i,1791196921.0327418,1791196921.1352057
n,1791196921.1146984,1791196921.2273934
s,1791196921.247909,1791196921.4206655
t,1791196921.3837435,1791196921.4862983
Key.space,1791196921.5318108,1791196921.6178267
w,1791196921.798158,1791196921.8917043
o,1791196921.8759842,1791196922.0988984
r,1791196922.1030996,1791196922.116015
k,1791196922.128923,1791196922.2458744
Key.space,1791196922.3470461,1791196922.4292624
f,1791196922.510192,1791196922.6019003
o,1791196922.6178176,1791196922.7371433
r,1791196922.7473376,1791196922.8252132
m,1791196922.8510637,1791196922.9349668
Key.space,1791196923.0370135,1791196923.125005
s,1791196923.2299113,1791196923.237565
e,1791196923.3380885,1791196923.4200277
e,1791196923.489067,1791196923.594949
Key.space,1791196923.617941,1791196923.6984868
b,1791196924.1733756,1791196924.3343587
e,1791196924.363841,1791196924.4895089
g,1791196924.622938,1791196924.7239933
i,1791196924.7591567,1791196924.8753762
n,1791196924.8564527,1791196924.9513206
Key.space,1791196925.0292485,1791196925.1209934
s,1791196925.130547,1791196925.2218306
h,1791196925.2643433,1791196925.4262953
o,1791196925.427802,1791196925.518021
u,1791196925.4975526,1791196925.585233
k,1791196925.7471488,1791196925.7876344
d,1791196925.819495,1791196925.8505597
Key.space,1791196926.5155032,1791196926.5188682
n,1791196926.6115632,1791196926.7423584
o,1791196926.7596722,1791196926.9135115
w,1791196926.8775058,1791196926.9671881
Key.space,1791196926.9987571,1791196927.0514824
b,1791196927.1614428,1791196927.2358553
e,1791196927.1852152,1791196927.3002574
f,1791196927.3023498,1791196927.406559
o,1791196927.4208922,1791196927.6044962
r,1791196927.6044962,1791196927.6824808
e,1791196927.6044962,1791196927.7201042
Key.space,1791196927.7085812,1791196927.7861285
d,1791196927.8248014,1791196927.930413
u,1791196927.9158733,1791196928.0148456
r,1791196928.0629277,1791196928.1542244
i,1791196928.1370482,1791196928.267993
n,1791196928.2332811,1791196928.3299367
g,1791196928.3750381,1791196928.478322
Key.space,1791196928.463485,1791196928.5553117
a,1791196928.7093852,1791196928.8351135
r,1791196928.8126965,1791196928.8936055
o,1791196928.8999865,1791196929.0333934
u,1791196929.0489209,1791196929.14799
n,1791196929.263586,1791196929.3579562
d,1791196929.3737507,1791196929.453758
Key.space,1791196929.4686027,1791196929.5168273
k,1791196929.784082,1791196929.7855883
a,1791196929.7874012,1791196929.883
Key.backspace,1791196930.162237,1791196930.2305865
Key.backspace,1791196930.3636553,1791196930.4814317
a,1791196930.533974,1791196930.5904315
l,1791196930.6061547,1791196930.7632399
Key.backspace,1791196930.8832994,1791196930.9333217
Key.backspace,1791196931.0080762,1791196931.100045
l,1791196931.1789172,1791196931.3200967
a,1791196931.3294904,1791196931.4475315
r,1791196931.3922675,1791196931.509377
g,1791196931.6146624,1791196931.746892
g,1791196931.7626686,1791196931.7685847
e,1791196931.7626686,1791196931.870997
Key.space,1791196931.974335,1791196932.001597
e,1791196932.1684382,1791196932.228401
n,1791196932.2722623,1791196932.3991196
d,1791196932.5036626,1791196932.5394282
Key.space,1791196932.7805195,1791196932.8515027
l,1791196933.063552,1791196933.0681891
o,1791196933.1501684,1791196933.310834
n,1791196933.2953682,1791196933.386914
g,1791196933.4173622,1791196933.4824493
Key.space,1791196933.50899,1791196933.5911233
n,1791196933.6739976,1791196933.76194
e,1791196933.7127392,1791196933.7839594
e,1791196933.8637464,1791196933.9748037
d,1791196933.9652858,1791196934.0657768
Key.space,1791196934.1635685,1791196934.1758676
h,1791196934.3169358,1791196934.4032137
Key.backspace,1791196934.9000373,1791196934.9936988
c,1791196935.0566697,1791196935.1453729
h,1791196935.1730742,1791196935.2704883
a,1791196935.2840576,1791196935.3755405
n,1791196935.4250977,1791196935.5113041
g,1791196935.5150392,1791196935.6513371
e,1791196935.6282675,1791196935.744271
Key.space,1791196935.7495327,1791196935.8353546
g,1791196935.962367,1791196936.0742838
o,1791196936.0995328,1791196936.2219915
v,1791196936.2032745,1791196936.3627236
e,1791196936.3627236,1791196936.468676
r,1791196936.4328089,1791196936.5157702
n,1791196936.5341628,1791196936.6046886
Key.space,1791196936.7121444,1791196936.7835636
u,1791196936.8841507,1791196937.0030746
n,1791196937.0193422,1791196937.1210358
d,1791196937.1302433,1791196937.2336054
e,1791196937.1853597,1791196937.3493304
r,1791196937.3114233,1791196937.4608414
Key.space,1791196937.465869,1791196937.5608418
s,1791196937.5319233,1791196937.6796706
m,1791196937.6954267,1791196937.7828538
a,1791196937.7652225,1791196937.8696518
l,1791196937.9312246,1791196937.9886773
l,1791196938.0426486,1791196938.126939
Key.space,1791196938.2498026,1791196938.3013628
p,1791196938.395067,1791196938.5546844
l,1791196938.5546844,1791196938.6344283
a,1791196938.5982847,1791196938.7442327
c,1791196938.7187457,1791196938.8341436
e,1791196938.7963989,1791196938.9015431
Key.space,1791196938.9015431,1791196938.9922223
s,1791196939.128558,1791196939.2127411
i,1791196939.2641582,1791196939.3320277
=,1791196939.5454867,1791196939.6626606
t,1791196939.66498,1791196939.7352488
i,1791196939.7760606,1791196939.82934
Key.backspace,1791196939.9413238,1791196940.0112057
Key.backspace,1791196940.085682,1791196940.16099
Key.backspace,1791196940.2332342,1791196940.2987955
Key.backspace,1791196940.367324,1791196940.445063
t,1791196940.5073028,1791196940.5871656
i,1791196940.93429,1791196941.0176823
l,1791196941.2551627,1791196941.3329644
l,1791196941.3969405,1791196941.4584308
Key.space,1791196941.5934186,1791196941.650512
o,1791196941.7552795,1791196941.8874314
e,1791196941.9019945,1791196941.9255977
Key.backspace,1791196942.2412515,1791196942.3400958
v,1791196942.303413,1791196942.4080715
e,1791196942.392302,1791196942.5410984
r,1791196942.5197215,1791196942.6260855
Key.space,1791196942.6297772,1791196942.7134945
d,1791196942.7787514,1791196942.9806633
o,1791196942.9821525,1791196942.9930286
Key.space,1791196943.0446281,1791196943.1504226
s,1791196943.1504226,1791196943.217685
e,1791196943.312715,1791196943.395882
e,1791196943.4455717,1791196943.5286815
m,1791196943.4833853,1791196943.569494
Key.space,1791196943.648201,1791196943.7181714
l,1791196943.8633304,1791196943.934611
e,1791196943.8852015,1791196944.0621576
a,1791196943.9714737,1791196944.106022
d,1791196944.0621576,1791196944.1778734
Key.space,1791196944.209314,1791196944.278429
n,1791196944.3805964,1791196944.4684052
o,1791196944.4811835,1791196944.6107385
w,1791196944.6040018,1791196944.663634
Key.space,1791196944.6944532,1791196944.790849
c,1791196944.7940989,1791196944.893583
o,1791196944.8973353,1791196945.0031648
n,1791196944.9844277,1791196945.1634526
s,1791196945.2610166,1791196945.3309972
i,1791196945.4994678,1791196945.629035
d,1791196945.6404881,1791196945.7518384
e,1791196945.7675953,1791196945.914968
r,1791196945.8491514,1791196945.9639614
Key.space,1791196945.969363,1791196946.0377944
l,1791196946.2550776,1791196946.2593334
o,1791196946.3246107,1791196946.4879096
n,1791196946.4879096,1791196946.5833733
g,1791196946.591725,1791196946.6848788
Key.space,1791196946.7029364,1791196946.7681725
n,1791196946.879961,1791196946.9799728
o,1791196946.9835513,1791196947.1370947
w,1791196947.1003203,1791196947.1531231
Key.space,1791196947.216546,1791196947.3434129
a,1791196947.3434129,1791196947.3593688
Key.space,1791196947.413703,1791196947.4993753
c,1791196947.5200663,1791196947.5900712
a,1791196947.6873002,1791196947.7765834
l,1791196947.798665,1791196947.849242
l,1791196947.9460382,1791196948.0053635
Key.space,1791196948.1313074,1791196948.19501
h,1791196948.2396677,1791196948.330558
o,1791196948.433008,1791196948.4657767
l,1791196948.5394835,1791196948.6129715
d,1791196948.7095523,1791196948.8197567
Key.space,1791196948.8667397,1791196948.9823232
e,1791196949.097734,1791196949.2682705
a,1791196949.215908,1791196949.3236864
r,1791196949.2545803,1791196949.3605657
l,1791196949.3835742,1791196949.528871
y,1791196949.5314443,1791196949.6327605
Key.space,1791196949.6985953,1791196949.783536
u,1791196949.9326978,1791196950.051262
n,1791196950.0831547,1791196950.1755006
d,1791196950.194032,1791196950.2704768
e,1791196950.2422397,1791196950.3963578
r,1791196950.3484702,1791196950.480032
Key.space,1791196950.480032,1791196950.6282413
c,1791196950.6323562,1791196950.7380853
a,1791196950.7380853,1791196950.8196702
n,1791196950.8216763,1791196950.88036
Key.space,1791196950.969337,1791196951.0651364
m,1791196951.1589282,1791196951.2672255
o,1791196951.2996476,1791196951.4478376
r,1791196951.4152524,1791196951.561131
e,1791196951.4719532,1791196951.6191013
Key.space,1791196951.6191013,1791196951.7143135
l,1791196951.8172123,1791196951.919107
a,1791196951.9362137,1791196952.0661356
t,1791196952.0271282,1791196952.150311
e,1791196952.0947475,1791196952.2032735
Key.space,1791196952.2175531,1791196952.2849326
l,1791196952.4092386,1791196952.49832
i,1791196952.611641,1791196952.6947703
t,1791196952.809133,1791196952.809133
t,1791196952.8717844,1791196952.9796596
l,1791196952.9796596,1791196953.0672727
e,1791196953.102905,1791196953.218527
Key.space,1791196953.234143,1791196953.3114653
g,1791196953.3949516,1791196953.4560966
h,1791196953.3840828,1791196953.4656963
o,1791196953.4668245,1791196953.6111465
m,1791196953.5923948,1791196953.677616
Key.space,1791196953.795241,1791196953.8985968
w,1791196954.3316648,1791196954.436564
o,1791196954.4112937,1791196954.5465915
r,1791196954.5478997,1791196954.6010714
u,1791196954.6148188,1791196954.6972706
Key.backspace,1791196954.9824955,1791196954.9970858
Key.backspace,1791196955.0676022,1791196955.187892
Key.esc,1791196955.5161939,1791196955.602185
Key.esc,1791196983.7240026,1791196983.8264277
s,1791197060.3835554,1791197060.4899855
y,1791197060.4909914,1791197060.5805354
s,1791197060.5698502,1791197060.6824057
t,1791197060.7904456,1791197060.8821068
e,1791197060.819228,1791197060.933688
j,1791197060.9752018,1791197061.053281
Key.space,1791197061.1839197,1791197061.241231
j,1791197061.6356876,1791197061.7231114
a,1791197061.7276168,1791197061.8111095
Key.space,1791197062.0671968,1791197062.0906134
l,1791197062.575727,1791197062.6955528
a,1791197062.7633653,1791197062.9197795
s,1791197062.8432674,1791197062.99014
t,1791197062.9922,1791197063.0915968
Key.space,1791197063.1088479,1791197063.2040436
e,1791197063.3195412,1791197063.4920907
a,1791197063.4329696,1791197063.5735762
c,1791197063.5111153,1791197063.5941765
h,1791197063.6211135,1791197063.7732742
Key.space,1791197063.8110144,1791197063.892118
s,1791197063.8987265,1791197064.0010908
m,1791197064.041418,1791197064.10096
a,1791197064.172927,1791197064.273632
l,1791197064.309738,1791197064.357485
l,1791197064.4572012,1791197064.5053298
Key.space,1791197064.6236186,1791197064.707974
s,1791197064.767707,1791197064.8661335
h,1791197064.8836594,1791197064.9557452
e,1791197064.972685,1791197065.0599685
Key.space,1791197065.0838943,1791197065.1763308
s,1791197065.2034624,1791197065.2956827
u,1791197065.3007467,1791197065.424974
c,1791197065.4125266,1791197065.49191
h,1791197065.5001748,1791197065.5673637
Key.space,1791197065.692561,1791197065.760247
r,1791197065.786822,1791197065.858452
i,1791197065.9755096,1791197066.0028956
g,1791197066.0079508,1791197066.090923
h,1791197066.07837,1791197066.1932223
t,1791197066.2420294,1791197066.3260596
Key.space,1791197066.3270595,1791197066.3988657
p,1791197066.5146115,1791197066.660806
e,1791197066.616613,1791197066.718632
r,1791197066.673102,1791197066.7842746
s,1791197066.8409123,1791197066.9078417
o,1791197066.8869627,1791197067.0727336
n,1791197067.074107,1791197067.0888822
Key.space,1791197067.1709566,1791197067.2698169
a,1791197067.312164,1791197067.4059813
l,1791197067.4370818,1791197067.5011525
l,1791197067.5996032,1791197067.6360054
Key.space,1791197067.7666025,1791197067.8241446
b,1791197067.9335554,1791197068.017386
e,1791197067.9912872,1791197068.1572568
f,1791197068.158358,1791197068.2273781
o,1791197068.265589,1791197068.4062586
r,1791197068.4087918,1791197068.532488
e,1791197068.476075,1791197068.5806644
Key.space,1791197068.591109,1791197068.6826694
o,1791197068.762355,1791197068.894771
t,1791197068.899348,1791197068.9882953
h,1791197069.0108976,1791197069.1038787
e,1791197069.1244676,1791197069.2692678
r,1791197069.2679145,1791197069.3044581
Key.space,1791197069.2866886,1791197069.36565
p,1791197069.4784305,1791197069.6047285
l,1791197069.6069126,1791197069.695599
a,1791197069.7172673,1791197069.8295784
n,1791197069.8509922,1791197069.9162962
Key.space,1791197070.0274727,1791197070.1066904
w,1791197070.0837872,1791197070.2066572
a,1791197070.1665215,1791197070.3684294
y,1791197070.3694367,1791197070.4117477
Key.space,1791197070.7115083,1791197070.7409015
m,1791197070.9696262,1791197071.0707686
a,1791197071.146688,1791197071.2785482
y,1791197071.2842383,1791197071.4633613
Key.space,1791197071.4647908,1791197071.5441911
p,1791197071.7283683,1791197071.863184
e,1791197071.8644245,1791197071.9568968
o,1791197071.9583886,1791197072.066619
p,1791197072.162774,1791197072.2412934
l,1791197072.2510753,1791197072.3428304
e,1791197072.4357138,1791197072.5670078
Key.space,1791197072.5682526,1791197072.5977256
t,1791197072.6540508,1791197072.7510993
h,1791197072.7650516,1791197072.8418114
i,1791197072.8613045,1791197073.0309892
n,1791197073.0069528,1791197073.099284
g,1791197073.101286,1791197073.1849537
Key.space,1791197073.2070339,1791197073.2920501
s,1791197073.3263223,1791197073.4158952
i,1791197073.443909,1791197073.5379863
n,1791197073.5166593,1791197073.6694105
c,1791197073.6704187,1791197073.7790582
e,1791197073.7389956,1791197073.8302066
Key.space,1791197073.7897778,1791197073.8743973
p,1791197073.9863544,1791197074.1072512
u,1791197074.1629274,1791197074.2354665
b,1791197074.26543,1791197074.3613925
l,1791197074.4212916,1791197074.508386
i,1791197074.6167548,1791197074.769515
c,1791197074.77068,1791197074.8274276
Key.space,1791197074.8645265,1791197074.964744
f,1791197075.0560799,1791197075.1439803
r,1791197075.2308638,1791197075.3187282
m,1791197075.4222257,1791197075.4332407
o,1791197075.3041165,1791197075.441925
Key.space,1791197075.5713055,1791197075.6787548
o,1791197075.7760668,1791197075.8794205
n,1791197075.8782647,1791197075.926836
Key.space,1791197075.9964664,1791197076.0928366
b,1791197076.1828582,1791197076.2787082
a,1791197076.3102167,1791197076.4116526
c,1791197076.324661,1791197076.4390957
k,1791197076.4812963,1791197076.5615203
Key.space,1791197076.6771023,1791197076.7359629
y,1791197076.8749104,1791197076.995172
e,1791197076.9989974,1791197077.1529362
a,1791197077.0628324,1791197077.2242882
r,1791197077.1643763,1791197077.2751045
Key.space,1791197077.2765667,1791197077.346402
p,1791197077.4565647,1791197077.578769
a,1791197077.5832503,1791197077.6906476
r,1791197077.606894,1791197077.7192059
t,1791197077.8114905,1791197077.9199564
Key.space,1791197077.9625866,1791197078.0854461
c,1791197078.092249,1791197078.1810086
o,1791197078.197787,1791197078.3227878
u,1791197078.3271651,1791197078.4279828
r,1791197078.4704297,1791197078.6107898
s,1791197078.6163507,1791197078.740118
e,1791197078.8078969,1791197078.9224517
Key.space,1791197078.9326866,1791197078.9964013
o,1791197079.079721,1791197079.2233148
u,1791197079.213695,1791197079.3105342
t,1791197079.3343463,1791197079.437004
Key.space,1791197079.4488983,1791197079.5407841
o,1791197079.6087146,1791197079.737789
f,1791197079.6974952,1791197079.7675517
f,1791197079.8438177,1791197079.9508362
Key.space,1791197079.913665,1791197080.0073154
p,1791197080.098222,1791197080.307261
r,1791197080.1906521,1791197080.3402183
e,1791197080.3083613,1791197080.3660135
s,1791197080.48058,1791197080.529388
e,1791197080.6264753,1791197080.6958563
n,1791197080.717219,1791197080.7951493
t,1791197080.827731,1791197080.9114518
Key.space,1791197080.92096,1791197080.9990046
h,1791197081.1148908,1791197081.1999125
e,1791197081.1461463,1791197081.3953142
a,1791197081.2459915,1791197081.3975542
d,1791197081.396356,1791197081.4509494
Key.space,1791197081.4885828,1791197081.565745
c,1791197081.5945637,1791197081.671301
o,1791197081.7313526,1791197081.8570018
m,1791197081.8956351,1791197081.9052956
Key.space,1791197082.1072712,1791197082.150049
e,1791197082.1221502,1791197082.2182047
h,1791197082.9339318,1791197083.0326388
a,1791197083.044791,1791197083.1335936
n,1791197083.1951678,1791197083.2703025
Key.space,1791197083.3768206,1791197083.466823
h,1791197083.6714013,1791197083.7632294
Key.backspace,1791197084.063819,1791197084.1346788
s,1791197084.1742632,1791197084.2626336
h,1791197084.2829125,1791197084.3662708
o,1791197084.3936338,1791197084.5205941
w,1791197084.505732,1791197084.5936832
Key.space,1791197084.6286752,1791197084.7590225
o,1791197084.7648134,1791197084.8841462
f,1791197084.8861992,1791197084.9669108
Key.space,1791197084.9743783,1791197085.0432997
l,1791197085.1686318,1791197085.2307026
i,1791197085.3507388,1791197085.460206
f,1791197085.4954634,1791197085.5913866
e,1791197085.5244412,1791197085.6273062
Key.space,1791197085.67205,1791197085.7411916
u,1791197085.8526108,1791197085.9582305
n,1791197085.9709232,1791197086.058209
d,1791197086.0592213,1791197086.1684787
e,1791197086.129572,1791197086.2706683
r,1791197086.272801,1791197086.3713267
Key.space,1791197086.3822467,1791197086.4561102
m,1791197086.5784938,1791197086.6793246
i,1791197086.7314205,1791197086.862825
g,1791197086.82921,1791197086.9543233
h,1791197086.95573,1791197087.0336199
t,1791197087.0554717,1791197087.1557806
Key.space,1791197087.1665902,1791197087.2843206
i,1791197087.3376427,1791197087.46141
n,1791197087.4625916,1791197087.5289552
Key.space,1791197087.5726347,1791197087.7391348
u,1791197087.796615,1791197087.892982
p,1791197088.0583508,1791197088.0632513
Key.space,1791197088.1586723,1791197088.2738612
h,1791197088.5183952,1791197088.6022022
o,1791197088.6672375,1791197088.7947063
k,1791197088.84406,1791197088.8549633
d,1791197089.00081,1791197089.1582022
Key.space,1791197089.1880286,1791197089.2644172
l,1791197089.4136176,1791197089.4785316
i,1791197089.5856204,1791197089.6903062
k,1791197089.7624314,1791197089.8530042
e,1791197089.9247735,1791197089.9988377
Key.space,1791197090.0337641,1791197090.113457
w,1791197090.1463277,1791197090.280553
a,1791197090.280553,1791197090.3467486
n,1791197090.3984413,1791197090.4767034
t,1791197090.7478726,1791197090.8664167
Key.space,1791197090.9236667,1791197091.0195565
a,1791197091.125902,1791197091.238546
r,1791197091.2245557,1791197091.283467
o,1791197091.3929157,1791197091.4169815
u,1791197091.4202933,1791197091.5093863
n,1791197091.6320786,1791197091.6861289
d,1791197091.762146,1791197091.8264673
Key.space,1791197091.8467615,1791197091.9410603
t,1791197091.9932706,1791197092.0834363
h,1791197092.1097863,1791197092.1836543
r,1791197092.2311327,1791197092.2993019
o,1791197092.3087893,1791197092.4938638
u,1791197092.3977313,1791197092.4938638
g,1791197092.5211394,1791197092.6151395
h,1791197092.6006653,1791197092.684871
Key.space,1791197092.8011742,1791197092.8666468
i,1791197092.927369,1791197093.0457492
t,1791197093.048503,1791197093.1362998
Key.space,1791197093.1102784,1791197093.199889
h,1791197093.3014772,1791197093.38788
a,1791197093.396207,1791197093.481852
n,1791197093.578913,1791197093.6223905
d,1791197093.6619732,1791197093.7367427
Key.space,1791197093.755351,1791197093.851521
w,1791197093.916735,1791197094.0195847
o,1791197094.0512848,1791197094.1765602
r,1791197094.1933408,1791197094.2767584
k,1791197094.2801108,1791197094.3757823
Key.space,1791197094.4854007,1791197094.5821102
s,1791197094.6894784,1791197094.7444081
Key.backspace,1791197095.0128114,1791197095.103901
w,1791197095.1461482,1791197095.2234852
i,1791197095.214713,1791197095.2859473
u,1791197095.433256,1791197095.5346596
l,1791197095.760725,1791197095.7982051
d,1791197095.922096,1791197096.0007992
Key.space,1791197096.0488307,1791197096.1267295
v,1791197096.4315624,1791197096.5446153
e,1791197096.5180645,1791197096.679392
r,1791197096.6484506,1791197096.7330077
y,1791197096.9260907,1791197097.0013852
Key.space,1791197097.179939,1791197097.2614682
a,1791197097.2892678,1791197097.3893569
f,1791197097.4420865,1791197097.4910724
t,1791197097.6027722,1791197097.6726258
e,1791197097.6820133,1791197097.8334885
r,1791197097.7988734,1791197097.8829644
Key.space,1791197097.984288,1791197098.0163298
a,1791197098.2045343,1791197098.2681818
Key.space,1791197098.2750852,1791197098.359826
u,1791197098.5904036,1791197098.6675751
Key.backspace,1791197099.2686348,1791197099.3807294
b,1791197099.5346975,1791197099.660257
u,1791197099.6656904,1791197099.792389
t,1791197099.8127668,1791197099.8926709
Key.space,1791197099.9086297,1791197099.9761653
o,1791197100.0585787,1791197100.1911821
e,1791197100.2791173,1791197100.3641233
Key.space,1791197100.3508713,1791197100.4469585
o,1791197100.6837885,1791197100.7750566
p,1791197100.8606138,1791197100.953203
e,1791197100.96645,1791197101.0668333
n,1791197101.1090617,1791197101.1735547
Key.space,1791197101.2799532,1791197101.3417425
h,1791197101.4665186,1791197101.5664032
a,1791197101.5699081,1791197101.6509404
n,1791197101.68292,1791197101.7765527
d,1791197101.812545,1791197101.9050286
Key.space,1791197101.9207742,1791197102.0124207
w,1791197102.1128352,1791197102.2426274
e,1791197102.2143214,1791197102.3623707
Key.space,1791197102.3645313,1791197102.3956926
b,1791197102.5064957,1791197102.563254
o,1791197102.6502092,1791197102.777937
t,1791197102.7445412,1791197102.809514
h,1791197102.8595595,1791197102.925985
Key.space,1791197103.0397341,1791197103.1256454
s,1791197103.078038,1791197103.2051976
a,1791197103.1892924,1791197103.2856262
y,1791197103.456838,1791197103.4598475
Key.space,1791197103.4917006,1791197103.5794222
p,1791197103.680703,1791197103.7924721
e,1791197103.8304453,1791197103.9207892
o,1791197103.9256592,1791197104.0113628
p,1791197104.1105173,1791197104.1938796
l,1791197104.2310467,1791197104.2782354
e,1791197104.3332229,1791197104.4334364
Key.space,1791197104.553168,1791197104.5674767
a,1791197104.5914176,1791197104.7024202
=,1791197105.1000438,1791197105.141658
n,1791197105.3001251,1791197105.3668027
Key.space,1791197105.8829587,1791197105.9787242
a,1791197106.0193543,1791197106.1399033
g,1791197106.1717236,1791197106.2545702
a,1791197106.2447884,1791197106.3182971
i,1791197106.3020358,1791197106.4435325
n,1791197106.4245527,1791197106.50251
s,1791197106.5290334,1791197106.5688334
Key.space,1791197106.930609,1791197107.023731
o,1791197107.1976516,1791197107.3161333
k,1791197107.3670235,1791197107.4587173
d,1791197107.492849,1791197107.5665143
Key.space,1791197107.6474369,1791197107.752373
w,1791197107.856018,1791197107.856018
o,1791197107.891185,1791197107.979054
r,1791197107.9945421,1791197108.0582306
k,1791197108.1350546,1791197108.1505804
d,1791197108.2814147,1791197108.3736613
Key.space,1791197108.4056294,1791197108.4837193
p,1791197108.625296,1791197108.7384393
e,1791197108.8186705,1791197108.9388525
o,1791197108.9428062,1791197108.9599304
p,1791197109.086077,1791197109.2141714
l,1791197109.197605,1791197109.2994666
e,1791197109.3639853,1791197109.4585526
Key.space,1791197109.4616368,1791197109.530406
i,1791197109.614144,1791197109.736329
n,1791197109.7250547,1791197109.8246365
t,1791197109.8618174,1791197110.034397
o,1791197110.034397,1791197110.0380425
Key.space,1791197110.0917118,1791197110.2185376
w,1791197110.2256274,1791197110.3292346
a,1791197110.5238526,1791197110.6147714
n,1791197110.791429,1791197110.8613775
t,1791197110.8978539,1791197111.0022967
Key.space,1791197111.0266974,1791197111.1507638
t,1791197111.1807733,1791197111.2572572
h,1791197111.300134,1791197111.3951304
s,1791197111.4641309,1791197111.5356224
o,1791197111.4109364,1791197111.5394278
e,1791197111.6369848,1791197111.7131183
Key.space,1791197111.7304206,1791197111.8219826
s,1791197111.8692644,1791197111.9176774
e,1791197112.016367,1791197112.0796828
Key.backspace,1791197112.3930504,1791197112.479122
w,1791197112.489791,1791197112.6482625
e,1791197112.6316614,1791197112.709648
Key.backspace,1791197112.8679965,1791197112.906214
Key.backspace,1791197112.995961,1791197113.0669842
Key.backspace,1791197113.14229,1791197113.2335012
w,1791197113.3469841,1791197113.4074833
e,1791197113.3581605,1791197113.4600506
l,1791197113.4492807,1791197113.534105
l,1791197113.5935695,1791197113.6756766
Key.space,1791197113.792762,1791197113.8789284
d,1791197113.958113,1791197114.0426538
a,1791197114.045252,1791197114.1480284
y,1791197114.2153964,1791197114.2967546
Key.space,1791197114.4393399,1791197114.441349
l,1791197114.5621836,1791197114.660855
a,1791197114.6675255,1791197114.8018622
r,1791197114.7381387,1791197114.8262684
g,1791197114.9577427,1791197115.0692687
e,1791197115.0283976,1791197115.1444285
Key.space,1791197115.179569,1791197115.265907
w,1791197115.2951655,1791197115.395088
o,1791197115.4090357,1791197115.5303063
r,1791197115.5387607,1791197115.61509
l,1791197115.6473925,1791197115.7412755
d,1791197115.7789667,1791197115.8785536
Key.space,1791197115.8945625,1791197115.9509296
p,1791197116.0651968,1791197116.1655004
o,1791197116.2579184,1791197116.37162
i,1791197116.4533424,1791197116.5120494
n,1791197116.5165536,1791197116.625227
t,1791197116.7047744,1791197116.7788656
Key.space,1791197116.8201697,1791197116.9070826
t,1791197116.9766605,1791197117.0586386
h,1791197117.0818849,1791197117.17387
e,1791197117.1758802,1791197117.247944
r,1791197117.2282834,1791197117.380096
e,1791197117.3574643,1791197117.4536917
Key.space,1791197117.4375775,1791197117.5195308
t,1791197117.5640254,1791197117.6957936
i,1791197117.6957936,1791197117.8186193
m,1791197117.8233216,1791197117.8822584
e,1791197117.961633,1791197118.0484102
Key.space,1791197118.1047204,1791197118.1902845
i,1791197118.2770936,1791197118.38502
f,1791197118.3911664,1791197118.470847
Key.space,1791197118.4934478,1791197118.5819943
h,1791197118.8034787,1791197118.8122468
e,1791197118.8363214,1791197118.902044
r,1791197118.8754761,1791197119.0312269
e,1791197118.9989333,1791197119.1065614
Key.space,1791197119.129553,1791197119.2354016
a,1791197119.246531,1791197119.3643074
t,1791197119.403237,1791197119.4640326
Key.space,1791197119.5364566,1791197119.6433165
a,1791197119.719171,1791197119.7568884
Key.backspace,1791197120.132179,1791197120.2423387
s,1791197120.2265997,1791197120.2563195
e,1791197120.373968,1791197120.4532523
t,1791197120.43745,1791197120.5285697
Key.space,1791197120.5485153,1791197120.6311114
n,1791197120.741396,1791197120.8160872
o,1791197120.8469884,1791197120.9936225
w,1791197120.9936225,1791197121.0662093
Key.space,1791197121.0815146,1791197121.1829846
e,1791197121.3316114,1791197121.4281445
n,1791197121.4748573,1791197121.5835338
d,1791197121.5733685,1791197121.6747234
Key.esc,1791197121.8730097,1791197121.9832244
